timestamp,cpu,ram,disco,latencia_ms,errores
2026-10-08T08:00:00,25.7,53.9,57.9,38,0
2026-10-08T08:01:00,28.4,54.8,58.0,39,0
2026-10-08T08:02:00,25.1,54.6,57.9,48,1
2026-10-08T08:03:00,27.8,54.5,57.5,49,0
2026-10-08T08:04:00,26.9,55.2,57.5,44,1
2026-10-08T08:05:00,26.9,56.2,57.6,43,0
2026-10-08T08:06:00,26.5,56.2,57.8,45,0
2026-10-08T08:07:00,27.9,55.6,57.7,44,0
2026-10-08T08:08:00,29.3,55.3,58.1,42,1
2026-10-08T08:09:00,29.0,57.1,58.5,36,0
2026-10-08T08:10:00,28.3,56.1,58.0,36,0
2026-10-08T08:11:00,25.5,55.2,58.0,42,1
2026-10-08T08:12:00,24.9,55.6,58.0,46,0
2026-10-08T08:13:00,24.6,54.5,58.0,44,0
2026-10-08T08:14:00,26.0,54.1,58.0,44,0
2026-10-08T08:15:00,23.4,55.7,58.0,44,0
2026-10-08T08:16:00,21.4,56.4,58.2,36,0
2026-10-08T08:17:00,22.7,54.3,58.2,37,0
2026-10-08T08:18:00,24.3,54.6,58.3,41,0
2026-10-08T08:19:00,25.5,55.5,,42,0
2026-10-08T08:20:00,27.0,54.9,58.1,36,0
2026-10-08T08:21:00,27.4,53.3,58.3,37,0
2026-10-08T08:22:00,26.4,52.0,58.3,40,0
2026-10-08T08:23:00,28.2,52.6,58.3,48,0
2026-10-08T08:24:00,28.1,52.4,58.5,49,0
2026-10-08T08:25:00,26.2,51.5,58.5,45,1
2026-10-08T08:26:00,25.8,49.8,58.4,45,0
2026-10-08T08:27:00,24.3,48.8,58.4,45,0
2026-10-08T08:28:00,24.4,51.2,58.4,36,0
2026-10-08T08:29:00,25.6,50.8,58.4,37,0
2026-10-08T08:30:00,26.7,51.7,58.7,38,1
2026-10-08T08:31:00,24.7,50.4,58.5,34,0
2026-10-08T08:32:00,25.7,52.4,58.0,30,0
2026-10-08T08:33:00,26.4,53.3,57.9,27,1
2026-10-08T08:34:00,25.7,53.8,57.8,34,0
2026-10-08T08:35:00,24.0,54.7,57.9,35,1
2026-10-08T08:36:00,24.0,55.2,58.1,44,1
2026-10-08T08:37:00,25.4,55.5,58.2,53,0
2026-10-08T08:38:00,24.3,54.4,58.4,54,2
2026-10-08T08:39:00,23.7,53.7,58.4,47,0
2026-10-08T08:40:00,23.2,52.9,58.5,52,0
2026-10-08T08:41:00,21.6,51.1,58.3,55,0
2026-10-08T08:42:00,20.6,51.1,58.2,44,0
2026-10-08T08:43:00,21.1,50.9,58.4,41,1
2026-10-08T08:44:00,22.2,52.8,58.2,31,0
2026-10-08T08:45:00,22.2,52.8,58.2,35,0
2026-10-08T08:46:00,22.0,51.8,57.9,31,1
2026-10-08T08:47:00,18.7,52.6,58.1,31,0
2026-10-08T08:48:00,18.4,52.8,58.0,43,0
2026-10-08T08:49:00,24.0,53.0,58.2,45,1
2026-10-08T08:50:00,22.6,53.1,58.1,41,0
2026-10-08T08:51:00,23.9,53.2,58.2,40,0
2026-10-08T08:52:00,23.6,53.3,58.0,37,0
2026-10-08T08:53:00,24.3,54.3,57.9,39,1
2026-10-08T08:54:00,23.1,55.6,57.6,37,0
2026-10-08T08:55:00,24.9,53.6,57.6,37,1
2026-10-08T08:56:00,27.5,52.8,57.8,32,0
2026-10-08T08:57:00,28.9,52.4,58.0,32,0
2026-10-08T08:58:00,25.8,53.1,58.0,31,0
2026-10-08T08:59:00,26.0,53.8,58.1,36,0
2026-10-08T09:00:00,27.1,54.7,58.1,41,0
2026-10-08T09:01:00,28.2,56.7,58.0,43,0
2026-10-08T09:02:00,26.9,,58.1,37,0
2026-10-08T09:03:00,29.7,56.1,58.1,39,0
2026-10-08T09:04:00,30.5,54.7,57.9,38,1
2026-10-08T09:05:00,28.2,54.2,58.0,34,1
2026-10-08T09:06:00,27.4,54.4,57.7,34,0
2026-10-08T09:07:00,28.0,53.4,57.8,32,0
2026-10-08T09:08:00,20.5,53.9,57.6,25,0
2026-10-08T09:09:00,23.9,53.8,,32,0
2026-10-08T09:10:00,25.4,54.4,57.6,33,0
2026-10-08T09:11:00,28.3,53.9,57.7,28,0
2026-10-08T09:12:00,31.0,54.1,57.8,30,1
2026-10-08T09:13:00,28.0,54.3,57.7,34,1
2026-10-08T09:14:00,26.9,52.4,57.9,35,0
2026-10-08T09:15:00,24.4,53.7,58.1,38,0
2026-10-08T09:16:00,25.1,54.8,58.1,30,0
2026-10-08T09:17:00,25.8,54.2,57.7,26,1
2026-10-08T09:18:00,25.6,55.2,58.0,26,0
2026-10-08T09:19:00,24.3,55.6,58.6,22,0
2026-10-08T09:20:00,22.4,56.7,58.3,32,0
2026-10-08T09:21:00,21.0,55.9,58.4,37,0
2026-10-08T09:22:00,19.3,54.3,58.2,45,0
2026-10-08T09:23:00,24.8,53.4,,45,0
2026-10-08T09:24:00,25.6,53.0,58.2,46,1
2026-10-08T09:25:00,25.5,54.8,58.3,47,0
2026-10-08T09:26:00,26.7,55.3,58.1,45,0
2026-10-08T09:27:00,27.0,54.5,57.9,51,2
2026-10-08T09:28:00,29.7,55.9,57.8,52,0
2026-10-08T09:29:00,28.4,54.9,58.0,56,0
2026-10-08T09:30:00,27.1,55.7,58.2,49,1
2026-10-08T09:31:00,23.4,54.2,58.0,48,0
2026-10-08T09:32:00,25.7,55.1,58.1,50,0
2026-10-08T09:33:00,26.4,55.0,58.1,47,0
2026-10-08T09:34:00,26.6,54.4,58.0,48,0
2026-10-08T09:35:00,26.1,54.5,58.0,41,0
2026-10-08T09:36:00,26.7,54.6,58.0,40,0
2026-10-08T09:37:00,25.8,54.1,57.9,34,0
2026-10-08T09:38:00,25.0,56.0,57.9,40,0
2026-10-08T09:39:00,26.0,56.2,58.0,36,0
2026-10-08T09:40:00,24.5,56.1,57.8,40,1
2026-10-08T09:41:00,22.9,55.9,57.9,38,0
2026-10-08T09:42:00,26.0,54.3,57.8,40,0
2026-10-08T09:43:00,25.7,54.0,57.4,33,1
2026-10-08T09:44:00,23.2,55.4,57.5,36,0
2026-10-08T09:45:00,24.4,54.7,57.6,31,0
2026-10-08T09:46:00,24.8,54.9,57.7,37,0
2026-10-08T09:47:00,25.9,54.4,57.6,45,0
2026-10-08T09:48:00,27.4,53.3,57.9,41,0
2026-10-08T09:49:00,31.3,54.2,58.0,33,1
2026-10-08T09:50:00,30.4,54.3,57.9,38,1
2026-10-08T09:51:00,31.7,54.2,57.8,37,0
2026-10-08T09:52:00,31.9,54.4,57.8,32,0
2026-10-08T09:53:00,32.2,53.7,57.7,38,1
2026-10-08T09:54:00,27.8,53.1,57.6,45,1
2026-10-08T09:55:00,27.5,54.0,57.6,,0
2026-10-08T09:56:00,23.5,54.3,57.6,44,1
2026-10-08T09:57:00,25.3,54.7,57.8,37,0
2026-10-08T09:58:00,26.0,,57.7,34,0
2026-10-08T09:59:00,25.1,54.1,57.9,38,1
2026-10-08T10:00:00,25.5,53.2,57.9,36,0
2026-10-08T10:01:00,25.7,54.4,58.0,39,1
2026-10-08T10:02:00,29.9,55.7,57.9,34,0
2026-10-08T10:03:00,29.1,56.2,57.7,36,0
2026-10-08T10:04:00,28.9,56.2,57.7,42,1
2026-10-08T10:05:00,29.6,57.3,57.9,42,0
2026-10-08T10:06:00,28.0,58.1,58.0,38,2
2026-10-08T10:07:00,29.1,57.7,58.2,42,0
2026-10-08T10:08:00,31.5,55.9,58.1,43,0
2026-10-08T10:09:00,32.0,53.5,57.9,38,0
2026-10-08T10:10:00,29.5,,57.9,37,0
2026-10-08T10:11:00,27.8,54.1,57.8,37,0
2026-10-08T10:12:00,24.4,53.4,58.0,39,1
2026-10-08T10:13:00,29.1,54.8,57.8,42,0
2026-10-08T10:14:00,32.1,56.8,57.5,40,0
2026-10-08T10:15:00,27.8,55.0,57.7,41,1
2026-10-08T10:16:00,28.2,55.7,57.9,40,0
2026-10-08T10:17:00,26.9,54.6,57.9,44,0
2026-10-08T10:18:00,31.4,55.5,57.9,44,0
2026-10-08T10:19:00,30.0,53.2,58.0,51,0
2026-10-08T10:20:00,28.9,52.9,58.1,48,0
2026-10-08T10:21:00,28.4,52.9,58.2,41,0
2026-10-08T10:22:00,24.8,52.7,58.2,42,1
2026-10-08T10:23:00,29.9,51.7,58.0,37,0
2026-10-08T10:24:00,31.1,51.4,58.0,38,1
2026-10-08T10:25:00,30.6,52.2,58.0,37,0
2026-10-08T10:26:00,28.7,51.3,58.1,43,0
2026-10-08T10:27:00,28.2,52.7,57.9,53,0
2026-10-08T10:28:00,29.0,53.9,57.7,55,0
2026-10-08T10:29:00,30.0,54.4,58.0,47,0
2026-10-08T10:30:00,34.9,56.4,58.0,43,0
2026-10-08T10:31:00,31.9,55.6,58.0,42,0
2026-10-08T10:32:00,31.6,54.3,57.8,44,0
2026-10-08T10:33:00,28.3,54.6,58.3,44,0
2026-10-08T10:34:00,25.8,54.7,57.9,46,0
2026-10-08T10:35:00,25.9,54.9,58.0,51,0
2026-10-08T10:36:00,27.6,57.1,57.9,50,1
2026-10-08T10:37:00,29.6,56.9,58.1,54,0
2026-10-08T10:38:00,28.4,56.4,,53,0
2026-10-08T10:39:00,,57.0,57.9,42,1
2026-10-08T10:40:00,32.1,55.4,58.0,42,0
2026-10-08T10:41:00,29.9,55.4,57.9,44,1
2026-10-08T10:42:00,30.3,55.0,57.8,42,0
2026-10-08T10:43:00,28.0,52.7,57.7,44,0
2026-10-08T10:44:00,27.4,54.4,57.9,44,0
2026-10-08T10:45:00,28.4,52.1,58.1,,0
2026-10-08T10:46:00,26.3,53.7,58.1,35,0
2026-10-08T10:47:00,22.8,55.2,57.9,,0
2026-10-08T10:48:00,26.4,56.7,57.8,41,0
2026-10-08T10:49:00,27.2,55.7,57.5,41,0
2026-10-08T10:50:00,30.0,54.9,57.6,40,0
2026-10-08T10:51:00,31.0,54.6,57.7,45,0
2026-10-08T10:52:00,30.7,55.4,57.5,36,0
2026-10-08T10:53:00,29.4,55.5,57.8,34,0
2026-10-08T10:54:00,27.3,56.8,57.6,37,0
2026-10-08T10:55:00,29.7,55.9,57.6,39,0
2026-10-08T10:56:00,29.4,53.6,57.7,35,0
2026-10-08T10:57:00,28.7,52.9,57.7,41,0
2026-10-08T10:58:00,27.9,52.5,57.9,36,0
2026-10-08T10:59:00,29.6,53.4,57.8,42,0
2026-10-08T11:00:00,30.7,54.5,57.9,49,0
2026-10-08T11:01:00,29.5,56.3,58.2,48,1
2026-10-08T11:02:00,32.7,55.5,58.3,48,0
2026-10-08T11:03:00,31.6,56.4,58.2,50,0
2026-10-08T11:04:00,31.1,56.3,58.1,42,0
2026-10-08T11:05:00,30.0,56.2,58.1,45,0
2026-10-08T11:06:00,28.1,53.9,58.0,37,0
2026-10-08T11:07:00,25.0,51.6,57.9,40,0
2026-10-08T11:08:00,21.2,51.7,58.0,41,0
2026-10-08T11:09:00,19.7,52.5,58.0,47,0
2026-10-08T11:10:00,19.7,51.8,58.3,48,1
2026-10-08T11:11:00,19.6,53.0,58.1,44,1
2026-10-08T11:12:00,20.4,52.2,58.1,30,0
2026-10-08T11:13:00,24.8,53.4,58.0,29,0
2026-10-08T11:14:00,24.4,51.6,57.8,30,0
2026-10-08T11:15:00,24.5,53.1,57.9,44,0
2026-10-08T11:16:00,26.3,55.5,57.8,47,1
2026-10-08T11:17:00,25.3,53.9,57.8,43,0
2026-10-08T11:18:00,24.6,53.6,57.7,37,0
2026-10-08T11:19:00,22.0,53.7,57.9,37,0
2026-10-08T11:20:00,22.3,54.9,58.1,40,0
2026-10-08T11:21:00,23.0,53.9,58.3,43,1
2026-10-08T11:22:00,25.7,54.6,58.5,36,1
2026-10-08T11:23:00,25.9,53.7,58.4,37,0
2026-10-08T11:24:00,26.5,52.6,58.0,,0
2026-10-08T11:25:00,25.1,53.6,58.2,36,0
2026-10-08T11:26:00,25.1,55.8,58.1,42,0
2026-10-08T11:27:00,27.5,55.0,58.2,36,0
2026-10-08T11:28:00,23.1,54.9,58.3,37,0
2026-10-08T11:29:00,22.0,55.4,58.1,44,0
2026-10-08T11:30:00,23.9,55.0,58.0,53,0
2026-10-08T11:31:00,24.2,55.7,57.7,46,0
2026-10-08T11:32:00,24.8,54.9,57.8,43,0
2026-10-08T11:33:00,24.0,53.5,57.9,36,0
2026-10-08T11:34:00,27.1,54.0,57.8,35,0
2026-10-08T11:35:00,26.4,54.6,57.7,40,1
2026-10-08T11:36:00,27.5,55.2,57.9,36,0
2026-10-08T11:37:00,32.1,55.6,57.8,39,0
2026-10-08T11:38:00,29.9,53.2,57.7,38,0
2026-10-08T11:39:00,28.6,55.0,58.2,37,1
2026-10-08T11:40:00,29.8,55.6,58.3,33,0
2026-10-08T11:41:00,30.2,54.7,58.3,27,0
2026-10-08T11:42:00,30.9,55.1,58.2,30,0
2026-10-08T11:43:00,30.5,55.1,58.2,24,0
2026-10-08T11:44:00,27.1,55.6,58.1,29,0
2026-10-08T11:45:00,28.3,55.9,57.9,40,1
2026-10-08T11:46:00,29.5,57.2,58.0,35,0
2026-10-08T11:47:00,30.1,57.1,58.0,36,0
2026-10-08T11:48:00,29.4,57.6,58.2,42,0
2026-10-08T11:49:00,32.5,56.8,58.1,36,0
2026-10-08T11:50:00,31.5,57.1,58.2,33,0
2026-10-08T11:51:00,30.5,56.4,57.7,39,0
2026-10-08T11:52:00,31.1,52.9,57.6,41,0
2026-10-08T11:53:00,28.1,53.7,57.9,47,1
2026-10-08T11:54:00,25.9,54.1,58.1,52,0
2026-10-08T11:55:00,25.3,51.9,58.2,46,1
2026-10-08T11:56:00,28.5,50.7,58.0,56,2
2026-10-08T11:57:00,31.1,52.8,58.1,53,0
2026-10-08T11:58:00,26.3,53.1,58.2,60,1
2026-10-08T11:59:00,29.5,52.8,57.8,57,0
2026-10-08T12:00:00,29.9,54.4,57.8,52,0
2026-10-08T12:01:00,28.4,53.9,57.9,52,0
2026-10-08T12:02:00,31.3,52.3,58.1,46,2
2026-10-08T12:03:00,27.6,52.8,58.2,52,1
2026-10-08T12:04:00,32.2,54.3,58.2,57,0
2026-10-08T12:05:00,32.6,52.6,58.1,58,1
2026-10-08T12:06:00,30.1,55.1,58.1,51,0
2026-10-08T12:07:00,32.4,54.1,58.0,46,1
2026-10-08T12:08:00,34.1,54.9,57.9,43,0
2026-10-08T12:09:00,31.3,54.4,58.1,39,0
2026-10-08T12:10:00,30.5,53.5,58.4,41,0
2026-10-08T12:11:00,30.6,54.1,58.4,49,0
2026-10-08T12:12:00,30.4,54.0,58.4,49,1
2026-10-08T12:13:00,29.4,55.6,58.5,52,1
2026-10-08T12:14:00,28.1,55.7,58.3,44,0
2026-10-08T12:15:00,26.1,54.9,58.3,50,0
2026-10-08T12:16:00,26.6,54.8,58.4,58,0
2026-10-08T12:17:00,31.2,55.9,58.3,54,0
2026-10-08T12:18:00,26.7,55.4,58.2,58,1
2026-10-08T12:19:00,25.1,53.5,58.1,47,0
2026-10-08T12:20:00,22.5,54.1,57.8,40,1
2026-10-08T12:21:00,26.1,53.7,58.0,36,1
2026-10-08T12:22:00,25.3,53.3,58.4,47,0
2026-10-08T12:23:00,25.4,54.1,57.9,44,1
2026-10-08T12:24:00,29.2,53.7,57.7,44,0
2026-10-08T12:25:00,25.2,54.8,57.6,49,0
2026-10-08T12:26:00,24.7,54.6,57.9,52,0
2026-10-08T12:27:00,24.7,53.2,58.0,51,0
2026-10-08T12:28:00,27.5,54.5,58.0,48,1
2026-10-08T12:29:00,27.3,54.6,57.8,47,0
2026-10-08T12:30:00,26.9,52.5,57.9,45,1
2026-10-08T12:31:00,22.0,51.5,57.7,47,0
2026-10-08T12:32:00,25.5,52.6,57.7,41,1
2026-10-08T12:33:00,27.0,55.0,57.8,41,1
2026-10-08T12:34:00,30.1,54.6,57.7,42,1
2026-10-08T12:35:00,27.3,53.6,57.7,35,0
2026-10-08T12:36:00,27.3,53.6,57.7,38,1
2026-10-08T12:37:00,25.8,51.4,57.5,34,0
2026-10-08T12:38:00,27.8,51.1,57.4,32,0
2026-10-08T12:39:00,25.4,51.9,57.5,31,1
2026-10-08T12:40:00,26.4,53.6,57.4,34,1
2026-10-08T12:41:00,26.0,54.4,57.6,34,0
2026-10-08T12:42:00,24.5,56.2,57.7,26,1
2026-10-08T12:43:00,26.4,55.1,57.6,31,0
2026-10-08T12:44:00,31.1,57.9,57.8,30,2
2026-10-08T12:45:00,31.8,58.7,57.8,29,0
2026-10-08T12:46:00,30.1,58.6,57.7,31,1
2026-10-08T12:47:00,28.9,58.0,57.7,25,0
2026-10-08T12:48:00,31.6,58.0,58.1,34,0
2026-10-08T12:49:00,32.2,55.7,57.9,34,0
2026-10-08T12:50:00,33.6,53.7,57.6,38,0
2026-10-08T12:51:00,29.9,55.4,57.7,41,0
2026-10-08T12:52:00,29.6,55.8,57.8,37,0
2026-10-08T12:53:00,26.8,57.0,57.9,39,0
2026-10-08T12:54:00,22.2,56.4,57.8,35,0
2026-10-08T12:55:00,20.3,57.2,57.7,36,1
2026-10-08T12:56:00,24.3,55.9,57.9,36,3
2026-10-08T12:57:00,27.1,53.5,57.8,41,0
2026-10-08T12:58:00,28.3,52.9,57.9,45,1
2026-10-08T12:59:00,30.6,53.8,58.1,46,1
2026-10-08T13:00:00,31.9,55.0,58.2,49,1
2026-10-08T13:01:00,31.5,54.0,58.2,44,0
2026-10-08T13:02:00,33.3,53.3,57.9,48,1
2026-10-08T13:03:00,30.4,54.3,58.2,41,0
2026-10-08T13:04:00,28.6,54.1,57.9,40,0
2026-10-08T13:05:00,25.2,54.7,57.7,39,0
2026-10-08T13:06:00,25.3,55.2,57.9,40,0
2026-10-08T13:07:00,26.0,54.4,57.8,35,0
2026-10-08T13:08:00,25.8,54.7,58.1,34,2
2026-10-08T13:09:00,27.4,53.5,58.0,41,2
2026-10-08T13:10:00,25.9,55.3,58.2,45,1
2026-10-08T13:11:00,28.3,55.8,58.2,41,0
2026-10-08T13:12:00,29.3,56.5,58.0,35,0
2026-10-08T13:13:00,30.2,56.3,58.1,42,0
2026-10-08T13:14:00,29.6,54.9,57.7,45,0
2026-10-08T13:15:00,27.5,55.8,,38,0
2026-10-08T13:16:00,27.8,56.4,57.7,39,0
2026-10-08T13:17:00,30.8,55.0,57.8,37,0
2026-10-08T13:18:00,32.6,54.2,57.9,46,1
2026-10-08T13:19:00,30.2,55.1,58.1,46,0
2026-10-08T13:20:00,28.4,53.2,58.1,47,0
2026-10-08T13:21:00,26.0,52.4,58.0,53,0
2026-10-08T13:22:00,25.0,50.8,57.9,48,0
2026-10-08T13:23:00,25.4,51.6,58.0,57,1
2026-10-08T13:24:00,27.4,50.9,57.9,52,0
2026-10-08T13:25:00,28.7,51.8,58.3,50,0
2026-10-08T13:26:00,30.2,54.2,58.5,53,0
2026-10-08T13:27:00,29.2,54.2,58.3,51,0
2026-10-08T13:28:00,27.6,54.3,58.5,45,0
2026-10-08T13:29:00,26.5,53.5,58.2,44,0
2026-10-08T13:30:00,27.1,53.3,58.2,45,1
2026-10-08T13:31:00,28.2,53.2,58.0,48,0
2026-10-08T13:32:00,27.0,54.1,57.9,36,0
2026-10-08T13:33:00,27.8,54.5,57.8,49,2
2026-10-08T13:34:00,25.7,57.0,58.0,43,0
2026-10-08T13:35:00,25.6,56.1,58.0,37,1
2026-10-08T13:36:00,25.2,53.2,58.1,33,0
2026-10-08T13:37:00,25.6,53.6,58.1,31,0
2026-10-08T13:38:00,30.3,54.1,58.2,27,1
2026-10-08T13:39:00,28.2,53.8,58.3,35,0
2026-10-08T13:40:00,28.1,53.4,58.3,32,0
2026-10-08T13:41:00,29.5,53.5,58.1,35,0
2026-10-08T13:42:00,30.1,52.5,58.1,37,3
2026-10-08T13:43:00,31.7,53.9,58.3,42,0
2026-10-08T13:44:00,32.1,54.3,58.0,42,0
2026-10-08T13:45:00,32.5,54.4,58.1,36,1
2026-10-08T13:46:00,31.8,55.5,58.0,43,1
2026-10-08T13:47:00,29.9,53.5,58.0,47,0
2026-10-08T13:48:00,26.2,54.6,57.9,46,1
2026-10-08T13:49:00,23.4,53.8,58.0,47,0
2026-10-08T13:50:00,24.9,53.5,57.9,45,1
2026-10-08T13:51:00,29.4,53.8,58.0,51,0
2026-10-08T13:52:00,26.0,54.8,58.0,46,0
2026-10-08T13:53:00,28.1,56.3,58.2,46,1
2026-10-08T13:54:00,25.8,57.1,58.2,55,0
2026-10-08T13:55:00,24.7,57.6,58.1,54,1
2026-10-08T13:56:00,28.6,56.6,58.1,49,0
2026-10-08T13:57:00,29.3,53.7,57.9,46,1
2026-10-08T13:58:00,30.8,54.2,57.8,54,0
2026-10-08T13:59:00,30.2,54.0,57.9,53,0
2026-10-08T14:00:00,30.3,55.4,58.2,49,1
2026-10-08T14:01:00,30.4,56.6,58.2,43,1
2026-10-08T14:02:00,31.7,54.4,58.3,44,1
2026-10-08T14:03:00,29.1,56.6,58.2,37,1
2026-10-08T14:04:00,28.2,56.5,58.5,39,0
2026-10-08T14:05:00,30.0,56.2,58.3,34,0
2026-10-08T14:06:00,26.0,56.1,58.0,30,0
2026-10-08T14:07:00,21.8,55.9,57.9,32,0
2026-10-08T14:08:00,24.8,56.3,57.9,38,0
2026-10-08T14:09:00,26.6,56.4,57.8,46,0
2026-10-08T14:10:00,23.6,55.9,57.7,43,0
2026-10-08T14:11:00,24.1,54.8,58.0,40,0
2026-10-08T14:12:00,24.9,54.5,58.0,41,0
2026-10-08T14:13:00,22.7,54.5,58.0,42,1
2026-10-08T14:14:00,25.6,54.0,57.9,36,0
2026-10-08T14:15:00,27.6,56.3,57.8,37,0
2026-10-08T14:16:00,25.4,57.0,58.1,29,1
2026-10-08T14:17:00,29.1,56.3,58.1,35,1
2026-10-08T14:18:00,29.4,56.7,58.1,35,0
2026-10-08T14:19:00,31.7,56.3,58.1,27,0
2026-10-08T14:20:00,31.2,54.3,58.1,33,0
2026-10-08T14:21:00,29.2,55.0,58.2,30,0
2026-10-08T14:22:00,29.9,55.3,58.2,30,1
2026-10-08T14:23:00,28.5,53.1,58.2,,1
2026-10-08T14:24:00,28.9,52.6,58.0,39,0
2026-10-08T14:25:00,26.5,53.4,58.0,37,0
2026-10-08T14:26:00,25.8,52.4,58.1,36,0
2026-10-08T14:27:00,25.6,52.3,58.0,35,0
2026-10-08T14:28:00,24.8,53.1,57.9,37,1
2026-10-08T14:29:00,26.3,53.4,57.7,39,1
2026-10-08T14:30:00,26.0,53.9,57.8,40,0
2026-10-08T14:31:00,24.9,54.4,57.8,41,0
2026-10-08T14:32:00,20.8,53.0,57.9,45,0
2026-10-08T14:33:00,25.5,53.6,58.0,52,0
2026-10-08T14:34:00,24.9,55.2,58.1,50,1
2026-10-08T14:35:00,25.7,55.1,58.0,41,1
2026-10-08T14:36:00,28.0,54.5,58.0,36,1
2026-10-08T14:37:00,27.2,51.9,58.1,30,0
2026-10-08T14:38:00,25.5,53.0,58.4,40,1
2026-10-08T14:39:00,25.2,53.9,58.4,38,0
2026-10-08T14:40:00,23.5,54.4,58.2,36,0
2026-10-08T14:41:00,22.4,51.6,58.1,41,1
2026-10-08T14:42:00,26.5,52.6,58.1,48,1
2026-10-08T14:43:00,27.8,53.8,58.0,52,0
2026-10-08T14:44:00,30.0,55.9,57.8,49,0
2026-10-08T14:45:00,32.3,54.8,57.7,43,0
2026-10-08T14:46:00,30.1,54.3,57.7,42,0
2026-10-08T14:47:00,29.9,53.0,57.8,39,0
2026-10-08T14:48:00,30.7,53.4,57.6,45,0
2026-10-08T14:49:00,29.4,54.0,57.6,51,0
2026-10-08T14:50:00,27.8,54.7,57.6,56,0
2026-10-08T14:51:00,26.0,54.2,58.2,52,0
2026-10-08T14:52:00,28.6,54.7,58.0,49,0
2026-10-08T14:53:00,29.2,54.2,57.9,44,0
2026-10-08T14:54:00,31.5,54.1,57.7,42,1
2026-10-08T14:55:00,33.9,54.4,57.8,44,1
2026-10-08T14:56:00,33.2,55.1,57.9,34,0
2026-10-08T14:57:00,32.2,56.6,58.0,41,0
2026-10-08T14:58:00,30.7,57.2,58.2,41,0
2026-10-08T14:59:00,32.0,56.3,58.2,34,1
2026-10-08T15:00:00,34.7,56.6,58.2,36,0
2026-10-08T15:01:00,31.1,54.4,58.1,26,1
2026-10-08T15:02:00,31.0,53.8,57.8,22,0
2026-10-08T15:03:00,27.5,55.0,57.6,20,0
2026-10-08T15:04:00,26.5,55.9,57.5,24,0
2026-10-08T15:05:00,24.2,54.7,57.6,29,0
2026-10-08T15:06:00,22.9,53.8,57.9,33,0
2026-10-08T15:07:00,20.2,54.1,58.0,33,0
2026-10-08T15:08:00,19.6,54.4,57.9,37,0
2026-10-08T15:09:00,19.1,55.1,58.3,30,0
2026-10-08T15:10:00,25.4,58.1,58.4,36,0
2026-10-08T15:11:00,27.7,56.6,58.6,33,1
2026-10-08T15:12:00,28.4,55.6,58.3,34,0
2026-10-08T15:13:00,29.1,55.2,58.3,31,0
2026-10-08T15:14:00,27.9,,58.3,44,0
2026-10-08T15:15:00,26.8,,58.2,42,0
2026-10-08T15:16:00,24.9,52.9,58.1,39,0
2026-10-08T15:17:00,23.3,54.0,58.0,30,1
2026-10-08T15:18:00,25.3,54.9,58.2,38,0
2026-10-08T15:19:00,24.8,54.8,57.9,36,0
2026-10-08T15:20:00,23.2,54.6,57.8,33,0
2026-10-08T15:21:00,22.5,55.8,57.5,36,1
2026-10-08T15:22:00,24.1,53.9,57.9,41,0
2026-10-08T15:23:00,22.7,54.1,57.9,42,1
2026-10-08T15:24:00,22.2,54.3,58.3,35,0
2026-10-08T15:25:00,23.4,53.8,58.1,37,0
2026-10-08T15:26:00,26.1,54.3,58.0,34,0
2026-10-08T15:27:00,26.5,53.2,58.3,35,1
2026-10-08T15:28:00,26.2,54.0,58.6,43,0
2026-10-08T15:29:00,25.3,53.6,58.3,39,0
2026-10-08T15:30:00,27.4,52.8,58.3,39,0
2026-10-08T15:31:00,29.2,54.7,58.0,37,0
2026-10-08T15:32:00,30.3,55.0,57.9,36,0
2026-10-08T15:33:00,30.0,56.8,58.2,39,0
2026-10-08T15:34:00,29.9,56.3,58.3,46,0
2026-10-08T15:35:00,32.0,57.0,58.2,50,0
2026-10-08T15:36:00,28.6,59.0,58.3,51,0
2026-10-08T15:37:00,26.9,57.2,58.1,49,0
2026-10-08T15:38:00,25.1,57.4,58.1,53,0
2026-10-08T15:39:00,24.6,57.2,58.0,47,1
2026-10-08T15:40:00,24.8,59.1,57.9,50,0
2026-10-08T15:41:00,23.5,55.9,57.7,42,1
2026-10-08T15:42:00,24.2,56.4,57.7,44,1
2026-10-08T15:43:00,26.2,55.1,57.7,50,0
2026-10-08T15:44:00,25.5,56.7,57.6,39,2
2026-10-08T15:45:00,25.7,56.8,57.6,36,2
2026-10-08T15:46:00,26.0,55.5,57.8,35,0
2026-10-08T15:47:00,25.4,54.9,58.0,44,0
2026-10-08T15:48:00,25.4,52.6,58.0,33,0
2026-10-08T15:49:00,25.4,52.1,58.1,37,0
2026-10-08T15:50:00,28.2,51.5,58.0,38,0
2026-10-08T15:51:00,27.4,52.4,58.2,42,0
2026-10-08T15:52:00,26.9,52.5,58.1,47,1
2026-10-08T15:53:00,30.8,52.1,58.1,52,0
2026-10-08T15:54:00,32.6,52.7,57.9,52,0
2026-10-08T15:55:00,30.8,52.2,58.0,35,0
2026-10-08T15:56:00,28.2,54.0,57.9,35,2
2026-10-08T15:57:00,27.0,56.3,57.7,37,1
2026-10-08T15:58:00,25.3,57.4,57.6,35,1
2026-10-08T15:59:00,28.7,57.4,57.7,32,1
2026-10-08T16:00:00,29.5,57.1,57.5,35,1
2026-10-08T16:01:00,28.5,57.8,57.7,31,0
2026-10-08T16:02:00,30.8,55.6,58.0,39,0
2026-10-08T16:03:00,32.1,55.4,58.0,37,1
2026-10-08T16:04:00,30.9,55.1,57.9,35,1
2026-10-08T16:05:00,26.9,54.5,58.1,35,2
2026-10-08T16:06:00,30.6,53.5,58.1,32,0
2026-10-08T16:07:00,28.7,55.2,58.0,36,0
2026-10-08T16:08:00,32.2,54.1,58.0,40,0
2026-10-08T16:09:00,34.7,53.5,57.9,37,2
2026-10-08T16:10:00,34.3,53.7,57.8,35,1
2026-10-08T16:11:00,36.3,54.1,58.0,41,1
2026-10-08T16:12:00,32.2,54.9,57.7,42,0
2026-10-08T16:13:00,34.5,54.6,58.0,41,0
2026-10-08T16:14:00,32.1,55.6,58.1,33,0
2026-10-08T16:15:00,32.5,54.3,57.9,38,1
2026-10-08T16:16:00,31.1,56.1,58.0,40,0
2026-10-08T16:17:00,29.1,,58.0,48,1
2026-10-08T16:18:00,33.2,56.3,58.3,39,1
2026-10-08T16:19:00,29.7,55.5,58.2,49,1
2026-10-08T16:20:00,26.7,55.8,58.2,49,0
2026-10-08T16:21:00,26.8,57.1,58.2,39,0
2026-10-08T16:22:00,25.0,56.5,58.2,41,0
2026-10-08T16:23:00,25.3,56.1,58.2,37,1
2026-10-08T16:24:00,26.6,54.9,58.4,37,1
2026-10-08T16:25:00,28.8,54.3,58.3,34,0
2026-10-08T16:26:00,28.7,53.9,58.3,32,1
2026-10-08T16:27:00,28.2,55.5,58.3,33,0
2026-10-08T16:28:00,26.2,56.2,58.2,31,0
2026-10-08T16:29:00,22.1,52.7,58.3,40,1
2026-10-08T16:30:00,19.5,54.3,58.2,29,0
2026-10-08T16:31:00,20.7,54.7,57.9,33,0
2026-10-08T16:32:00,24.9,54.3,58.0,24,0
2026-10-08T16:33:00,23.8,52.7,57.9,26,0
2026-10-08T16:34:00,21.0,53.0,57.8,26,1
2026-10-08T16:35:00,21.7,52.8,57.7,27,0
2026-10-08T16:36:00,26.9,53.1,57.9,29,0
2026-10-08T16:37:00,25.7,55.8,57.8,38,0
2026-10-08T16:38:00,27.3,56.2,57.8,45,0
2026-10-08T16:39:00,30.6,53.5,57.8,37,1
2026-10-08T16:40:00,32.9,53.3,57.9,42,0
2026-10-08T16:41:00,28.3,53.2,58.2,51,1
2026-10-08T16:42:00,29.6,55.4,58.3,40,0
2026-10-08T16:43:00,25.7,54.6,58.2,36,0
2026-10-08T16:44:00,25.8,55.1,57.9,28,0
2026-10-08T16:45:00,25.0,55.1,57.9,20,1
2026-10-08T16:46:00,29.4,55.3,58.1,29,0
2026-10-08T16:47:00,25.5,55.4,58.1,39,1
2026-10-08T16:48:00,21.8,53.0,58.1,37,2
2026-10-08T16:49:00,19.5,53.9,57.9,40,1
2026-10-08T16:50:00,22.5,55.1,57.6,46,0
2026-10-08T16:51:00,23.3,56.2,57.8,40,2
2026-10-08T16:52:00,25.5,57.1,57.7,41,0
2026-10-08T16:53:00,24.3,56.6,57.6,39,0
2026-10-08T16:54:00,27.1,57.1,58.0,37,0
2026-10-08T16:55:00,29.0,53.4,58.1,40,1
2026-10-08T16:56:00,29.3,54.6,58.3,38,0
2026-10-08T16:57:00,26.4,54.1,58.5,35,0
2026-10-08T16:58:00,25.9,53.3,58.4,35,1
2026-10-08T16:59:00,25.0,52.4,58.2,41,0
2026-10-08T17:00:00,25.5,55.0,57.9,47,0
2026-10-08T17:01:00,28.8,53.0,57.7,37,0
2026-10-08T17:02:00,26.8,53.8,57.8,44,0
2026-10-08T17:03:00,26.6,54.0,57.9,36,1
2026-10-08T17:04:00,27.0,54.5,57.9,30,0
2026-10-08T17:05:00,28.4,52.8,57.8,34,0
2026-10-08T17:06:00,23.7,51.0,57.6,37,0
2026-10-08T17:07:00,21.7,51.5,57.8,40,0
2026-10-08T17:08:00,23.9,51.5,57.6,31,0
2026-10-08T17:09:00,22.1,53.3,57.6,25,0
2026-10-08T17:10:00,26.3,54.3,57.7,28,0
2026-10-08T17:11:00,27.5,52.4,58.0,40,0
2026-10-08T17:12:00,29.4,52.8,58.1,34,1
2026-10-08T17:13:00,27.5,52.6,58.0,26,0
2026-10-08T17:14:00,26.3,52.2,58.1,28,1
2026-10-08T17:15:00,27.6,,58.1,27,0
2026-10-08T17:16:00,27.7,53.4,58.1,34,0
2026-10-08T17:17:00,27.6,51.7,58.0,37,0
2026-10-08T17:18:00,26.1,53.1,58.3,35,0
2026-10-08T17:19:00,27.3,54.0,58.1,30,1
2026-10-08T17:20:00,26.4,52.7,58.0,34,1
2026-10-08T17:21:00,27.7,55.0,57.9,35,0
2026-10-08T17:22:00,24.2,54.7,57.9,37,0
2026-10-08T17:23:00,24.5,55.8,57.5,35,0
2026-10-08T17:24:00,21.9,54.5,57.3,34,0
2026-10-08T17:25:00,25.3,53.7,57.2,34,0
2026-10-08T17:26:00,24.4,54.6,57.7,40,2
2026-10-08T17:27:00,21.7,55.2,57.7,43,0
2026-10-08T17:28:00,20.3,55.3,57.8,45,0
2026-10-08T17:29:00,21.4,55.1,57.8,49,0
2026-10-08T17:30:00,23.3,54.1,,46,1
2026-10-08T17:31:00,22.8,53.3,,44,0
2026-10-08T17:32:00,22.8,53.2,58.0,47,0
2026-10-08T17:33:00,21.9,52.2,57.9,39,0
2026-10-08T17:34:00,20.9,51.1,58.0,40,0
2026-10-08T17:35:00,23.4,51.4,58.0,43,0
2026-10-08T17:36:00,20.0,53.2,58.1,42,1
2026-10-08T17:37:00,24.4,52.5,58.1,47,
2026-10-08T17:38:00,23.2,53.2,58.0,48,0
2026-10-08T17:39:00,26.3,52.9,58.0,42,1
2026-10-08T17:40:00,23.5,55.1,58.0,35,3
2026-10-08T17:41:00,23.4,55.3,58.2,41,1
2026-10-08T17:42:00,28.8,54.6,58.4,44,0
2026-10-08T17:43:00,,55.2,58.2,42,0
2026-10-08T17:44:00,27.5,54.9,58.2,41,0
2026-10-08T17:45:00,27.5,54.2,58.0,45,1
2026-10-08T17:46:00,29.9,53.3,57.9,34,1
2026-10-08T17:47:00,28.3,53.8,57.7,36,0
2026-10-08T17:48:00,25.9,55.5,57.6,37,0
2026-10-08T17:49:00,27.8,55.5,57.8,39,1
2026-10-08T17:50:00,27.8,56.9,58.1,45,0
2026-10-08T17:51:00,25.2,57.0,57.9,38,1
2026-10-08T17:52:00,27.2,54.5,58.0,37,1
2026-10-08T17:53:00,26.5,54.2,57.9,31,0
2026-10-08T17:54:00,24.0,54.2,57.9,37,0
2026-10-08T17:55:00,20.4,54.7,58.0,35,2
2026-10-08T17:56:00,23.0,53.3,58.0,32,0
2026-10-08T17:57:00,22.6,52.7,57.9,36,0
2026-10-08T17:58:00,24.4,52.4,57.8,39,1
2026-10-08T17:59:00,26.3,52.0,57.5,31,1
2026-10-08T18:00:00,24.4,53.5,57.2,27,0
2026-10-08T18:01:00,23.6,54.7,57.3,30,0
2026-10-08T18:02:00,28.3,54.1,57.4,27,0
2026-10-08T18:03:00,25.7,54.5,57.5,20,0
2026-10-08T18:04:00,24.1,52.7,57.8,29,0
2026-10-08T18:05:00,26.2,52.4,57.6,35,0
2026-10-08T18:06:00,25.7,52.5,57.6,46,0
2026-10-08T18:07:00,24.1,51.8,57.9,40,0
2026-10-08T18:08:00,25.1,54.8,57.9,45,0
2026-10-08T18:09:00,27.9,53.8,58.1,43,0
2026-10-08T18:10:00,26.4,54.7,58.1,44,1
2026-10-08T18:11:00,25.1,54.4,58.0,40,0
2026-10-08T18:12:00,25.8,54.8,57.8,35,0
2026-10-08T18:13:00,24.1,53.3,57.5,41,1
2026-10-08T18:14:00,24.8,54.6,57.6,35,1
2026-10-08T18:15:00,27.9,53.7,57.3,25,0
2026-10-08T18:16:00,30.8,55.1,57.7,24,0
2026-10-08T18:17:00,25.4,55.3,58.0,33,0
2026-10-08T18:18:00,28.2,55.3,58.2,34,0
2026-10-08T18:19:00,27.1,54.0,58.3,30,0
2026-10-08T18:20:00,24.1,52.1,58.1,29,0
2026-10-08T18:21:00,25.6,52.0,57.9,33,1
2026-10-08T18:22:00,25.4,51.9,58.2,44,1
2026-10-08T18:23:00,24.2,52.5,58.0,33,1
2026-10-08T18:24:00,18.7,54.1,57.8,34,1
2026-10-08T18:25:00,21.4,53.9,57.7,38,0
2026-10-08T18:26:00,23.8,54.2,57.9,39,1
2026-10-08T18:27:00,22.2,53.1,58.0,39,1
2026-10-08T18:28:00,26.1,51.2,58.0,36,0
2026-10-08T18:29:00,27.2,50.3,58.1,34,1
2026-10-08T18:30:00,29.8,52.6,58.2,33,0
2026-10-08T18:31:00,25.1,53.3,58.1,33,0
2026-10-08T18:32:00,24.9,53.4,58.2,28,0
2026-10-08T18:33:00,24.1,54.5,57.7,30,0
2026-10-08T18:34:00,24.4,54.6,58.0,31,0
2026-10-08T18:35:00,25.5,53.9,57.9,34,1
2026-10-08T18:36:00,20.5,53.9,57.8,33,0
2026-10-08T18:37:00,20.9,54.7,57.7,34,0
2026-10-08T18:38:00,23.3,53.1,57.6,30,0
2026-10-08T18:39:00,23.5,52.0,57.7,31,0
2026-10-08T18:40:00,24.8,52.6,58.1,28,0
2026-10-08T18:41:00,27.0,54.6,57.8,26,0
2026-10-08T18:42:00,22.5,55.4,58.2,25,1
2026-10-08T18:43:00,21.1,55.4,58.3,29,0
2026-10-08T18:44:00,19.8,55.0,58.0,31,0
2026-10-08T18:45:00,20.6,54.6,58.1,25,0
2026-10-08T18:46:00,20.8,54.7,58.0,28,1
2026-10-08T18:47:00,25.3,53.7,58.0,28,0
2026-10-08T18:48:00,21.7,54.4,58.1,34,0
2026-10-08T18:49:00,19.8,54.9,57.9,32,
2026-10-08T18:50:00,19.6,55.9,,34,0
2026-10-08T18:51:00,20.7,55.9,58.1,31,0
2026-10-08T18:52:00,23.7,55.4,58.1,31,0
2026-10-08T18:53:00,23.8,54.4,57.9,37,0
2026-10-08T18:54:00,24.8,53.8,57.8,39,0
2026-10-08T18:55:00,20.1,54.4,57.7,36,0
2026-10-08T18:56:00,20.3,54.2,57.6,34,0
2026-10-08T18:57:00,18.1,54.3,57.7,40,1
2026-10-08T18:58:00,19.6,52.8,57.8,39,0
2026-10-08T18:59:00,20.7,51.9,57.8,41,0
2026-10-08T19:00:00,19.9,53.7,58.0,43,0
2026-10-08T19:01:00,22.5,54.7,57.8,41,0
2026-10-08T19:02:00,25.5,53.3,57.9,35,1
2026-10-08T19:03:00,27.0,53.1,57.7,31,0
2026-10-08T19:04:00,30.6,53.6,57.7,29,0
2026-10-08T19:05:00,28.5,54.7,57.8,23,1
2026-10-08T19:06:00,30.7,52.3,57.6,22,1
2026-10-08T19:07:00,26.8,52.6,57.7,29,0
2026-10-08T19:08:00,26.1,51.9,57.9,27,0
2026-10-08T19:09:00,25.7,53.6,57.9,33,0
2026-10-08T19:10:00,25.4,54.7,57.8,42,0
2026-10-08T19:11:00,26.1,52.6,58.0,40,0
2026-10-08T19:12:00,21.8,53.0,58.2,41,1
2026-10-08T19:13:00,20.9,52.8,58.1,38,0
2026-10-08T19:14:00,23.7,54.5,58.0,42,0
2026-10-08T19:15:00,22.3,57.2,57.9,41,2
2026-10-08T19:16:00,21.7,56.7,57.7,45,0
2026-10-08T19:17:00,19.6,55.5,57.8,40,0
2026-10-08T19:18:00,22.3,54.5,57.8,46,0
2026-10-08T19:19:00,21.5,55.0,58.1,,0
2026-10-08T19:20:00,21.3,57.0,58.2,51,0
2026-10-08T19:21:00,21.3,56.7,58.2,49,0
2026-10-08T19:22:00,22.4,54.4,58.2,42,0
2026-10-08T19:23:00,23.2,54.2,58.3,39,0
2026-10-08T19:24:00,26.4,52.9,58.1,35,1
2026-10-08T19:25:00,26.5,52.0,58.0,40,0
2026-10-08T19:26:00,27.3,51.9,57.9,39,0
2026-10-08T19:27:00,28.4,51.6,58.0,40,0
2026-10-08T19:28:00,28.8,52.7,57.8,32,0
2026-10-08T19:29:00,26.4,50.9,57.8,39,0
2026-10-08T19:30:00,25.7,51.7,57.9,42,1
2026-10-08T19:31:00,26.0,52.7,57.7,35,1
2026-10-08T19:32:00,23.4,52.3,57.6,35,0
2026-10-08T19:33:00,25.2,52.1,57.8,36,0
2026-10-08T19:34:00,24.6,53.4,57.7,41,1
2026-10-08T19:35:00,28.2,55.5,57.6,35,0
2026-10-08T19:36:00,27.4,53.5,57.6,40,1
2026-10-08T19:37:00,30.6,53.5,57.7,37,0
2026-10-08T19:38:00,27.7,52.4,58.0,40,0
2026-10-08T19:39:00,29.5,52.3,58.2,37,1
2026-10-08T19:40:00,31.8,52.6,58.2,34,0
2026-10-08T19:41:00,30.3,51.4,58.3,40,0
2026-10-08T19:42:00,30.0,52.5,58.3,42,1
2026-10-08T19:43:00,30.4,52.1,58.2,36,0
2026-10-08T19:44:00,29.9,50.8,58.0,39,1
2026-10-08T19:45:00,29.0,50.2,58.0,42,0
2026-10-08T19:46:00,27.1,51.2,57.8,36,0
2026-10-08T19:47:00,26.7,52.2,58.0,45,0
2026-10-08T19:48:00,27.0,50.6,58.3,37,0
2026-10-08T19:49:00,25.2,51.6,58.4,35,0
2026-10-08T19:50:00,26.6,50.5,58.2,36,0
2026-10-08T19:51:00,25.4,52.2,58.1,31,0
2026-10-08T19:52:00,25.3,53.9,57.8,33,0
2026-10-08T19:53:00,24.1,53.2,58.0,35,0
2026-10-08T19:54:00,20.9,53.5,58.4,28,0
2026-10-08T19:55:00,25.1,53.2,58.4,30,1
2026-10-08T19:56:00,26.2,52.7,58.5,24,0
2026-10-08T19:57:00,25.3,52.3,58.1,28,0
2026-10-08T19:58:00,22.6,54.3,58.2,28,1
2026-10-08T19:59:00,22.4,53.2,58.2,,0
2026-10-08T20:00:00,21.9,53.5,58.0,34,0
2026-10-08T20:01:00,18.7,53.8,58.1,36,0
2026-10-08T20:02:00,18.2,52.8,58.1,37,0
2026-10-08T20:03:00,16.1,53.1,58.3,34,0
2026-10-08T20:04:00,16.4,54.0,58.3,35,0
2026-10-08T20:05:00,16.3,53.1,58.4,40,0
2026-10-08T20:06:00,16.5,52.3,58.1,44,0
2026-10-08T20:07:00,18.2,53.4,58.1,41,0
2026-10-08T20:08:00,16.5,51.3,58.4,45,1
2026-10-08T20:09:00,15.5,51.3,58.2,41,0
2026-10-08T20:10:00,18.7,50.6,58.2,45,0
2026-10-08T20:11:00,18.5,49.8,58.2,42,0
2026-10-08T20:12:00,19.2,52.3,58.0,47,1
2026-10-08T20:13:00,19.7,51.3,58.0,44,0
2026-10-08T20:14:00,20.1,51.3,58.2,44,1
2026-10-08T20:15:00,20.8,53.0,58.2,47,1
2026-10-08T20:16:00,21.0,51.3,58.2,50,0
2026-10-08T20:17:00,20.8,53.7,58.4,51,0
2026-10-08T20:18:00,22.6,53.9,58.0,45,0
2026-10-08T20:19:00,17.8,55.4,57.7,42,1
2026-10-08T20:20:00,18.4,53.8,57.8,41,1
2026-10-08T20:21:00,21.8,52.9,57.7,40,0
2026-10-08T20:22:00,25.6,55.3,57.9,39,0
2026-10-08T20:23:00,24.9,54.0,57.8,42,0
2026-10-08T20:24:00,27.4,54.8,57.8,36,0
2026-10-08T20:25:00,29.0,55.4,58.0,40,0
2026-10-08T20:26:00,26.0,55.7,58.0,35,1
2026-10-08T20:27:00,27.9,55.0,57.7,30,1
2026-10-08T20:28:00,28.0,54.5,57.6,30,0
2026-10-08T20:29:00,31.5,52.6,57.9,22,0
2026-10-08T20:30:00,27.4,52.4,57.7,30,0
2026-10-08T20:31:00,26.9,53.5,57.4,31,0
2026-10-08T20:32:00,26.7,53.5,58.0,28,0
2026-10-08T20:33:00,26.5,56.8,58.3,25,0
2026-10-08T20:34:00,26.4,54.9,58.6,25,0
2026-10-08T20:35:00,27.0,55.6,58.5,24,0
2026-10-08T20:36:00,26.2,56.4,58.3,28,0
2026-10-08T20:37:00,28.1,55.8,58.3,34,0
2026-10-08T20:38:00,29.8,53.6,58.1,32,0
2026-10-08T20:39:00,27.6,53.5,58.0,37,0
2026-10-08T20:40:00,29.6,55.1,58.0,34,0
2026-10-08T20:41:00,26.0,56.9,58.2,30,0
2026-10-08T20:42:00,23.9,56.8,58.4,27,0
2026-10-08T20:43:00,25.0,55.8,58.3,34,0
2026-10-08T20:44:00,21.1,55.5,58.4,38,0
2026-10-08T20:45:00,20.6,56.3,58.2,32,0
2026-10-08T20:46:00,20.0,56.2,58.2,25,0
2026-10-08T20:47:00,24.0,54.9,57.9,24,0
2026-10-08T20:48:00,23.3,54.9,57.8,29,1
2026-10-08T20:49:00,21.9,55.1,57.9,34,1
2026-10-08T20:50:00,24.0,54.3,57.7,36,0
2026-10-08T20:51:00,24.6,56.0,57.9,32,0
2026-10-08T20:52:00,21.5,57.6,57.6,29,0
2026-10-08T20:53:00,19.7,56.0,57.7,31,0
2026-10-08T20:54:00,22.6,55.9,58.0,37,1
2026-10-08T20:55:00,21.5,55.2,58.4,30,0
2026-10-08T20:56:00,20.9,56.1,58.3,28,0
2026-10-08T20:57:00,20.0,55.6,58.1,31,0
2026-10-08T20:58:00,19.9,53.9,58.2,22,1
2026-10-08T20:59:00,23.3,53.3,58.4,27,1
2026-10-08T21:00:00,20.4,53.9,58.1,27,0
2026-10-08T21:01:00,21.3,54.9,58.2,26,0
2026-10-08T21:02:00,26.5,56.7,58.0,35,0
2026-10-08T21:03:00,28.2,56.0,58.0,40,0
2026-10-08T21:04:00,25.7,56.5,58.0,42,0
2026-10-08T21:05:00,24.8,57.3,57.9,38,0
2026-10-08T21:06:00,28.6,57.1,57.7,27,0
2026-10-08T21:07:00,27.4,55.1,57.4,32,
2026-10-08T21:08:00,23.4,55.8,57.7,38,0
2026-10-08T21:09:00,26.4,53.4,57.9,37,0
2026-10-08T21:10:00,22.1,51.2,58.0,39,0
2026-10-08T21:11:00,22.1,53.0,58.1,38,0
2026-10-08T21:12:00,23.3,51.8,58.2,37,0
2026-10-08T21:13:00,19.5,51.6,58.2,32,0
2026-10-08T21:14:00,23.1,53.0,58.3,37,0
2026-10-08T21:15:00,25.5,53.8,58.4,42,1
2026-10-08T21:16:00,27.1,53.7,58.1,37,0
2026-10-08T21:17:00,27.5,52.2,58.1,41,0
2026-10-08T21:18:00,26.3,53.8,58.0,37,0
2026-10-08T21:19:00,26.1,53.8,58.0,42,0
2026-10-08T21:20:00,24.9,52.0,58.1,42,0
2026-10-08T21:21:00,21.4,51.0,58.0,39,0
2026-10-08T21:22:00,24.0,51.5,58.1,43,0
2026-10-08T21:23:00,25.5,52.8,57.8,42,0
2026-10-08T21:24:00,30.4,52.2,57.9,47,0
2026-10-08T21:25:00,30.6,51.0,58.1,44,0
2026-10-08T21:26:00,28.4,51.3,58.0,44,1
2026-10-08T21:27:00,26.6,52.1,58.0,51,2
2026-10-08T21:28:00,26.7,54.0,57.8,47,0
2026-10-08T21:29:00,26.9,53.6,57.9,43,0
2026-10-08T21:30:00,26.8,52.9,57.9,44,0
2026-10-08T21:31:00,31.7,53.4,58.1,49,0
2026-10-08T21:32:00,31.5,54.2,58.0,41,0
2026-10-08T21:33:00,28.2,55.2,57.8,41,0
2026-10-08T21:34:00,26.1,54.3,58.0,38,1
2026-10-08T21:35:00,25.2,51.4,58.0,36,0
2026-10-08T21:36:00,24.9,53.6,58.0,40,0
2026-10-08T21:37:00,22.9,50.9,58.0,41,0
2026-10-08T21:38:00,22.2,53.9,58.2,39,0
2026-10-08T21:39:00,19.9,53.0,58.3,41,1
2026-10-08T21:40:00,21.2,53.9,58.1,30,0
2026-10-08T21:41:00,20.6,53.5,58.0,36,0
2026-10-08T21:42:00,18.2,53.4,58.0,38,0
2026-10-08T21:43:00,21.4,52.1,58.0,36,0
2026-10-08T21:44:00,22.2,51.8,57.7,40,0
2026-10-08T21:45:00,25.8,51.5,57.7,37,0
2026-10-08T21:46:00,23.6,53.2,57.5,43,0
2026-10-08T21:47:00,28.1,53.8,57.5,52,0
2026-10-08T21:48:00,28.2,52.2,57.4,43,0
2026-10-08T21:49:00,28.6,53.1,57.4,32,0
2026-10-08T21:50:00,25.4,52.2,57.3,32,0
2026-10-08T21:51:00,26.7,51.4,57.4,36,0
2026-10-08T21:52:00,26.7,52.0,57.6,29,0
2026-10-08T21:53:00,27.3,53.5,57.9,25,0
2026-10-08T21:54:00,27.3,51.7,57.9,28,0
2026-10-08T21:55:00,24.8,52.2,58.0,30,1
2026-10-08T21:56:00,27.8,52.5,57.7,34,1
2026-10-08T21:57:00,25.3,53.6,57.7,44,1
2026-10-08T21:58:00,27.2,54.7,57.8,43,0
2026-10-08T21:59:00,28.1,53.9,57.9,34,0
2026-10-08T22:00:00,26.1,53.1,58.0,28,0
2026-10-08T22:01:00,25.4,51.0,58.0,36,0
2026-10-08T22:02:00,24.3,53.2,57.8,33,0
2026-10-08T22:03:00,24.3,52.3,58.1,44,1
2026-10-08T22:04:00,22.9,51.5,58.1,43,0
2026-10-08T22:05:00,24.7,50.3,58.1,42,0
2026-10-08T22:06:00,27.4,52.6,58.1,43,0
2026-10-08T22:07:00,25.8,51.5,58.1,48,0
2026-10-08T22:08:00,26.0,52.3,58.2,48,0
2026-10-08T22:09:00,23.1,53.7,58.2,47,0
2026-10-08T22:10:00,23.1,53.9,58.1,42,0
2026-10-08T22:11:00,22.3,52.4,58.2,34,1
2026-10-08T22:12:00,24.0,52.9,58.1,36,0
2026-10-08T22:13:00,26.7,51.5,58.2,36,0
2026-10-08T22:14:00,27.5,51.2,58.1,39,0
2026-10-08T22:15:00,25.5,50.6,58.2,35,0
2026-10-08T22:16:00,23.6,53.6,58.1,34,0
2026-10-08T22:17:00,18.4,53.9,58.2,29,0
2026-10-08T22:18:00,19.1,53.6,58.1,27,0
2026-10-08T22:19:00,17.6,54.6,58.1,25,0
2026-10-08T22:20:00,18.1,52.1,58.0,35,0
2026-10-08T22:21:00,23.1,52.0,58.0,37,0
2026-10-08T22:22:00,21.3,53.1,58.0,32,0
2026-10-08T22:23:00,20.3,52.5,58.1,36,0
2026-10-08T22:24:00,22.7,51.1,58.2,42,0
2026-10-08T22:25:00,22.6,54.4,58.3,49,0
2026-10-08T22:26:00,21.7,52.4,58.3,44,1
2026-10-08T22:27:00,24.0,54.1,58.3,44,0
2026-10-08T22:28:00,27.9,54.4,58.7,43,0
2026-10-08T22:29:00,27.1,54.6,58.3,47,0
2026-10-08T22:30:00,23.8,52.9,58.2,45,0
2026-10-08T22:31:00,22.9,52.3,58.2,36,0
2026-10-08T22:32:00,21.6,51.2,58.1,37,0
2026-10-08T22:33:00,23.6,53.2,58.1,36,1
2026-10-08T22:34:00,24.2,54.0,58.1,28,2
2026-10-08T22:35:00,24.0,54.2,58.3,22,0
2026-10-08T22:36:00,22.4,54.5,58.2,25,0
2026-10-08T22:37:00,24.2,53.7,58.1,29,0
2026-10-08T22:38:00,25.1,53.2,58.1,36,0
2026-10-08T22:39:00,23.6,53.1,58.3,44,0
2026-10-08T22:40:00,25.4,52.6,58.4,38,1
2026-10-08T22:41:00,27.7,52.9,58.1,39,0
2026-10-08T22:42:00,29.9,53.8,58.3,45,0
2026-10-08T22:43:00,26.8,54.3,58.2,38,0
2026-10-08T22:44:00,28.2,53.5,58.2,39,0
2026-10-08T22:45:00,27.5,53.7,58.5,45,0
2026-10-08T22:46:00,28.1,54.1,58.5,52,0
2026-10-08T22:47:00,25.8,53.0,58.3,45,0
2026-10-08T22:48:00,22.6,52.1,57.9,39,
2026-10-08T22:49:00,21.3,51.5,58.1,40,1
2026-10-08T22:50:00,21.0,51.0,57.8,45,0
2026-10-08T22:51:00,18.4,51.1,57.9,46,0
2026-10-08T22:52:00,21.2,51.3,57.8,36,0
2026-10-08T22:53:00,23.2,54.8,57.8,34,0
2026-10-08T22:54:00,24.6,54.7,57.8,37,1
2026-10-08T22:55:00,22.4,52.8,57.5,37,0
2026-10-08T22:56:00,25.2,53.2,57.9,39,0
2026-10-08T22:57:00,21.9,53.1,58.1,44,0
2026-10-08T22:58:00,25.9,53.0,57.9,42,0
2026-10-08T22:59:00,22.1,52.4,57.9,39,0
2026-10-08T23:00:00,21.1,52.2,57.8,36,0
2026-10-08T23:01:00,22.3,52.2,57.4,45,1
2026-10-08T23:02:00,26.0,52.0,57.7,46,0
2026-10-08T23:03:00,27.5,52.4,57.7,46,0
2026-10-08T23:04:00,36.0,52.5,57.8,51,0
2026-10-08T23:05:00,40.3,52.5,57.8,55,1
2026-10-08T23:06:00,39.9,52.2,57.5,60,0
2026-10-08T23:07:00,36.3,52.5,57.5,58,0
2026-10-08T23:08:00,33.8,52.2,57.6,56,0
2026-10-08T23:09:00,34.5,50.9,57.7,64,0
2026-10-08T23:10:00,34.9,50.3,57.7,62,0
2026-10-08T23:11:00,32.4,49.8,57.8,57,0
2026-10-08T23:12:00,35.4,52.0,57.6,62,1
2026-10-08T23:13:00,37.7,51.5,57.6,68,0
2026-10-08T23:14:00,39.3,51.9,57.6,69,0
2026-10-08T23:15:00,37.6,51.8,57.9,63,0
2026-10-08T23:16:00,36.4,51.9,58.0,69,0
2026-10-08T23:17:00,39.0,53.0,57.8,65,0
2026-10-08T23:18:00,40.3,51.3,58.1,60,
2026-10-08T23:19:00,40.8,54.5,58.0,67,0
2026-10-08T23:20:00,42.9,51.9,58.0,69,0
2026-10-08T23:21:00,42.3,53.6,57.9,70,0
2026-10-08T23:22:00,44.0,52.2,57.9,71,0
2026-10-08T23:23:00,44.0,52.5,57.7,66,0
2026-10-08T23:24:00,39.8,52.7,57.7,62,0
2026-10-08T23:25:00,43.4,52.1,57.9,61,0
2026-10-08T23:26:00,40.4,52.5,,59,0
2026-10-08T23:27:00,39.5,52.0,57.9,66,0
2026-10-08T23:28:00,36.7,52.4,57.9,58,0
2026-10-08T23:29:00,35.5,52.2,57.9,61,0
2026-10-08T23:30:00,39.0,51.8,57.9,70,0
2026-10-08T23:31:00,39.1,53.3,57.9,62,0
2026-10-08T23:32:00,37.9,52.6,57.6,57,0
2026-10-08T23:33:00,39.6,51.8,57.4,63,0
2026-10-08T23:34:00,37.7,52.6,57.4,62,0
2026-10-08T23:35:00,40.0,53.5,57.6,60,0
2026-10-08T23:36:00,38.5,52.5,57.8,54,0
2026-10-08T23:37:00,34.7,54.2,57.6,57,1
2026-10-08T23:38:00,30.6,54.6,57.5,47,0
2026-10-08T23:39:00,30.7,55.7,57.8,35,0
2026-10-08T23:40:00,28.3,56.5,58.1,18,1
2026-10-08T23:41:00,26.4,55.5,58.3,21,0
2026-10-08T23:42:00,27.1,54.6,58.4,26,0
2026-10-08T23:43:00,29.0,54.9,58.3,27,0
2026-10-08T23:44:00,28.8,53.1,58.4,32,0
2026-10-08T23:45:00,27.3,53.7,58.3,36,0
2026-10-08T23:46:00,26.9,55.6,58.3,39,0
2026-10-08T23:47:00,24.6,56.4,58.2,39,0
2026-10-08T23:48:00,25.9,54.5,58.3,43,0
2026-10-08T23:49:00,29.8,53.8,58.1,38,0
2026-10-08T23:50:00,29.3,53.6,58.2,39,0
2026-10-08T23:51:00,32.0,55.2,58.4,34,0
2026-10-08T23:52:00,30.8,54.9,58.1,32,0
2026-10-08T23:53:00,27.4,55.5,57.7,30,1
2026-10-08T23:54:00,28.3,56.5,57.8,36,0
2026-10-08T23:55:00,25.9,54.9,57.6,31,0
2026-10-08T23:56:00,26.4,53.3,57.8,32,0
2026-10-08T23:57:00,23.5,52.2,57.9,34,0
2026-10-08T23:58:00,26.4,53.3,57.8,31,0
2026-10-08T23:59:00,23.8,53.7,57.5,25,1
2026-10-09T00:00:00,25.1,52.3,57.8,32,0
2026-10-09T00:01:00,21.9,53.4,57.7,35,0
2026-10-09T00:02:00,21.9,53.6,58.1,38,0
2026-10-09T00:03:00,21.0,52.8,58.1,42,0
2026-10-09T00:04:00,20.1,54.0,58.1,39,0
2026-10-09T00:05:00,23.4,54.5,58.0,39,1
2026-10-09T00:06:00,24.1,54.9,58.1,37,0
2026-10-09T00:07:00,22.8,54.0,58.0,31,0
2026-10-09T00:08:00,18.9,53.0,57.9,37,0
2026-10-09T00:09:00,18.8,52.8,57.7,34,0
2026-10-09T00:10:00,18.4,52.1,57.9,34,0
2026-10-09T00:11:00,22.8,51.5,58.0,33,0
2026-10-09T00:12:00,24.5,50.8,58.2,38,0
2026-10-09T00:13:00,23.9,52.3,58.5,34,1
2026-10-09T00:14:00,23.2,52.3,58.1,35,0
2026-10-09T00:15:00,25.3,52.5,57.9,30,0
2026-10-09T00:16:00,26.3,53.4,58.2,26,0
2026-10-09T00:17:00,23.6,50.5,58.4,33,0
2026-10-09T00:18:00,22.5,52.3,58.0,40,0
2026-10-09T00:19:00,20.7,51.8,58.3,45,0
2026-10-09T00:20:00,21.5,51.1,57.8,43,0
2026-10-09T00:21:00,20.9,52.5,57.9,45,0
2026-10-09T00:22:00,15.4,54.4,57.9,39,2
2026-10-09T00:23:00,17.7,54.4,58.2,44,0
2026-10-09T00:24:00,17.0,53.6,58.2,39,0
2026-10-09T00:25:00,18.3,53.1,58.4,38,0
2026-10-09T00:26:00,16.7,53.1,58.1,38,0
2026-10-09T00:27:00,22.3,53.1,58.2,36,0
2026-10-09T00:28:00,24.6,53.3,57.9,39,0
2026-10-09T00:29:00,26.6,51.9,57.9,30,0
2026-10-09T00:30:00,26.9,51.9,57.7,31,1
2026-10-09T00:31:00,27.9,52.3,57.8,27,0
2026-10-09T00:32:00,29.1,53.5,57.9,28,1
2026-10-09T00:33:00,27.9,52.2,58.2,28,0
2026-10-09T00:34:00,25.6,53.3,58.1,30,0
2026-10-09T00:35:00,25.8,52.5,58.3,40,1
2026-10-09T00:36:00,24.4,54.2,58.0,41,0
2026-10-09T00:37:00,26.2,55.3,58.0,34,0
2026-10-09T00:38:00,25.2,55.6,58.1,26,0
2026-10-09T00:39:00,24.0,54.0,57.9,28,0
2026-10-09T00:40:00,23.1,54.2,57.6,27,0
2026-10-09T00:41:00,21.6,55.1,57.7,28,0
2026-10-09T00:42:00,22.5,54.6,57.9,31,0
2026-10-09T00:43:00,21.6,53.4,58.1,26,1
2026-10-09T00:44:00,20.0,53.6,58.1,32,1
2026-10-09T00:45:00,22.9,53.6,58.2,37,0
2026-10-09T00:46:00,25.1,54.4,58.0,34,2
2026-10-09T00:47:00,22.3,54.0,58.0,36,0
2026-10-09T00:48:00,25.6,54.1,58.0,35,0
2026-10-09T00:49:00,26.7,53.1,57.7,35,1
2026-10-09T00:50:00,26.3,54.2,57.3,32,0
2026-10-09T00:51:00,27.2,52.4,57.4,26,0
2026-10-09T00:52:00,27.9,54.3,57.5,27,0
2026-10-09T00:53:00,27.0,53.3,57.5,32,0
2026-10-09T00:54:00,26.0,53.6,57.7,39,0
2026-10-09T00:55:00,27.0,53.6,57.7,40,0
2026-10-09T00:56:00,28.0,53.5,58.0,46,0
2026-10-09T00:57:00,26.0,54.5,58.2,40,0
2026-10-09T00:58:00,26.2,,58.1,32,0
2026-10-09T00:59:00,25.5,54.5,57.9,23,0
2026-10-09T01:00:00,23.4,53.2,57.7,19,1
2026-10-09T01:01:00,26.2,53.8,57.9,20,0
2026-10-09T01:02:00,25.0,53.5,57.8,21,0
2026-10-09T01:03:00,24.5,53.7,57.6,30,0
2026-10-09T01:04:00,20.5,52.0,57.7,34,0
2026-10-09T01:05:00,21.1,53.0,57.8,32,0
2026-10-09T01:06:00,21.9,54.7,57.9,38,0
2026-10-09T01:07:00,22.1,53.6,58.0,38,0
2026-10-09T01:08:00,23.4,53.7,58.2,42,0
2026-10-09T01:09:00,25.8,54.6,58.1,48,0
2026-10-09T01:10:00,23.5,54.1,58.2,42,0
2026-10-09T01:11:00,24.3,52.8,57.9,41,0
2026-10-09T01:12:00,25.5,51.9,57.9,35,0
2026-10-09T01:13:00,24.9,52.5,57.9,36,0
2026-10-09T01:14:00,27.0,53.8,57.7,40,0
2026-10-09T01:15:00,25.9,52.2,58.0,39,0
2026-10-09T01:16:00,26.9,50.6,58.0,34,
2026-10-09T01:17:00,27.9,51.3,58.1,32,0
2026-10-09T01:18:00,27.0,53.4,58.0,36,0
2026-10-09T01:19:00,28.7,51.7,58.1,31,0
2026-10-09T01:20:00,28.7,52.8,58.0,43,1
2026-10-09T01:21:00,27.3,53.0,57.9,52,0
2026-10-09T01:22:00,23.7,54.0,58.2,53,1
2026-10-09T01:23:00,22.3,51.8,58.2,55,0
2026-10-09T01:24:00,25.7,53.0,57.8,46,0
2026-10-09T01:25:00,25.6,51.7,58.0,30,0
2026-10-09T01:26:00,23.8,51.8,58.0,27,0
2026-10-09T01:27:00,25.5,53.2,58.2,32,0
2026-10-09T01:28:00,24.3,52.0,58.3,33,1
2026-10-09T01:29:00,24.7,53.2,58.0,34,0
2026-10-09T01:30:00,22.6,54.2,58.1,43,0
2026-10-09T01:31:00,23.0,52.8,58.3,38,0
2026-10-09T01:32:00,25.7,52.3,58.4,35,2
2026-10-09T01:33:00,24.0,53.1,58.3,42,0
2026-10-09T01:34:00,25.5,53.3,58.1,40,0
2026-10-09T01:35:00,26.3,54.1,58.1,35,1
2026-10-09T01:36:00,28.1,55.0,57.9,37,0
2026-10-09T01:37:00,28.6,53.0,58.1,36,0
2026-10-09T01:38:00,26.8,52.7,58.2,37,1
2026-10-09T01:39:00,25.5,55.4,58.2,45,0
2026-10-09T01:40:00,25.4,55.6,57.9,41,0
2026-10-09T01:41:00,24.7,56.4,57.8,41,3
2026-10-09T01:42:00,25.8,54.5,57.8,40,0
2026-10-09T01:43:00,26.1,52.6,57.8,37,0
2026-10-09T01:44:00,24.5,53.4,57.8,31,1
2026-10-09T01:45:00,23.4,53.0,57.7,36,1
2026-10-09T01:46:00,25.6,52.0,58.0,34,0
2026-10-09T01:47:00,24.7,52.6,57.9,29,0
2026-10-09T01:48:00,24.6,50.5,57.9,35,0
2026-10-09T01:49:00,24.5,50.2,57.8,26,1
2026-10-09T01:50:00,25.8,49.9,57.8,34,0
2026-10-09T01:51:00,27.6,50.6,58.3,35,0
2026-10-09T01:52:00,27.5,52.2,58.1,37,0
2026-10-09T01:53:00,25.0,52.9,58.1,38,1
2026-10-09T01:54:00,24.7,52.7,58.3,35,0
2026-10-09T01:55:00,25.0,52.5,58.3,32,1
2026-10-09T01:56:00,22.0,52.7,58.2,34,1
2026-10-09T01:57:00,21.8,53.2,58.1,32,2
2026-10-09T01:58:00,21.3,53.9,58.3,24,0
2026-10-09T01:59:00,26.4,54.1,57.8,27,0
2026-10-09T02:00:00,24.8,51.9,57.9,33,0
2026-10-09T02:01:00,22.9,54.1,58.0,33,0
2026-10-09T02:02:00,21.1,54.6,58.1,29,0
2026-10-09T02:03:00,23.5,,,30,1
2026-10-09T02:04:00,23.6,55.3,58.0,32,0
2026-10-09T02:05:00,22.3,55.1,58.0,41,0
2026-10-09T02:06:00,19.8,53.8,58.2,35,0
2026-10-09T02:07:00,20.8,55.9,58.1,38,1
2026-10-09T02:08:00,22.7,54.8,57.9,44,0
2026-10-09T02:09:00,26.1,55.7,57.7,38,0
2026-10-09T02:10:00,26.2,56.4,58.0,43,0
2026-10-09T02:11:00,29.8,55.3,58.0,32,0
2026-10-09T02:12:00,30.3,53.7,57.9,25,1
2026-10-09T02:13:00,28.0,53.2,57.7,27,0
2026-10-09T02:14:00,28.4,52.5,57.6,29,0
2026-10-09T02:15:00,29.1,52.8,57.5,43,0
2026-10-09T02:16:00,25.7,52.4,57.8,33,0
2026-10-09T02:17:00,24.8,52.3,57.8,28,0
2026-10-09T02:18:00,26.6,52.8,57.8,37,0
2026-10-09T02:19:00,27.0,53.0,57.9,35,1
2026-10-09T02:20:00,26.8,53.2,57.8,34,0
2026-10-09T02:21:00,31.7,53.9,57.7,34,1
2026-10-09T02:22:00,32.1,55.1,57.7,33,0
2026-10-09T02:23:00,25.7,54.9,57.9,30,0
2026-10-09T02:24:00,26.1,53.2,57.8,35,0
2026-10-09T02:25:00,23.4,52.6,57.9,39,0
2026-10-09T02:26:00,27.1,53.6,58.2,39,0
2026-10-09T02:27:00,29.1,54.7,58.3,44,0
2026-10-09T02:28:00,29.8,54.4,58.3,50,1
2026-10-09T02:29:00,32.0,54.4,,48,0
2026-10-09T02:30:00,30.1,52.9,58.2,47,1
2026-10-09T02:31:00,27.3,53.6,58.1,39,0
2026-10-09T02:32:00,22.2,53.9,58.2,36,0
2026-10-09T02:33:00,24.0,53.8,58.4,36,1
2026-10-09T02:34:00,25.7,54.7,58.1,37,0
2026-10-09T02:35:00,27.9,53.9,58.1,33,0
2026-10-09T02:36:00,25.0,52.3,58.3,37,3
2026-10-09T02:37:00,26.3,53.0,57.9,35,0
2026-10-09T02:38:00,27.9,52.9,57.5,35,1
2026-10-09T02:39:00,27.3,53.0,57.2,31,0
2026-10-09T02:40:00,29.1,53.8,57.4,28,0
2026-10-09T02:41:00,28.6,52.9,57.4,30,0
2026-10-09T02:42:00,31.1,52.8,57.6,37,1
2026-10-09T02:43:00,32.8,51.3,57.6,39,1
2026-10-09T02:44:00,28.2,52.9,57.8,33,0
2026-10-09T02:45:00,24.2,52.8,57.8,36,1
2026-10-09T02:46:00,21.7,52.8,57.6,36,1
2026-10-09T02:47:00,21.9,53.9,57.8,32,1
2026-10-09T02:48:00,23.3,52.5,57.7,31,0
2026-10-09T02:49:00,18.2,52.8,57.7,36,0
2026-10-09T02:50:00,15.5,53.5,58.1,39,0
2026-10-09T02:51:00,18.5,53.7,58.2,34,1
2026-10-09T02:52:00,22.5,53.6,58.1,30,0
2026-10-09T02:53:00,19.6,52.7,58.1,26,0
2026-10-09T02:54:00,21.0,52.7,57.9,35,0
2026-10-09T02:55:00,21.8,52.6,58.1,29,0
2026-10-09T02:56:00,20.9,52.7,58.2,33,0
2026-10-09T02:57:00,21.8,50.8,58.2,39,0
2026-10-09T02:58:00,21.7,50.2,58.2,40,1
2026-10-09T02:59:00,22.8,51.5,58.1,34,0
2026-10-09T03:00:00,23.1,52.4,58.2,34,0
2026-10-09T03:01:00,22.1,52.6,58.1,37,0
2026-10-09T03:02:00,26.6,53.7,58.0,31,0
2026-10-09T03:03:00,25.6,56.0,57.7,24,1
2026-10-09T03:04:00,26.5,55.5,57.5,33,0
2026-10-09T03:05:00,24.5,57.5,57.5,40,0
2026-10-09T03:06:00,26.0,57.9,57.4,40,0
2026-10-09T03:07:00,24.7,56.4,57.3,27,0
2026-10-09T03:08:00,24.5,55.7,57.4,28,0
2026-10-09T03:09:00,27.0,52.7,57.4,22,2
2026-10-09T03:10:00,27.0,53.8,57.8,15,0
2026-10-09T03:11:00,27.8,51.4,57.7,20,0
2026-10-09T03:12:00,29.3,53.1,57.7,24,0
2026-10-09T03:13:00,25.7,51.9,57.8,29,0
2026-10-09T03:14:00,21.2,53.3,57.8,36,0
2026-10-09T03:15:00,24.3,53.4,58.0,42,0
2026-10-09T03:16:00,23.0,54.2,58.2,33,1
2026-10-09T03:17:00,25.5,53.6,57.8,45,0
2026-10-09T03:18:00,23.2,54.5,57.8,39,0
2026-10-09T03:19:00,22.6,55.0,57.8,37,0
2026-10-09T03:20:00,21.8,54.1,57.9,39,0
2026-10-09T03:21:00,22.8,53.6,58.0,35,0
2026-10-09T03:22:00,21.8,54.4,58.1,43,0
2026-10-09T03:23:00,21.7,55.4,58.1,43,0
2026-10-09T03:24:00,19.9,55.5,58.1,44,0
2026-10-09T03:25:00,14.7,55.2,58.0,40,0
2026-10-09T03:26:00,17.7,55.0,57.6,,0
2026-10-09T03:27:00,21.3,54.6,58.0,51,1
2026-10-09T03:28:00,19.9,55.0,58.1,49,0
2026-10-09T03:29:00,20.6,54.9,57.9,51,0
2026-10-09T03:30:00,22.0,53.2,58.1,47,0
2026-10-09T03:31:00,23.3,54.6,58.2,44,0
2026-10-09T03:32:00,21.7,53.3,58.0,45,0
2026-10-09T03:33:00,24.6,52.3,57.8,44,0
2026-10-09T03:34:00,23.9,55.2,57.7,47,0
2026-10-09T03:35:00,21.8,53.7,57.7,49,0
2026-10-09T03:36:00,20.8,54.7,57.7,45,0
2026-10-09T03:37:00,23.5,54.5,57.8,47,0
2026-10-09T03:38:00,24.3,56.3,57.7,46,0
2026-10-09T03:39:00,26.8,54.9,58.0,53,0
2026-10-09T03:40:00,24.6,57.1,58.1,52,0
2026-10-09T03:41:00,22.1,57.8,,51,1
2026-10-09T03:42:00,24.1,55.5,57.9,43,0
2026-10-09T03:43:00,25.0,54.0,57.5,45,1
2026-10-09T03:44:00,23.9,51.4,57.7,37,
2026-10-09T03:45:00,24.2,50.2,57.8,34,0
2026-10-09T03:46:00,25.6,51.7,58.0,34,0
2026-10-09T03:47:00,25.8,49.9,57.9,37,0
2026-10-09T03:48:00,23.0,52.0,57.6,43,0
2026-10-09T03:49:00,25.8,53.2,58.2,39,0
2026-10-09T03:50:00,26.7,53.7,57.9,37,0
2026-10-09T03:51:00,28.4,53.9,57.6,36,0
2026-10-09T03:52:00,27.3,52.2,57.5,24,0
2026-10-09T03:53:00,26.6,50.4,57.7,25,0
2026-10-09T03:54:00,22.2,49.7,57.5,31,0
2026-10-09T03:55:00,24.2,48.7,57.4,31,1
2026-10-09T03:56:00,24.3,50.5,57.7,37,0
2026-10-09T03:57:00,17.9,51.4,58.0,37,0
2026-10-09T03:58:00,20.1,52.9,57.9,35,0
2026-10-09T03:59:00,19.7,53.2,57.7,34,0
2026-10-09T04:00:00,19.2,52.3,57.6,33,0
2026-10-09T04:01:00,24.1,52.7,57.5,31,0
2026-10-09T04:02:00,23.5,51.1,57.5,33,0
2026-10-09T04:03:00,23.9,51.4,57.5,34,0
2026-10-09T04:04:00,23.4,52.4,57.6,34,0
2026-10-09T04:05:00,22.0,53.1,57.5,29,1
2026-10-09T04:06:00,22.5,52.6,57.6,24,0
2026-10-09T04:07:00,24.4,51.9,57.8,29,0
2026-10-09T04:08:00,24.9,52.2,57.8,42,0
2026-10-09T04:09:00,22.1,53.5,58.0,33,1
2026-10-09T04:10:00,20.7,54.0,57.9,39,0
2026-10-09T04:11:00,22.1,55.4,57.9,40,0
2026-10-09T04:12:00,23.0,56.3,57.9,44,0
2026-10-09T04:13:00,26.1,55.6,57.5,44,0
2026-10-09T04:14:00,25.1,55.7,57.7,40,0
2026-10-09T04:15:00,23.7,55.3,58.1,34,0
2026-10-09T04:16:00,25.0,54.3,58.2,28,0
2026-10-09T04:17:00,27.1,54.5,58.1,32,0
2026-10-09T04:18:00,,53.4,58.4,40,0
2026-10-09T04:19:00,27.5,52.8,58.2,45,0
2026-10-09T04:20:00,33.9,52.1,,42,0
2026-10-09T04:21:00,27.8,51.6,57.9,49,1
2026-10-09T04:22:00,26.7,52.3,58.1,45,0
2026-10-09T04:23:00,27.1,54.3,58.0,41,0
2026-10-09T04:24:00,30.3,54.2,57.9,40,1
2026-10-09T04:25:00,27.1,51.0,57.9,41,0
2026-10-09T04:26:00,19.6,51.7,57.8,41,0
2026-10-09T04:27:00,17.9,53.6,57.7,35,0
2026-10-09T04:28:00,19.4,55.1,57.7,39,0
2026-10-09T04:29:00,19.0,53.6,57.8,44,0
2026-10-09T04:30:00,18.6,53.8,58.0,37,0
2026-10-09T04:31:00,20.7,52.9,58.3,33,0
2026-10-09T04:32:00,22.1,51.6,58.1,37,0
2026-10-09T04:33:00,25.1,52.9,58.1,32,0
2026-10-09T04:34:00,24.5,53.7,58.2,33,0
2026-10-09T04:35:00,26.2,53.9,57.8,31,0
2026-10-09T04:36:00,23.9,53.4,57.9,29,0
2026-10-09T04:37:00,23.6,52.8,57.9,28,0
2026-10-09T04:38:00,27.1,55.1,57.7,30,0
2026-10-09T04:39:00,26.8,56.6,57.6,33,1
2026-10-09T04:40:00,24.7,55.2,57.8,35,0
2026-10-09T04:41:00,20.6,54.3,57.9,34,0
2026-10-09T04:42:00,19.6,53.3,58.1,30,0
2026-10-09T04:43:00,20.4,52.2,57.7,28,0
2026-10-09T04:44:00,22.4,51.6,57.8,30,1
2026-10-09T04:45:00,20.1,51.6,57.8,36,1
2026-10-09T04:46:00,23.0,51.5,57.6,32,0
2026-10-09T04:47:00,21.8,53.6,57.6,35,0
2026-10-09T04:48:00,23.0,54.9,57.7,38,0
2026-10-09T04:49:00,25.2,55.9,57.7,33,0
2026-10-09T04:50:00,27.0,53.8,57.6,36,0
2026-10-09T04:51:00,25.1,53.1,57.7,36,0
2026-10-09T04:52:00,22.7,52.2,57.8,35,0
2026-10-09T04:53:00,21.6,53.0,57.8,36,0
2026-10-09T04:54:00,23.6,53.6,57.7,38,0
2026-10-09T04:55:00,24.0,51.9,58.0,38,0
2026-10-09T04:56:00,,52.5,57.7,48,0
2026-10-09T04:57:00,24.8,52.5,57.6,50,0
2026-10-09T04:58:00,25.1,52.7,57.8,47,0
2026-10-09T04:59:00,26.6,54.3,57.7,43,0
2026-10-09T05:00:00,25.5,55.5,57.7,43,0
2026-10-09T05:01:00,25.0,54.1,58.1,45,0
2026-10-09T05:02:00,22.3,53.9,58.0,46,0
2026-10-09T05:03:00,21.9,52.6,57.7,39,0
2026-10-09T05:04:00,25.3,53.3,57.7,44,0
2026-10-09T05:05:00,26.8,52.3,57.9,37,0
2026-10-09T05:06:00,29.3,53.6,57.8,32,0
2026-10-09T05:07:00,29.4,51.7,57.7,34,1
2026-10-09T05:08:00,28.9,52.3,57.8,39,0
2026-10-09T05:09:00,29.9,53.1,57.9,33,1
2026-10-09T05:10:00,31.9,54.2,57.7,36,0
2026-10-09T05:11:00,27.9,52.6,57.6,32,1
2026-10-09T05:12:00,27.4,51.9,57.7,32,1
2026-10-09T05:13:00,29.3,52.6,58.0,28,0
2026-10-09T05:14:00,28.6,51.4,57.8,27,0
2026-10-09T05:15:00,25.3,53.9,57.8,24,1
2026-10-09T05:16:00,26.2,54.0,58.1,27,0
2026-10-09T05:17:00,27.6,53.9,57.9,25,1
2026-10-09T05:18:00,28.5,51.7,57.8,24,0
2026-10-09T05:19:00,26.2,52.6,57.6,22,0
2026-10-09T05:20:00,24.3,51.0,57.7,23,1
2026-10-09T05:21:00,27.4,49.7,57.6,28,0
2026-10-09T05:22:00,27.3,50.9,57.8,27,0
2026-10-09T05:23:00,24.6,50.6,57.9,27,0
2026-10-09T05:24:00,25.7,50.1,57.9,27,0
2026-10-09T05:25:00,29.6,50.2,58.2,22,0
2026-10-09T05:26:00,27.4,50.1,58.1,23,0
2026-10-09T05:27:00,25.4,49.5,58.1,21,0
2026-10-09T05:28:00,23.0,49.0,58.0,29,0
2026-10-09T05:29:00,25.1,51.5,57.7,37,0
2026-10-09T05:30:00,22.5,51.9,57.8,28,0
2026-10-09T05:31:00,22.8,52.7,57.9,28,1
2026-10-09T05:32:00,22.3,53.3,58.0,29,0
2026-10-09T05:33:00,22.5,50.3,58.0,27,0
2026-10-09T05:34:00,22.4,50.3,58.1,30,0
2026-10-09T05:35:00,22.2,50.2,57.9,31,0
2026-10-09T05:36:00,16.8,50.8,57.7,28,0
2026-10-09T05:37:00,18.6,51.2,58.2,34,0
2026-10-09T05:38:00,19.6,49.9,58.1,34,2
2026-10-09T05:39:00,18.8,49.7,57.9,34,0
2026-10-09T05:40:00,22.1,51.6,58.0,33,0
2026-10-09T05:41:00,21.1,51.5,58.1,31,1
2026-10-09T05:42:00,24.1,54.1,58.1,31,1
2026-10-09T05:43:00,25.5,53.5,58.2,,1
2026-10-09T05:44:00,24.7,53.7,58.0,33,0
2026-10-09T05:45:00,24.4,53.5,57.8,30,0
2026-10-09T05:46:00,24.7,53.1,58.0,32,0
2026-10-09T05:47:00,27.8,52.8,58.3,26,0
2026-10-09T05:48:00,29.6,51.3,58.4,30,0
2026-10-09T05:49:00,30.4,52.5,58.6,35,0
2026-10-09T05:50:00,28.9,54.1,58.4,28,0
2026-10-09T05:51:00,28.8,54.0,58.2,38,0
2026-10-09T05:52:00,28.0,52.8,58.3,38,0
2026-10-09T05:53:00,28.2,54.0,58.6,43,2
2026-10-09T05:54:00,26.7,55.2,58.2,30,0
2026-10-09T05:55:00,30.1,53.6,58.0,30,0
2026-10-09T05:56:00,30.8,53.4,57.9,34,1
2026-10-09T05:57:00,31.1,53.7,58.2,36,1
2026-10-09T05:58:00,28.9,52.8,58.3,34,0
2026-10-09T05:59:00,32.3,54.2,58.5,35,0
2026-10-09T06:00:00,31.9,55.9,58.5,36,1
2026-10-09T06:01:00,28.4,58.6,58.0,36,1
2026-10-09T06:02:00,28.1,56.9,57.9,40,0
2026-10-09T06:03:00,29.6,57.0,57.7,31,0
2026-10-09T06:04:00,33.6,55.3,58.0,36,0
2026-10-09T06:05:00,29.5,55.3,58.1,39,1
2026-10-09T06:06:00,24.7,54.1,58.1,41,0
2026-10-09T06:07:00,22.8,53.4,58.1,34,0
2026-10-09T06:08:00,25.6,55.0,58.2,43,0
2026-10-09T06:09:00,27.0,53.5,58.0,50,1
2026-10-09T06:10:00,27.9,52.7,58.3,44,0
2026-10-09T06:11:00,24.2,53.2,58.2,46,0
2026-10-09T06:12:00,25.4,54.2,58.2,49,0
2026-10-09T06:13:00,27.2,53.8,58.4,44,0
2026-10-09T06:14:00,26.4,54.5,58.2,47,0
2026-10-09T06:15:00,26.5,54.7,58.2,40,0
2026-10-09T06:16:00,24.8,54.8,58.2,35,0
2026-10-09T06:17:00,24.0,54.2,57.9,41,1
2026-10-09T06:18:00,23.8,54.0,57.9,38,0
2026-10-09T06:19:00,26.3,53.9,58.0,32,1
2026-10-09T06:20:00,24.4,55.5,58.0,30,0
2026-10-09T06:21:00,23.1,54.4,57.9,29,0
2026-10-09T06:22:00,22.7,53.4,58.0,24,0
2026-10-09T06:23:00,23.3,53.9,57.5,29,0
2026-10-09T06:24:00,24.5,55.2,57.4,29,0
2026-10-09T06:25:00,25.2,54.1,57.6,34,0
2026-10-09T06:26:00,25.4,54.7,57.7,32,0
2026-10-09T06:27:00,23.2,55.2,57.8,31,0
2026-10-09T06:28:00,26.4,53.5,57.7,32,0
2026-10-09T06:29:00,27.6,52.7,57.6,33,0
2026-10-09T06:30:00,28.1,53.2,57.7,35,1
2026-10-09T06:31:00,25.9,53.5,57.5,30,0
2026-10-09T06:32:00,,52.9,57.5,39,1
2026-10-09T06:33:00,28.3,52.7,58.1,44,0
2026-10-09T06:34:00,25.5,53.8,57.8,37,0
2026-10-09T06:35:00,27.1,53.1,57.8,38,0
2026-10-09T06:36:00,23.7,54.1,58.0,34,0
2026-10-09T06:37:00,22.2,53.4,58.1,22,2
2026-10-09T06:38:00,22.1,53.0,58.1,26,0
2026-10-09T06:39:00,20.6,54.7,58.2,27,1
2026-10-09T06:40:00,21.4,54.8,58.0,26,0
2026-10-09T06:41:00,23.4,54.3,58.1,28,0
2026-10-09T06:42:00,24.4,54.4,57.9,25,1
2026-10-09T06:43:00,22.5,55.3,57.7,28,0
2026-10-09T06:44:00,22.1,55.3,57.9,34,0
2026-10-09T06:45:00,22.5,55.1,58.0,34,0
2026-10-09T06:46:00,25.0,54.6,58.1,34,0
2026-10-09T06:47:00,22.9,53.0,57.9,41,0
2026-10-09T06:48:00,23.0,51.0,58.1,42,0
2026-10-09T06:49:00,25.8,52.2,58.1,39,0
2026-10-09T06:50:00,26.6,54.4,58.0,38,0
2026-10-09T06:51:00,26.1,54.4,57.9,36,0
2026-10-09T06:52:00,,55.2,58.2,34,0
2026-10-09T06:53:00,23.8,53.1,58.3,36,0
2026-10-09T06:54:00,25.0,54.3,58.4,40,0
2026-10-09T06:55:00,19.3,53.9,58.3,48,0
2026-10-09T06:56:00,19.8,53.8,58.4,46,0
2026-10-09T06:57:00,21.8,53.0,58.4,37,0
2026-10-09T06:58:00,21.1,53.0,58.2,34,0
2026-10-09T06:59:00,21.9,51.6,58.1,46,1
2026-10-09T07:00:00,24.3,52.6,58.0,47,1
2026-10-09T07:01:00,24.7,51.7,58.1,50,0
2026-10-09T07:02:00,26.1,52.4,58.1,46,1
2026-10-09T07:03:00,30.2,53.8,58.0,46,0
2026-10-09T07:04:00,25.9,55.3,58.0,44,0
2026-10-09T07:05:00,27.7,53.6,58.0,42,0
2026-10-09T07:06:00,27.8,52.4,58.1,45,1
2026-10-09T07:07:00,27.8,53.2,58.3,46,1
2026-10-09T07:08:00,22.7,52.0,58.1,37,0
2026-10-09T07:09:00,23.7,53.7,58.1,39,0
2026-10-09T07:10:00,23.4,53.8,58.0,35,1
2026-10-09T07:11:00,25.2,54.6,57.9,36,0
2026-10-09T07:12:00,23.9,54.5,58.0,44,0
2026-10-09T07:13:00,24.5,55.0,57.9,42,0
2026-10-09T07:14:00,22.2,55.3,57.9,46,0
2026-10-09T07:15:00,20.9,54.9,58.1,52,0
2026-10-09T07:16:00,20.6,54.9,58.1,52,1
2026-10-09T07:17:00,22.2,55.0,58.1,50,
2026-10-09T07:18:00,21.3,55.3,58.2,36,0
2026-10-09T07:19:00,22.2,53.2,58.3,37,0
2026-10-09T07:20:00,25.1,52.6,58.1,41,0
2026-10-09T07:21:00,28.0,50.9,58.2,41,0
2026-10-09T07:22:00,26.4,53.1,58.3,42,0
2026-10-09T07:23:00,27.7,52.9,58.2,35,0
2026-10-09T07:24:00,30.0,53.4,58.2,34,0
2026-10-09T07:25:00,26.4,54.1,58.0,31,1
2026-10-09T07:26:00,25.7,53.9,58.0,26,0
2026-10-09T07:27:00,26.4,54.4,58.0,33,0
2026-10-09T07:28:00,25.3,54.4,58.3,32,0
2026-10-09T07:29:00,23.7,52.7,58.6,,0
2026-10-09T07:30:00,23.6,55.0,58.5,27,0
2026-10-09T07:31:00,23.0,55.9,58.1,23,1
2026-10-09T07:32:00,23.7,55.5,57.7,29,0
2026-10-09T07:33:00,23.7,53.1,57.9,33,0
2026-10-09T07:34:00,22.9,53.5,57.7,27,1
2026-10-09T07:35:00,24.0,54.5,57.7,29,1
2026-10-09T07:36:00,25.1,54.3,58.0,29,0
2026-10-09T07:37:00,25.9,54.0,58.1,29,0
2026-10-09T07:38:00,25.3,54.0,58.1,31,0
2026-10-09T07:39:00,25.2,54.9,57.9,31,0
2026-10-09T07:40:00,25.5,55.1,57.7,34,0
2026-10-09T07:41:00,25.5,53.0,58.0,31,0
2026-10-09T07:42:00,24.4,53.7,57.9,31,0
2026-10-09T07:43:00,24.9,53.9,58.1,31,0
2026-10-09T07:44:00,25.4,53.1,57.9,40,0
2026-10-09T07:45:00,29.2,53.5,58.0,47,1
2026-10-09T07:46:00,32.7,54.7,57.8,49,0
2026-10-09T07:47:00,31.9,55.0,57.9,40,0
2026-10-09T07:48:00,33.2,56.8,57.9,41,0
2026-10-09T07:49:00,33.1,54.3,58.0,43,0
2026-10-09T07:50:00,30.6,53.9,58.0,41,1
2026-10-09T07:51:00,30.8,54.2,58.1,41,0
2026-10-09T07:52:00,26.9,53.9,57.9,41,0
2026-10-09T07:53:00,30.2,53.1,57.9,39,0
2026-10-09T07:54:00,29.9,53.4,58.1,44,0
2026-10-09T07:55:00,30.4,53.9,57.8,37,0
2026-10-09T07:56:00,29.3,53.4,58.0,35,0
2026-10-09T07:57:00,28.4,51.9,57.7,28,1
2026-10-09T07:58:00,28.2,53.1,57.7,32,0
2026-10-09T07:59:00,25.3,53.1,57.9,42,1
2026-10-09T08:00:00,24.9,54.9,57.8,37,1
2026-10-09T08:01:00,27.1,55.3,57.8,48,0
2026-10-09T08:02:00,26.1,54.8,58.1,37,0
2026-10-09T08:03:00,25.9,54.7,57.9,43,0
2026-10-09T08:04:00,28.2,53.2,57.9,39,1
2026-10-09T08:05:00,29.7,54.3,57.9,49,0
2026-10-09T08:06:00,31.6,52.1,57.8,46,0
2026-10-09T08:07:00,29.9,52.0,57.9,53,0
2026-10-09T08:08:00,28.4,53.6,58.0,46,0
2026-10-09T08:09:00,26.7,53.9,58.0,38,0
2026-10-09T08:10:00,25.3,54.5,58.0,37,0
2026-10-09T08:11:00,26.4,55.4,57.8,33,0
2026-10-09T08:12:00,27.0,55.0,58.2,33,0
2026-10-09T08:13:00,25.0,55.1,58.1,33,0
2026-10-09T08:14:00,,53.3,58.5,35,0
2026-10-09T08:15:00,25.1,53.2,58.2,40,0
2026-10-09T08:16:00,24.8,53.0,58.5,44,0
2026-10-09T08:17:00,24.4,52.5,58.3,44,0
2026-10-09T08:18:00,24.6,54.3,58.1,38,0
2026-10-09T08:19:00,24.9,53.5,57.9,32,0
2026-10-09T08:20:00,22.4,53.6,57.9,39,0
2026-10-09T08:21:00,21.7,53.3,57.7,37,0
2026-10-09T08:22:00,23.3,53.0,57.9,42,0
2026-10-09T08:23:00,24.9,53.7,58.3,37,1
2026-10-09T08:24:00,24.7,54.0,58.3,34,0
2026-10-09T08:25:00,23.5,53.3,58.4,39,2
2026-10-09T08:26:00,24.6,53.8,58.5,45,1
2026-10-09T08:27:00,24.5,54.3,58.6,44,0
2026-10-09T08:28:00,23.2,53.5,58.1,50,0
2026-10-09T08:29:00,22.7,52.7,58.2,45,0
2026-10-09T08:30:00,,53.9,58.4,42,0
2026-10-09T08:31:00,23.7,54.7,58.3,37,0
2026-10-09T08:32:00,21.7,54.7,58.2,43,0
2026-10-09T08:33:00,23.4,54.2,58.1,45,0
2026-10-09T08:34:00,24.7,54.2,58.1,35,0
2026-10-09T08:35:00,24.1,54.3,58.1,42,0
2026-10-09T08:36:00,22.0,53.3,58.3,37,0
2026-10-09T08:37:00,19.8,,58.2,40,0
2026-10-09T08:38:00,19.4,53.1,58.2,36,0
2026-10-09T08:39:00,,53.3,58.1,35,1
2026-10-09T08:40:00,18.9,53.8,58.3,34,0
2026-10-09T08:41:00,17.8,55.1,58.7,36,0
2026-10-09T08:42:00,19.3,55.9,58.7,38,0
2026-10-09T08:43:00,18.9,55.7,58.5,36,0
2026-10-09T08:44:00,20.1,54.5,58.3,41,0
2026-10-09T08:45:00,20.8,55.0,58.3,38,0
2026-10-09T08:46:00,23.1,55.3,58.3,43,0
2026-10-09T08:47:00,25.7,53.1,58.5,33,0
2026-10-09T08:48:00,25.3,54.4,58.6,32,1
2026-10-09T08:49:00,24.3,54.3,58.5,33,0
2026-10-09T08:50:00,23.5,55.8,58.6,35,0
2026-10-09T08:51:00,24.0,55.1,58.6,40,0
2026-10-09T08:52:00,25.2,57.0,58.5,39,0
2026-10-09T08:53:00,26.0,55.6,58.5,45,0
2026-10-09T08:54:00,23.4,57.1,58.2,40,1
2026-10-09T08:55:00,25.5,54.4,58.6,45,0
2026-10-09T08:56:00,26.1,54.2,58.1,42,0
2026-10-09T08:57:00,25.0,53.4,58.1,42,0
2026-10-09T08:58:00,26.5,54.0,58.1,40,0
2026-10-09T08:59:00,27.0,55.3,58.1,34,0
2026-10-09T09:00:00,29.2,56.1,58.0,38,0
2026-10-09T09:01:00,31.1,56.7,57.8,36,0
2026-10-09T09:02:00,29.9,55.3,58.3,34,1
2026-10-09T09:03:00,34.7,57.0,58.2,39,1
2026-10-09T09:04:00,29.8,57.9,58.2,43,0
2026-10-09T09:05:00,27.8,56.4,58.1,41,0
2026-10-09T09:06:00,27.4,56.0,58.2,37,0
2026-10-09T09:07:00,26.0,54.9,58.4,32,0
2026-10-09T09:08:00,28.4,54.2,58.6,33,1
2026-10-09T09:09:00,30.3,53.0,58.4,33,0
2026-10-09T09:10:00,30.3,54.1,58.6,30,0
2026-10-09T09:11:00,29.9,53.4,58.5,38,0
2026-10-09T09:12:00,27.5,54.1,58.3,44,0
2026-10-09T09:13:00,28.4,54.3,58.3,46,1
2026-10-09T09:14:00,30.5,54.4,58.1,48,0
2026-10-09T09:15:00,28.6,53.0,58.2,48,0
2026-10-09T09:16:00,27.4,52.9,58.5,52,0
2026-10-09T09:17:00,28.4,52.7,58.3,50,1
2026-10-09T09:18:00,26.3,52.6,58.3,40,0
2026-10-09T09:19:00,27.3,52.3,58.2,47,0
2026-10-09T09:20:00,25.4,53.3,58.5,39,0
2026-10-09T09:21:00,25.3,54.0,58.6,46,1
2026-10-09T09:22:00,21.4,53.1,58.4,44,0
2026-10-09T09:23:00,24.7,53.0,58.5,38,0
2026-10-09T09:24:00,22.9,54.4,58.6,46,0
2026-10-09T09:25:00,22.3,54.3,58.5,37,0
2026-10-09T09:26:00,25.6,53.2,58.2,38,0
2026-10-09T09:27:00,28.4,54.0,58.0,38,0
2026-10-09T09:28:00,31.8,54.0,58.3,46,1
2026-10-09T09:29:00,28.8,53.7,58.6,49,0
2026-10-09T09:30:00,26.2,53.3,58.9,55,1
2026-10-09T09:31:00,27.0,52.6,58.5,44,
2026-10-09T09:32:00,27.1,52.7,58.3,35,2
2026-10-09T09:33:00,25.5,54.8,58.3,35,0
2026-10-09T09:34:00,25.6,55.4,58.5,40,1
2026-10-09T09:35:00,24.1,55.1,58.7,31,0
2026-10-09T09:36:00,23.8,53.3,58.5,38,0
2026-10-09T09:37:00,21.4,55.3,58.3,36,0
2026-10-09T09:38:00,23.6,56.5,58.3,31,1
2026-10-09T09:39:00,23.6,54.2,58.5,36,0
2026-10-09T09:40:00,24.3,53.9,,34,2
2026-10-09T09:41:00,26.0,52.8,58.9,32,0
2026-10-09T09:42:00,24.3,52.4,58.7,27,0
2026-10-09T09:43:00,24.4,52.1,59.0,34,0
2026-10-09T09:44:00,27.0,52.3,58.8,32,0
2026-10-09T09:45:00,26.2,52.8,58.7,44,0
2026-10-09T09:46:00,23.7,53.1,58.5,43,2
2026-10-09T09:47:00,24.3,53.3,58.6,40,1
2026-10-09T09:48:00,28.2,53.2,58.4,43,0
2026-10-09T09:49:00,28.2,55.0,58.4,48,1
2026-10-09T09:50:00,25.7,54.4,58.4,42,0
2026-10-09T09:51:00,27.8,55.0,58.6,43,0
2026-10-09T09:52:00,28.7,55.1,58.7,45,0
2026-10-09T09:53:00,27.9,55.0,58.6,45,1
2026-10-09T09:54:00,28.8,54.6,58.6,39,0
2026-10-09T09:55:00,26.3,53.6,58.4,34,1
2026-10-09T09:56:00,27.6,52.5,58.5,36,0
2026-10-09T09:57:00,30.0,,58.3,38,0
2026-10-09T09:58:00,28.6,52.5,58.4,40,1
2026-10-09T09:59:00,29.5,52.7,58.4,45,2
2026-10-09T10:00:00,26.7,53.9,58.5,50,0
2026-10-09T10:01:00,24.1,53.6,58.3,54,0
2026-10-09T10:02:00,22.6,52.2,58.4,57,0
2026-10-09T10:03:00,26.3,53.6,58.4,54,0
2026-10-09T10:04:00,23.4,53.6,58.8,50,0
2026-10-09T10:05:00,24.6,53.4,58.6,48,0
2026-10-09T10:06:00,23.8,52.6,58.4,45,0
2026-10-09T10:07:00,19.9,53.2,58.4,38,0
2026-10-09T10:08:00,19.8,53.9,58.4,27,1
2026-10-09T10:09:00,19.1,54.9,58.2,22,0
2026-10-09T10:10:00,22.5,56.5,58.3,19,0
2026-10-09T10:11:00,22.4,54.5,58.5,30,2
2026-10-09T10:12:00,22.3,53.5,58.7,32,1
2026-10-09T10:13:00,20.2,52.9,58.7,48,0
2026-10-09T10:14:00,19.6,54.3,58.6,52,0
2026-10-09T10:15:00,18.2,54.0,58.6,44,1
2026-10-09T10:16:00,19.8,54.0,58.6,45,0
2026-10-09T10:17:00,22.3,53.8,58.4,51,2
2026-10-09T10:18:00,23.6,55.1,58.4,58,0
2026-10-09T10:19:00,25.8,56.3,58.6,54,0
2026-10-09T10:20:00,26.7,56.0,58.2,54,0
2026-10-09T10:21:00,23.7,55.5,58.1,53,0
2026-10-09T10:22:00,28.4,55.8,58.1,51,0
2026-10-09T10:23:00,26.7,55.6,58.3,49,1
2026-10-09T10:24:00,27.0,56.4,58.2,44,0
2026-10-09T10:25:00,25.4,56.3,58.1,32,0
2026-10-09T10:26:00,23.8,57.3,57.9,33,0
2026-10-09T10:27:00,25.0,56.8,57.7,34,2
2026-10-09T10:28:00,23.7,55.6,58.0,44,0
2026-10-09T10:29:00,24.7,54.9,58.1,45,0
2026-10-09T10:30:00,24.3,56.1,58.2,44,1
2026-10-09T10:31:00,24.3,56.9,58.2,46,1
2026-10-09T10:32:00,23.1,54.2,58.1,45,0
2026-10-09T10:33:00,25.3,53.8,58.2,46,1
2026-10-09T10:34:00,25.9,55.8,58.3,43,0
2026-10-09T10:35:00,28.0,56.2,58.5,41,1
2026-10-09T10:36:00,30.2,55.4,58.5,41,0
2026-10-09T10:37:00,28.8,54.8,58.4,39,3
2026-10-09T10:38:00,27.5,56.8,58.5,36,0
2026-10-09T10:39:00,29.1,56.2,58.3,32,0
2026-10-09T10:40:00,28.8,55.5,58.1,39,0
2026-10-09T10:41:00,26.8,55.7,58.1,51,0
2026-10-09T10:42:00,28.5,54.4,58.5,50,0
2026-10-09T10:43:00,27.0,53.9,58.3,43,0
2026-10-09T10:44:00,24.0,54.9,58.4,56,0
2026-10-09T10:45:00,27.0,55.8,58.8,49,0
2026-10-09T10:46:00,25.6,54.1,58.8,41,0
2026-10-09T10:47:00,27.3,53.5,58.7,33,0
2026-10-09T10:48:00,27.2,52.7,58.5,38,1
2026-10-09T10:49:00,30.9,53.0,58.3,30,0
2026-10-09T10:50:00,29.6,54.5,58.2,37,0
2026-10-09T10:51:00,27.0,54.2,58.4,36,1
2026-10-09T10:52:00,27.6,53.7,58.1,33,0
2026-10-09T10:53:00,27.3,56.0,58.3,27,0
2026-10-09T10:54:00,26.8,55.2,58.1,25,1
2026-10-09T10:55:00,26.1,56.1,58.4,27,0
2026-10-09T10:56:00,27.4,57.0,58.6,34,1
2026-10-09T10:57:00,27.8,58.0,58.5,38,1
2026-10-09T10:58:00,26.5,56.0,58.5,33,0
2026-10-09T10:59:00,22.1,56.4,58.5,35,0
2026-10-09T11:00:00,24.6,55.6,58.7,30,1
2026-10-09T11:01:00,25.4,55.8,58.8,41,0
2026-10-09T11:02:00,25.0,57.6,58.8,38,0
2026-10-09T11:03:00,24.2,56.5,58.5,42,0
2026-10-09T11:04:00,26.1,55.7,58.6,40,1
2026-10-09T11:05:00,27.1,55.0,58.5,42,0
2026-10-09T11:06:00,24.2,52.6,58.5,44,0
2026-10-09T11:07:00,28.6,52.8,58.5,41,0
2026-10-09T11:08:00,30.8,54.6,58.6,38,1
2026-10-09T11:09:00,28.8,54.7,58.7,33,1
2026-10-09T11:10:00,26.8,55.7,58.7,30,1
2026-10-09T11:11:00,27.0,56.4,58.5,31,0
2026-10-09T11:12:00,26.6,56.5,58.6,32,0
2026-10-09T11:13:00,22.4,54.8,58.4,34,0
2026-10-09T11:14:00,18.9,53.2,58.5,40,
2026-10-09T11:15:00,18.4,54.4,58.8,38,0
2026-10-09T11:16:00,22.0,54.4,,43,0
2026-10-09T11:17:00,23.2,54.6,58.6,38,0
2026-10-09T11:18:00,20.4,53.8,58.6,41,0
2026-10-09T11:19:00,21.3,51.5,58.3,31,1
2026-10-09T11:20:00,22.8,52.9,58.5,35,0
2026-10-09T11:21:00,24.2,52.4,58.6,43,0
2026-10-09T11:22:00,23.7,54.5,58.5,48,0
2026-10-09T11:23:00,22.5,52.5,58.3,48,0
2026-10-09T11:24:00,24.0,52.0,58.5,43,0
2026-10-09T11:25:00,24.1,52.5,58.3,44,1
2026-10-09T11:26:00,21.2,51.7,58.4,41,0
2026-10-09T11:27:00,25.6,53.2,58.4,35,1
2026-10-09T11:28:00,24.3,51.9,58.6,24,0
2026-10-09T11:29:00,24.9,52.1,58.8,26,0
2026-10-09T11:30:00,28.7,52.7,58.7,28,0
2026-10-09T11:31:00,25.7,52.6,58.9,38,0
2026-10-09T11:32:00,27.3,51.6,58.8,36,0
2026-10-09T11:33:00,24.5,50.5,58.8,34,0
2026-10-09T11:34:00,28.7,49.1,58.6,41,0
2026-10-09T11:35:00,32.9,50.9,58.6,45,0
2026-10-09T11:36:00,32.9,52.4,58.6,46,0
2026-10-09T11:37:00,33.0,52.2,58.5,44,1
2026-10-09T11:38:00,34.0,51.8,58.5,42,1
2026-10-09T11:39:00,29.2,53.5,58.9,38,1
2026-10-09T11:40:00,29.6,52.4,58.8,32,
2026-10-09T11:41:00,28.9,52.9,58.6,41,0
2026-10-09T11:42:00,27.6,53.5,58.5,34,0
2026-10-09T11:43:00,26.8,55.5,58.4,41,0
2026-10-09T11:44:00,28.9,56.8,58.5,46,1
2026-10-09T11:45:00,27.6,56.9,58.9,35,0
2026-10-09T11:46:00,29.6,55.2,58.8,35,0
2026-10-09T11:47:00,30.1,56.0,59.0,34,0
2026-10-09T11:48:00,32.5,54.4,58.9,35,0
2026-10-09T11:49:00,30.8,53.9,59.2,39,1
2026-10-09T11:50:00,31.4,54.6,59.3,43,1
2026-10-09T11:51:00,30.5,53.9,59.1,43,0
2026-10-09T11:52:00,30.8,53.6,58.9,34,0
2026-10-09T11:53:00,27.3,53.5,58.9,39,0
2026-10-09T11:54:00,23.7,51.9,59.1,41,0
2026-10-09T11:55:00,20.2,54.5,59.0,38,
2026-10-09T11:56:00,21.2,52.3,59.0,38,1
2026-10-09T11:57:00,20.4,52.3,59.1,32,0
2026-10-09T11:58:00,24.2,52.8,58.9,36,
2026-10-09T11:59:00,23.3,53.9,58.9,44,0
2026-10-09T12:00:00,27.9,54.4,58.9,42,0
2026-10-09T12:01:00,28.7,53.1,58.5,36,0
2026-10-09T12:02:00,25.7,54.9,58.9,43,0
2026-10-09T12:03:00,26.7,53.6,58.8,37,0
2026-10-09T12:04:00,24.9,51.9,58.6,37,0
2026-10-09T12:05:00,24.5,53.4,58.7,42,1
2026-10-09T12:06:00,28.1,52.5,58.5,42,0
2026-10-09T12:07:00,29.1,53.0,58.6,48,2
2026-10-09T12:08:00,29.2,52.8,58.5,47,0
2026-10-09T12:09:00,28.7,52.9,58.6,38,0
2026-10-09T12:10:00,28.2,52.1,58.5,40,0
2026-10-09T12:11:00,26.4,52.9,58.5,40,0
2026-10-09T12:12:00,25.2,52.8,58.4,48,0
2026-10-09T12:13:00,23.6,52.7,58.8,36,1
2026-10-09T12:14:00,26.5,52.1,58.6,43,1
2026-10-09T12:15:00,25.0,52.3,58.8,52,0
2026-10-09T12:16:00,24.2,55.1,58.7,47,0
2026-10-09T12:17:00,25.4,56.9,59.0,43,1
2026-10-09T12:18:00,26.8,57.9,58.8,44,1
2026-10-09T12:19:00,30.0,57.3,58.9,45,0
2026-10-09T12:20:00,28.1,55.2,59.0,45,0
2026-10-09T12:21:00,24.4,54.1,59.2,47,0
2026-10-09T12:22:00,26.6,53.3,59.0,52,0
2026-10-09T12:23:00,25.5,53.5,58.9,46,0
2026-10-09T12:24:00,23.8,53.3,58.6,50,0
2026-10-09T12:25:00,25.3,52.9,58.8,40,0
2026-10-09T12:26:00,25.3,54.5,58.8,36,1
2026-10-09T12:27:00,25.0,54.2,58.7,33,1
2026-10-09T12:28:00,28.6,55.5,58.6,41,0
2026-10-09T12:29:00,30.6,55.5,58.3,37,2
2026-10-09T12:30:00,31.3,55.9,58.6,32,1
2026-10-09T12:31:00,27.6,55.1,58.7,35,0
2026-10-09T12:32:00,27.3,53.0,58.8,40,0
2026-10-09T12:33:00,25.4,54.4,58.7,47,1
2026-10-09T12:34:00,25.7,54.8,58.7,51,0
2026-10-09T12:35:00,24.5,55.1,59.1,57,1
2026-10-09T12:36:00,24.5,55.1,59.1,52,0
2026-10-09T12:37:00,27.6,54.6,59.0,46,0
2026-10-09T12:38:00,30.3,55.4,58.9,47,1
2026-10-09T12:39:00,32.5,56.0,58.9,49,0
2026-10-09T12:40:00,32.0,56.9,58.6,52,0
2026-10-09T12:41:00,30.5,56.8,58.6,49,0
2026-10-09T12:42:00,27.4,57.5,58.5,,0
2026-10-09T12:43:00,29.4,58.8,58.4,47,0
2026-10-09T12:44:00,28.2,58.8,58.8,60,0
2026-10-09T12:45:00,30.4,60.3,58.8,60,0
2026-10-09T12:46:00,33.8,58.0,58.9,54,0
2026-10-09T12:47:00,34.9,54.8,58.8,53,0
2026-10-09T12:48:00,32.3,54.3,58.8,56,2
2026-10-09T12:49:00,30.4,53.5,58.8,48,0
2026-10-09T12:50:00,30.9,52.2,59.0,43,1
2026-10-09T12:51:00,29.6,52.4,58.9,42,0
2026-10-09T12:52:00,29.4,53.6,58.9,45,0
2026-10-09T12:53:00,30.7,54.6,58.9,40,0
2026-10-09T12:54:00,32.4,53.5,58.9,38,1
2026-10-09T12:55:00,28.5,51.1,59.0,40,1
2026-10-09T12:56:00,28.5,52.4,59.0,38,0
2026-10-09T12:57:00,28.1,52.6,59.3,38,1
2026-10-09T12:58:00,26.5,53.1,58.8,35,2
2026-10-09T12:59:00,26.7,54.4,58.8,39,1
2026-10-09T13:00:00,26.3,55.8,58.8,30,0
2026-10-09T13:01:00,25.9,55.5,58.7,30,0
2026-10-09T13:02:00,23.6,54.7,58.6,37,0
2026-10-09T13:03:00,27.0,56.0,59.0,35,1
2026-10-09T13:04:00,23.8,55.9,58.9,37,1
2026-10-09T13:05:00,24.5,56.7,58.9,39,0
2026-10-09T13:06:00,27.0,56.3,58.8,37,0
2026-10-09T13:07:00,23.4,56.9,58.9,38,1
2026-10-09T13:08:00,24.1,57.8,58.9,42,0
2026-10-09T13:09:00,22.7,57.1,58.8,41,0
2026-10-09T13:10:00,22.6,54.3,59.0,44,0
2026-10-09T13:11:00,21.6,52.8,58.9,38,1
2026-10-09T13:12:00,26.3,52.7,58.9,36,0
2026-10-09T13:13:00,30.4,53.7,58.8,39,1
2026-10-09T13:14:00,26.0,54.0,58.8,38,0
2026-10-09T13:15:00,25.4,53.7,58.6,48,1
2026-10-09T13:16:00,25.1,54.1,59.0,49,0
2026-10-09T13:17:00,25.5,54.9,58.7,45,0
2026-10-09T13:18:00,25.4,54.4,58.7,42,0
2026-10-09T13:19:00,30.6,52.9,58.6,43,0
2026-10-09T13:20:00,30.5,52.9,58.6,47,0
2026-10-09T13:21:00,30.0,54.5,58.5,48,0
2026-10-09T13:22:00,26.2,55.9,58.4,46,0
2026-10-09T13:23:00,26.0,,58.6,43,1
2026-10-09T13:24:00,27.3,53.6,58.4,42,0
2026-10-09T13:25:00,23.7,53.4,58.5,43,0
2026-10-09T13:26:00,21.4,52.8,58.8,47,0
2026-10-09T13:27:00,25.5,53.6,59.0,47,0
2026-10-09T13:28:00,31.7,54.1,58.8,44,0
2026-10-09T13:29:00,30.6,55.1,59.2,45,1
2026-10-09T13:30:00,31.9,55.4,59.4,49,0
2026-10-09T13:31:00,34.1,54.2,59.4,46,2
2026-10-09T13:32:00,32.5,55.0,58.9,46,0
2026-10-09T13:33:00,30.9,56.1,59.0,50,0
2026-10-09T13:34:00,32.4,56.9,59.0,41,0
2026-10-09T13:35:00,29.4,55.7,59.0,37,2
2026-10-09T13:36:00,27.7,56.1,58.7,36,1
2026-10-09T13:37:00,25.3,,58.8,33,1
2026-10-09T13:38:00,29.1,54.9,58.9,37,0
2026-10-09T13:39:00,30.6,54.0,58.7,39,0
2026-10-09T13:40:00,30.4,52.2,59.0,41,0
2026-10-09T13:41:00,28.3,55.2,59.0,39,1
2026-10-09T13:42:00,28.7,55.8,58.8,47,0
2026-10-09T13:43:00,28.8,53.8,58.9,41,0
2026-10-09T13:44:00,29.6,55.9,58.8,50,1
2026-10-09T13:45:00,27.5,55.5,58.6,48,2
2026-10-09T13:46:00,28.1,56.4,58.8,43,0
2026-10-09T13:47:00,27.5,55.8,58.8,48,0
2026-10-09T13:48:00,27.2,55.4,58.9,45,0
2026-10-09T13:49:00,29.1,55.8,58.9,50,1
2026-10-09T13:50:00,27.6,54.9,59.0,42,0
2026-10-09T13:51:00,30.2,54.5,58.9,43,1
2026-10-09T13:52:00,29.8,53.4,58.8,41,0
2026-10-09T13:53:00,30.2,54.4,58.8,52,0
2026-10-09T13:54:00,29.8,53.1,58.8,53,0
2026-10-09T13:55:00,27.1,54.4,58.8,54,0
2026-10-09T13:56:00,25.2,53.3,58.9,53,1
2026-10-09T13:57:00,26.0,53.3,59.0,52,1
2026-10-09T13:58:00,24.7,54.4,58.9,42,0
2026-10-09T13:59:00,23.4,55.1,59.0,47,2
2026-10-09T14:00:00,23.9,54.0,59.0,47,0
2026-10-09T14:01:00,24.8,55.3,59.1,42,0
2026-10-09T14:02:00,25.2,55.9,59.0,40,1
2026-10-09T14:03:00,25.9,55.6,58.9,43,0
2026-10-09T14:04:00,26.5,55.1,58.8,50,0
2026-10-09T14:05:00,28.4,56.2,58.8,44,2
2026-10-09T14:06:00,28.7,56.8,58.6,42,0
2026-10-09T14:07:00,24.7,55.2,58.4,43,2
2026-10-09T14:08:00,25.9,56.8,58.5,36,0
2026-10-09T14:09:00,23.7,55.0,58.5,37,1
2026-10-09T14:10:00,24.0,54.7,58.7,34,0
2026-10-09T14:11:00,20.4,54.5,58.9,40,0
2026-10-09T14:12:00,24.1,55.6,59.2,39,1
2026-10-09T14:13:00,24.7,53.8,59.2,46,0
2026-10-09T14:14:00,28.3,55.0,59.0,46,1
2026-10-09T14:15:00,29.1,54.7,59.2,47,1
2026-10-09T14:16:00,29.0,55.7,59.3,42,0
2026-10-09T14:17:00,26.7,55.1,59.2,42,0
2026-10-09T14:18:00,27.8,55.1,58.9,46,1
2026-10-09T14:19:00,29.2,56.3,59.3,40,0
2026-10-09T14:20:00,29.0,55.1,59.3,33,1
2026-10-09T14:21:00,28.2,53.7,59.4,35,0
2026-10-09T14:22:00,25.7,53.7,59.2,42,0
2026-10-09T14:23:00,26.0,54.4,58.9,35,0
2026-10-09T14:24:00,25.5,54.3,59.0,36,1
2026-10-09T14:25:00,26.8,52.4,59.0,40,1
2026-10-09T14:26:00,26.6,52.5,58.9,37,0
2026-10-09T14:27:00,28.2,52.7,58.8,33,0
2026-10-09T14:28:00,27.6,53.0,58.8,34,1
2026-10-09T14:29:00,26.2,50.9,59.0,42,1
2026-10-09T14:30:00,24.4,50.4,59.0,47,0
2026-10-09T14:31:00,26.8,50.4,59.2,48,1
2026-10-09T14:32:00,25.9,51.8,59.2,52,2
2026-10-09T14:33:00,23.4,50.9,59.1,51,1
2026-10-09T14:34:00,22.9,52.8,59.3,58,1
2026-10-09T14:35:00,21.1,53.5,59.4,55,0
2026-10-09T14:36:00,22.7,54.5,59.1,60,0
2026-10-09T14:37:00,27.1,55.5,58.9,53,0
2026-10-09T14:38:00,29.1,56.1,59.0,55,0
2026-10-09T14:39:00,28.6,54.8,59.0,51,0
2026-10-09T14:40:00,28.4,55.0,59.0,45,1
2026-10-09T14:41:00,25.9,54.4,58.8,46,1
2026-10-09T14:42:00,25.1,53.1,58.9,49,0
2026-10-09T14:43:00,28.5,54.4,59.3,52,0
2026-10-09T14:44:00,26.5,56.1,59.2,47,0
2026-10-09T14:45:00,26.0,54.7,58.9,52,0
2026-10-09T14:46:00,27.5,55.2,59.0,43,1
2026-10-09T14:47:00,26.3,55.4,59.2,45,0
2026-10-09T14:48:00,28.1,55.9,59.2,45,1
2026-10-09T14:49:00,25.8,55.0,59.1,44,1
2026-10-09T14:50:00,29.0,55.1,58.8,45,0
2026-10-09T14:51:00,29.7,54.2,58.8,42,0
2026-10-09T14:52:00,26.6,52.9,58.9,41,0
2026-10-09T14:53:00,29.3,53.7,58.9,42,2
2026-10-09T14:54:00,28.8,53.2,59.1,42,0
2026-10-09T14:55:00,29.5,54.3,59.1,47,1
2026-10-09T14:56:00,28.3,53.0,59.3,46,0
2026-10-09T14:57:00,25.1,53.7,59.1,46,2
2026-10-09T14:58:00,27.5,53.8,58.9,47,0
2026-10-09T14:59:00,26.4,53.4,59.6,46,0
2026-10-09T15:00:00,26.5,53.3,59.2,47,0
2026-10-09T15:01:00,27.0,53.8,59.0,47,1
2026-10-09T15:02:00,21.2,55.0,59.1,43,0
2026-10-09T15:03:00,19.9,55.3,59.2,47,0
2026-10-09T15:04:00,22.9,53.9,59.2,54,0
2026-10-09T15:05:00,25.0,55.1,59.4,41,0
2026-10-09T15:06:00,24.2,54.9,59.2,40,0
2026-10-09T15:07:00,25.5,53.3,59.1,42,0
2026-10-09T15:08:00,29.0,53.1,59.1,45,0
2026-10-09T15:09:00,30.6,53.2,59.2,42,1
2026-10-09T15:10:00,28.8,54.9,59.4,47,2
2026-10-09T15:11:00,26.5,54.7,59.3,41,1
2026-10-09T15:12:00,25.9,54.3,59.5,42,0
2026-10-09T15:13:00,26.7,53.1,59.4,35,0
2026-10-09T15:14:00,27.2,53.5,59.2,41,0
2026-10-09T15:15:00,25.9,53.1,59.2,43,0
2026-10-09T15:16:00,30.4,53.1,59.0,51,0
2026-10-09T15:17:00,31.8,53.7,58.9,47,2
2026-10-09T15:18:00,29.2,56.4,58.8,48,0
2026-10-09T15:19:00,29.2,57.7,58.9,48,0
2026-10-09T15:20:00,27.2,56.9,59.0,44,0
2026-10-09T15:21:00,26.4,55.1,58.7,48,0
2026-10-09T15:22:00,27.7,54.7,58.9,47,0
2026-10-09T15:23:00,28.9,53.3,59.1,37,0
2026-10-09T15:24:00,28.7,54.0,59.1,42,0
2026-10-09T15:25:00,29.9,53.1,59.0,36,0
2026-10-09T15:26:00,33.3,55.7,59.0,40,0
2026-10-09T15:27:00,30.0,56.6,59.3,41,0
2026-10-09T15:28:00,26.1,57.7,59.2,45,0
2026-10-09T15:29:00,24.7,58.2,59.2,56,0
2026-10-09T15:30:00,24.4,55.4,59.3,59,1
2026-10-09T15:31:00,24.4,54.8,59.2,59,0
2026-10-09T15:32:00,25.4,55.6,59.3,49,1
2026-10-09T15:33:00,25.3,54.0,59.7,46,0
2026-10-09T15:34:00,26.7,56.1,59.5,44,2
2026-10-09T15:35:00,26.3,54.6,59.5,45,0
2026-10-09T15:36:00,26.8,55.9,59.2,51,0
2026-10-09T15:37:00,27.8,55.3,59.3,47,0
2026-10-09T15:38:00,28.7,54.6,59.2,52,0
2026-10-09T15:39:00,29.3,53.7,58.9,51,1
2026-10-09T15:40:00,30.2,51.3,59.1,52,0
2026-10-09T15:41:00,27.8,53.8,59.0,49,1
2026-10-09T15:42:00,29.9,54.5,59.3,45,1
2026-10-09T15:43:00,29.2,55.6,59.2,34,0
2026-10-09T15:44:00,25.7,56.0,59.4,38,1
2026-10-09T15:45:00,25.5,55.3,59.3,37,1
2026-10-09T15:46:00,27.0,54.2,59.1,38,0
2026-10-09T15:47:00,27.1,55.3,59.0,31,1
2026-10-09T15:48:00,26.1,54.7,59.2,25,1
2026-10-09T15:49:00,26.0,53.0,59.4,33,0
2026-10-09T15:50:00,24.0,55.6,59.0,33,0
2026-10-09T15:51:00,23.2,56.1,59.0,38,0
2026-10-09T15:52:00,26.7,55.3,58.8,41,0
2026-10-09T15:53:00,27.2,53.7,59.0,43,0
2026-10-09T15:54:00,27.4,54.2,59.0,55,0
2026-10-09T15:55:00,27.2,54.1,59.2,50,0
2026-10-09T15:56:00,28.3,55.1,59.1,42,0
2026-10-09T15:57:00,30.7,,59.3,38,0
2026-10-09T15:58:00,29.4,56.3,59.3,37,0
2026-10-09T15:59:00,27.3,55.8,59.3,44,1
2026-10-09T16:00:00,29.7,55.7,59.4,42,1
2026-10-09T16:01:00,29.7,55.6,59.5,39,0
2026-10-09T16:02:00,32.3,55.7,59.1,35,0
2026-10-09T16:03:00,31.3,55.2,59.2,40,0
2026-10-09T16:04:00,31.3,54.6,59.2,36,
2026-10-09T16:05:00,31.2,54.0,59.3,46,0
2026-10-09T16:06:00,34.5,54.7,59.4,49,0
2026-10-09T16:07:00,32.3,53.5,59.4,38,1
2026-10-09T16:08:00,29.2,53.7,59.5,40,1
2026-10-09T16:09:00,28.8,53.3,59.3,40,0
2026-10-09T16:10:00,27.4,54.2,59.4,46,1
2026-10-09T16:11:00,25.3,53.2,59.4,39,0
2026-10-09T16:12:00,27.3,52.1,59.2,43,0
2026-10-09T16:13:00,27.0,54.1,59.3,31,0
2026-10-09T16:14:00,30.0,55.2,59.4,35,0
2026-10-09T16:15:00,26.5,55.0,59.3,39,1
2026-10-09T16:16:00,25.4,54.7,59.5,39,1
2026-10-09T16:17:00,23.1,54.5,59.6,41,0
2026-10-09T16:18:00,26.2,54.8,59.5,42,0
2026-10-09T16:19:00,24.0,53.3,59.2,41,0
2026-10-09T16:20:00,26.1,52.9,59.3,42,0
2026-10-09T16:21:00,24.4,52.7,59.1,40,0
2026-10-09T16:22:00,26.7,53.3,59.1,32,0
2026-10-09T16:23:00,30.0,53.0,59.2,41,0
2026-10-09T16:24:00,27.9,54.3,59.1,41,1
2026-10-09T16:25:00,24.9,54.0,59.3,39,0
2026-10-09T16:26:00,28.6,53.5,59.2,46,0
2026-10-09T16:27:00,29.6,53.6,59.7,43,2
2026-10-09T16:28:00,29.3,54.4,59.8,44,0
2026-10-09T16:29:00,32.6,54.9,59.8,47,1
2026-10-09T16:30:00,30.7,53.3,59.8,44,0
2026-10-09T16:31:00,28.1,53.8,59.8,45,0
2026-10-09T16:32:00,26.0,52.8,59.7,42,0
2026-10-09T16:33:00,27.3,53.5,59.4,32,1
2026-10-09T16:34:00,29.6,52.9,59.6,39,0
2026-10-09T16:35:00,24.1,54.8,59.2,34,0
2026-10-09T16:36:00,23.5,53.1,59.5,34,0
2026-10-09T16:37:00,24.1,53.2,59.4,41,0
2026-10-09T16:38:00,24.6,51.7,59.4,39,0
2026-10-09T16:39:00,22.5,52.4,59.3,33,0
2026-10-09T16:40:00,21.6,52.5,59.1,41,1
2026-10-09T16:41:00,26.4,52.2,59.2,34,0
2026-10-09T16:42:00,28.3,50.1,59.1,39,0
2026-10-09T16:43:00,24.9,51.0,58.9,43,0
2026-10-09T16:44:00,25.9,51.9,59.0,37,0
2026-10-09T16:45:00,24.9,53.9,59.3,36,1
2026-10-09T16:46:00,24.4,56.3,59.2,40,0
2026-10-09T16:47:00,24.1,55.8,59.5,42,0
2026-10-09T16:48:00,27.2,54.4,59.8,40,0
2026-10-09T16:49:00,27.5,53.7,59.9,48,1
2026-10-09T16:50:00,26.7,53.9,59.8,35,0
2026-10-09T16:51:00,30.7,54.3,59.4,36,0
2026-10-09T16:52:00,29.1,54.3,59.5,37,0
2026-10-09T16:53:00,32.0,52.8,59.1,34,0
2026-10-09T16:54:00,30.9,52.1,59.5,39,2
2026-10-09T16:55:00,28.9,52.4,59.4,45,2
2026-10-09T16:56:00,27.6,53.2,59.1,46,0
2026-10-09T16:57:00,25.3,53.2,59.0,46,0
2026-10-09T16:58:00,28.8,53.4,58.9,44,0
2026-10-09T16:59:00,28.3,52.7,59.0,38,2
2026-10-09T17:00:00,27.0,53.0,59.1,42,0
2026-10-09T17:01:00,27.9,53.4,59.9,34,0
2026-10-09T17:02:00,26.0,53.3,60.7,34,0
2026-10-09T17:03:00,20.4,54.1,61.4,39,0
2026-10-09T17:04:00,23.6,53.8,62.2,39,0
2026-10-09T17:05:00,23.6,53.4,62.8,37,0
2026-10-09T17:06:00,27.7,52.2,63.6,39,0
2026-10-09T17:07:00,28.6,51.7,64.6,42,0
2026-10-09T17:08:00,30.1,54.2,64.9,46,1
2026-10-09T17:09:00,32.1,54.2,65.8,52,0
2026-10-09T17:10:00,37.1,54.4,66.5,55,0
2026-10-09T17:11:00,37.6,55.3,66.6,49,1
2026-10-09T17:12:00,36.8,54.8,66.4,52,0
2026-10-09T17:13:00,40.3,55.0,66.5,51,1
2026-10-09T17:14:00,41.1,53.3,66.5,43,0
2026-10-09T17:15:00,39.6,55.1,66.9,39,0
2026-10-09T17:16:00,37.6,53.8,66.6,45,0
2026-10-09T17:17:00,39.8,54.5,66.6,40,0
2026-10-09T17:18:00,35.5,54.8,66.7,42,0
2026-10-09T17:19:00,33.1,52.6,66.8,40,1
2026-10-09T17:20:00,35.3,53.4,66.9,36,1
2026-10-09T17:21:00,33.1,53.9,66.9,38,0
2026-10-09T17:22:00,36.8,56.2,66.8,28,0
2026-10-09T17:23:00,35.1,55.3,66.8,34,0
2026-10-09T17:24:00,34.4,54.7,66.2,36,1
2026-10-09T17:25:00,35.0,54.4,66.2,35,1
2026-10-09T17:26:00,36.0,54.3,66.5,40,0
2026-10-09T17:27:00,36.3,53.0,66.4,36,1
2026-10-09T17:28:00,35.3,,66.3,38,0
2026-10-09T17:29:00,36.5,53.0,66.4,34,0
2026-10-09T17:30:00,32.4,53.9,66.3,31,0
2026-10-09T17:31:00,34.5,53.4,66.6,28,1
2026-10-09T17:32:00,34.8,51.9,66.5,34,0
2026-10-09T17:33:00,29.9,50.9,66.5,38,1
2026-10-09T17:34:00,28.7,51.9,66.4,35,1
2026-10-09T17:35:00,33.1,53.0,66.8,36,0
2026-10-09T17:36:00,34.2,53.1,66.8,31,0
2026-10-09T17:37:00,32.3,51.8,66.7,30,2
2026-10-09T17:38:00,31.7,51.9,66.6,36,0
2026-10-09T17:39:00,34.6,52.7,66.7,40,1
2026-10-09T17:40:00,34.2,55.9,66.8,44,1
2026-10-09T17:41:00,34.7,55.3,66.6,47,0
2026-10-09T17:42:00,34.7,55.9,66.6,47,0
2026-10-09T17:43:00,33.0,54.2,66.3,51,0
2026-10-09T17:44:00,33.3,52.5,66.1,54,1
2026-10-09T17:45:00,29.8,52.9,66.3,52,0
2026-10-09T17:46:00,29.0,54.3,66.5,51,0
2026-10-09T17:47:00,30.8,55.4,66.6,41,0
2026-10-09T17:48:00,31.5,55.3,66.4,46,0
2026-10-09T17:49:00,28.9,55.4,66.3,34,0
2026-10-09T17:50:00,25.2,54.8,66.4,35,1
2026-10-09T17:51:00,26.6,55.7,66.2,34,0
2026-10-09T17:52:00,27.9,55.9,66.3,44,0
2026-10-09T17:53:00,29.2,57.1,66.3,49,1
2026-10-09T17:54:00,26.3,55.0,66.4,46,0
2026-10-09T17:55:00,27.5,54.1,66.6,47,0
2026-10-09T17:56:00,27.0,52.9,66.8,47,0
2026-10-09T17:57:00,26.4,53.1,66.7,55,0
2026-10-09T17:58:00,27.8,54.3,66.8,48,0
2026-10-09T17:59:00,28.4,54.5,66.5,33,0
2026-10-09T18:00:00,27.2,54.4,66.4,27,0
2026-10-09T18:01:00,27.7,54.6,66.5,32,0
2026-10-09T18:02:00,29.1,55.1,66.4,36,1
2026-10-09T18:03:00,31.7,55.2,66.6,31,0
2026-10-09T18:04:00,31.7,55.2,66.7,35,0
2026-10-09T18:05:00,32.2,55.8,66.8,38,0
2026-10-09T18:06:00,30.3,56.0,66.7,39,0
2026-10-09T18:07:00,27.8,55.5,66.7,39,1
2026-10-09T18:08:00,30.6,54.2,66.7,42,0
2026-10-09T18:09:00,32.3,55.4,66.7,43,0
2026-10-09T18:10:00,30.9,53.6,66.8,44,0
2026-10-09T18:11:00,34.1,53.7,66.6,45,0
2026-10-09T18:12:00,34.5,52.4,66.3,44,0
2026-10-09T18:13:00,33.3,53.7,66.4,46,0
2026-10-09T18:14:00,28.9,53.4,66.5,46,0
2026-10-09T18:15:00,29.2,53.4,66.4,37,0
2026-10-09T18:16:00,28.4,52.0,66.4,39,0
2026-10-09T18:17:00,29.5,52.9,66.6,47,1
2026-10-09T18:18:00,27.1,53.7,66.6,44,1
2026-10-09T18:19:00,27.3,53.9,66.3,,0
2026-10-09T18:20:00,30.1,53.7,66.3,42,0
2026-10-09T18:21:00,29.3,53.0,66.5,36,0
2026-10-09T18:22:00,33.1,52.6,66.6,34,0
2026-10-09T18:23:00,35.4,51.9,66.1,35,0
2026-10-09T18:24:00,37.4,52.2,66.1,37,0
2026-10-09T18:25:00,35.9,52.5,66.4,38,0
2026-10-09T18:26:00,30.8,53.2,66.5,35,1
2026-10-09T18:27:00,33.4,53.4,66.4,32,0
2026-10-09T18:28:00,32.2,52.4,66.7,41,0
2026-10-09T18:29:00,34.4,54.0,66.5,37,0
2026-10-09T18:30:00,31.7,55.0,66.4,37,0
2026-10-09T18:31:00,31.7,53.7,66.4,42,0
2026-10-09T18:32:00,29.7,54.3,66.5,40,0
2026-10-09T18:33:00,31.2,55.3,66.5,44,0
2026-10-09T18:34:00,32.9,54.3,66.3,41,0
2026-10-09T18:35:00,34.3,54.6,66.2,40,0
2026-10-09T18:36:00,32.5,56.3,66.1,44,2
2026-10-09T18:37:00,30.8,54.2,66.1,46,1
2026-10-09T18:38:00,31.2,53.7,65.9,44,0
2026-10-09T18:39:00,30.8,53.4,66.0,45,0
2026-10-09T18:40:00,24.6,54.2,66.3,40,0
2026-10-09T18:41:00,26.3,51.3,66.4,41,0
2026-10-09T18:42:00,26.7,51.4,,47,0
2026-10-09T18:43:00,28.9,52.6,66.8,42,1
2026-10-09T18:44:00,30.2,52.4,66.6,36,0
2026-10-09T18:45:00,28.7,53.1,66.8,33,0
2026-10-09T18:46:00,32.5,52.1,66.4,45,0
2026-10-09T18:47:00,31.7,53.4,66.2,39,0
2026-10-09T18:48:00,35.1,55.1,66.5,37,1
2026-10-09T18:49:00,35.2,54.2,66.6,38,0
2026-10-09T18:50:00,36.5,55.8,66.7,32,0
2026-10-09T18:51:00,37.1,55.6,66.7,28,1
2026-10-09T18:52:00,,55.1,66.6,32,0
2026-10-09T18:53:00,32.5,54.6,66.4,36,0
2026-10-09T18:54:00,34.1,52.1,66.4,40,1
2026-10-09T18:55:00,32.2,52.1,66.3,41,1
2026-10-09T18:56:00,32.3,51.0,66.2,41,1
2026-10-09T18:57:00,31.1,52.2,66.2,46,1
2026-10-09T18:58:00,30.8,52.3,66.2,45,1
2026-10-09T18:59:00,31.2,54.4,66.1,38,0
2026-10-09T19:00:00,31.2,53.8,66.3,41,0
2026-10-09T19:01:00,31.9,55.4,66.4,40,0
2026-10-09T19:02:00,28.8,53.8,66.4,47,0
2026-10-09T19:03:00,27.9,54.2,66.7,45,0
2026-10-09T19:04:00,27.7,54.7,66.6,42,0
2026-10-09T19:05:00,30.9,53.6,66.5,43,0
2026-10-09T19:06:00,30.8,53.0,66.3,37,0
2026-10-09T19:07:00,28.6,53.9,66.2,38,0
2026-10-09T19:08:00,31.2,52.4,66.6,40,0
2026-10-09T19:09:00,30.1,52.8,66.4,39,
2026-10-09T19:10:00,29.3,52.5,66.8,39,0
2026-10-09T19:11:00,31.4,52.2,66.9,43,0
2026-10-09T19:12:00,31.3,51.2,66.8,46,0
2026-10-09T19:13:00,32.1,52.3,66.8,45,0
2026-10-09T19:14:00,31.9,52.5,,36,0
2026-10-09T19:15:00,32.3,53.1,66.4,43,1
2026-10-09T19:16:00,32.8,52.2,66.4,44,0
2026-10-09T19:17:00,30.3,53.3,66.4,42,1
2026-10-09T19:18:00,31.0,53.7,66.5,36,1
2026-10-09T19:19:00,26.9,52.9,66.6,36,0
2026-10-09T19:20:00,31.5,52.3,66.5,39,0
2026-10-09T19:21:00,32.8,52.1,65.8,43,0
2026-10-09T19:22:00,32.9,52.7,65.2,46,0
2026-10-09T19:23:00,32.6,53.5,64.3,39,0
2026-10-09T19:24:00,30.6,52.9,63.8,32,0
2026-10-09T19:25:00,28.9,52.3,62.9,32,0
2026-10-09T19:26:00,24.2,53.5,62.5,32,0
2026-10-09T19:27:00,23.2,53.7,61.9,35,0
2026-10-09T19:28:00,21.3,50.7,61.4,33,0
2026-10-09T19:29:00,23.6,53.3,60.8,36,0
2026-10-09T19:30:00,22.0,53.5,59.9,28,0
2026-10-09T19:31:00,21.2,55.5,59.7,34,0
2026-10-09T19:32:00,24.3,56.3,59.7,34,1
2026-10-09T19:33:00,23.8,54.6,59.4,40,0
2026-10-09T19:34:00,22.1,54.2,59.7,43,0
2026-10-09T19:35:00,22.0,54.4,59.8,35,0
2026-10-09T19:36:00,22.6,52.4,59.7,42,0
2026-10-09T19:37:00,21.5,51.4,59.6,38,1
2026-10-09T19:38:00,22.2,50.6,59.7,39,0
2026-10-09T19:39:00,19.6,50.8,59.9,37,0
2026-10-09T19:40:00,19.3,52.5,59.9,36,0
2026-10-09T19:41:00,19.2,54.4,59.8,40,1
2026-10-09T19:42:00,23.3,52.5,60.0,30,0
2026-10-09T19:43:00,24.8,51.7,60.2,43,1
2026-10-09T19:44:00,28.3,51.4,60.1,42,1
2026-10-09T19:45:00,29.1,51.6,60.0,43,0
2026-10-09T19:46:00,29.8,53.6,59.8,33,0
2026-10-09T19:47:00,29.3,54.1,59.9,39,1
2026-10-09T19:48:00,34.7,52.4,60.1,41,0
2026-10-09T19:49:00,30.3,53.6,60.0,36,0
2026-10-09T19:50:00,32.3,53.4,60.3,35,0
2026-10-09T19:51:00,26.7,53.3,59.9,41,0
2026-10-09T19:52:00,24.0,53.7,59.8,42,0
2026-10-09T19:53:00,20.2,50.8,59.6,43,0
2026-10-09T19:54:00,20.1,52.0,59.6,39,1
2026-10-09T19:55:00,23.0,53.5,59.7,41,2
2026-10-09T19:56:00,23.4,54.2,59.7,34,0
2026-10-09T19:57:00,26.5,55.3,59.4,31,0
2026-10-09T19:58:00,25.3,53.8,59.3,28,0
2026-10-09T19:59:00,24.0,53.9,59.8,31,0
2026-10-09T20:00:00,24.7,51.8,59.9,30,0
2026-10-09T20:01:00,25.1,51.9,59.5,32,0
2026-10-09T20:02:00,26.7,51.4,59.8,35,0
2026-10-09T20:03:00,24.9,50.1,59.8,39,0
2026-10-09T20:04:00,24.7,53.9,59.8,42,0
2026-10-09T20:05:00,21.9,54.1,59.8,40,1
2026-10-09T20:06:00,19.0,54.3,59.9,35,0
2026-10-09T20:07:00,21.1,54.7,60.0,34,0
2026-10-09T20:08:00,25.8,54.6,59.8,39,0
2026-10-09T20:09:00,26.7,55.1,59.7,42,0
2026-10-09T20:10:00,25.5,53.2,60.1,32,0
2026-10-09T20:11:00,21.4,54.8,59.9,39,0
2026-10-09T20:12:00,18.5,54.3,60.0,42,0
2026-10-09T20:13:00,21.7,53.6,60.0,40,0
2026-10-09T20:14:00,21.2,54.5,60.0,44,2
2026-10-09T20:15:00,20.5,55.2,60.1,41,0
2026-10-09T20:16:00,21.2,54.5,59.7,43,0
2026-10-09T20:17:00,24.0,53.9,59.8,37,1
2026-10-09T20:18:00,24.0,52.3,60.0,42,0
2026-10-09T20:19:00,22.9,55.6,59.9,44,0
2026-10-09T20:20:00,20.8,56.1,59.8,46,0
2026-10-09T20:21:00,22.5,56.0,60.0,40,0
2026-10-09T20:22:00,23.6,54.0,59.9,41,0
2026-10-09T20:23:00,24.8,53.8,60.1,44,0
2026-10-09T20:24:00,21.9,54.2,59.7,43,1
2026-10-09T20:25:00,25.6,55.3,59.7,43,0
2026-10-09T20:26:00,23.8,55.4,59.7,42,0
2026-10-09T20:27:00,20.6,55.8,59.7,50,0
2026-10-09T20:28:00,20.6,55.2,59.6,48,0
2026-10-09T20:29:00,19.5,54.4,59.9,51,1
2026-10-09T20:30:00,21.3,54.9,60.0,54,1
2026-10-09T20:31:00,22.4,55.7,59.6,48,0
2026-10-09T20:32:00,23.6,56.1,59.7,55,1
2026-10-09T20:33:00,27.7,55.3,59.7,42,0
2026-10-09T20:34:00,27.1,57.8,59.8,35,0
2026-10-09T20:35:00,26.1,56.5,60.0,21,1
2026-10-09T20:36:00,28.8,56.6,59.9,24,3
2026-10-09T20:37:00,26.9,55.8,59.9,23,1
2026-10-09T20:38:00,26.8,54.2,59.9,23,0
2026-10-09T20:39:00,26.2,53.7,60.1,37,0
2026-10-09T20:40:00,25.5,53.0,60.2,36,0
2026-10-09T20:41:00,20.3,53.6,60.1,37,1
2026-10-09T20:42:00,22.5,52.7,59.9,40,1
2026-10-09T20:43:00,26.9,51.4,59.7,40,0
2026-10-09T20:44:00,23.6,52.0,59.9,33,1
2026-10-09T20:45:00,23.9,52.6,59.9,31,0
2026-10-09T20:46:00,25.4,52.6,59.9,35,0
2026-10-09T20:47:00,23.3,52.2,60.0,32,1
2026-10-09T20:48:00,24.6,52.1,60.1,38,0
2026-10-09T20:49:00,21.2,52.9,59.9,34,0
2026-10-09T20:50:00,24.5,53.6,59.9,37,0
2026-10-09T20:51:00,24.4,52.8,60.1,39,0
2026-10-09T20:52:00,20.0,53.0,60.2,35,0
2026-10-09T20:53:00,20.7,53.9,59.7,42,0
2026-10-09T20:54:00,22.5,55.3,60.0,36,0
2026-10-09T20:55:00,20.0,54.2,60.1,37,0
2026-10-09T20:56:00,22.8,53.3,60.2,40,0
2026-10-09T20:57:00,20.6,53.6,59.7,49,0
2026-10-09T20:58:00,22.5,54.9,60.0,41,0
2026-10-09T20:59:00,24.2,55.7,59.9,37,1
2026-10-09T21:00:00,23.5,54.0,60.0,36,0
2026-10-09T21:01:00,23.4,53.6,60.0,35,0
2026-10-09T21:02:00,24.6,52.6,60.1,40,0
2026-10-09T21:03:00,25.8,52.2,,42,0
2026-10-09T21:04:00,23.8,51.9,60.1,41,0
2026-10-09T21:05:00,23.1,52.2,60.4,41,1
2026-10-09T21:06:00,25.7,50.7,60.6,42,0
2026-10-09T21:07:00,24.1,51.9,60.4,37,0
2026-10-09T21:08:00,23.1,51.2,60.0,44,0
2026-10-09T21:09:00,21.0,51.5,60.1,46,0
2026-10-09T21:10:00,19.5,52.4,60.4,38,0
2026-10-09T21:11:00,23.9,50.9,60.2,41,1
2026-10-09T21:12:00,24.7,51.4,59.8,41,0
2026-10-09T21:13:00,25.3,51.4,60.0,41,0
2026-10-09T21:14:00,27.1,51.8,60.1,38,0
2026-10-09T21:15:00,20.6,52.6,60.0,42,1
2026-10-09T21:16:00,19.3,52.0,60.0,35,0
2026-10-09T21:17:00,22.6,53.0,60.0,29,0
2026-10-09T21:18:00,25.6,52.8,60.2,37,1
2026-10-09T21:19:00,24.6,51.8,59.9,35,0
2026-10-09T21:20:00,26.1,52.1,59.7,33,0
2026-10-09T21:21:00,25.8,54.0,59.6,39,0
2026-10-09T21:22:00,21.3,54.8,59.7,37,0
2026-10-09T21:23:00,23.9,53.7,59.6,35,0
2026-10-09T21:24:00,25.6,54.1,59.8,33,0
2026-10-09T21:25:00,23.9,54.8,59.9,32,0
2026-10-09T21:26:00,27.2,53.9,60.3,27,0
2026-10-09T21:27:00,28.4,52.2,60.3,32,1
2026-10-09T21:28:00,27.7,50.9,60.4,37,0
2026-10-09T21:29:00,23.2,54.0,60.2,29,0
2026-10-09T21:30:00,26.5,55.5,60.0,32,0
2026-10-09T21:31:00,25.2,55.5,60.1,33,0
2026-10-09T21:32:00,21.1,56.4,60.0,36,0
2026-10-09T21:33:00,21.2,55.6,59.8,35,0
2026-10-09T21:34:00,21.0,57.1,59.8,32,0
2026-10-09T21:35:00,23.3,56.6,60.0,33,0
2026-10-09T21:36:00,22.2,56.1,60.1,37,0
2026-10-09T21:37:00,19.4,54.9,60.2,36,0
2026-10-09T21:38:00,23.4,54.1,60.0,39,0
2026-10-09T21:39:00,23.3,53.4,60.3,39,1
2026-10-09T21:40:00,24.5,52.3,59.8,43,0
2026-10-09T21:41:00,24.7,51.8,59.7,44,0
2026-10-09T21:42:00,25.6,52.0,59.8,37,0
2026-10-09T21:43:00,26.1,52.9,59.9,34,0
2026-10-09T21:44:00,21.9,52.1,59.7,38,0
2026-10-09T21:45:00,23.6,53.2,60.0,37,0
2026-10-09T21:46:00,20.2,53.1,60.1,33,0
2026-10-09T21:47:00,19.3,52.4,60.0,38,1
2026-10-09T21:48:00,21.9,53.9,59.8,22,0
2026-10-09T21:49:00,24.9,53.0,60.0,19,0
2026-10-09T21:50:00,27.5,52.8,59.8,24,0
2026-10-09T21:51:00,25.4,53.8,60.0,26,0
2026-10-09T21:52:00,25.0,54.4,60.2,22,1
2026-10-09T21:53:00,27.1,56.3,60.3,32,0
2026-10-09T21:54:00,26.9,55.8,60.1,31,0
2026-10-09T21:55:00,29.1,55.8,60.4,36,0
2026-10-09T21:56:00,26.7,53.5,60.2,27,0
2026-10-09T21:57:00,25.0,52.8,60.2,33,2
2026-10-09T21:58:00,26.1,52.3,60.1,38,0
2026-10-09T21:59:00,27.2,53.2,60.0,33,0
2026-10-09T22:00:00,26.9,54.0,59.7,26,0
2026-10-09T22:01:00,26.8,53.5,59.8,29,0
2026-10-09T22:02:00,25.5,53.9,59.8,29,0
2026-10-09T22:03:00,26.6,52.9,59.9,26,1
2026-10-09T22:04:00,27.8,52.2,59.8,32,1
2026-10-09T22:05:00,29.9,52.0,59.4,24,0
2026-10-09T22:06:00,24.8,51.7,59.9,32,0
2026-10-09T22:07:00,22.9,50.4,60.0,27,0
2026-10-09T22:08:00,23.3,53.2,60.2,40,0
2026-10-09T22:09:00,23.0,54.4,60.2,39,1
2026-10-09T22:10:00,22.4,54.1,60.1,35,0
2026-10-09T22:11:00,21.3,54.1,60.4,36,2
2026-10-09T22:12:00,24.3,56.0,60.4,40,0
2026-10-09T22:13:00,24.4,56.8,60.4,39,2
2026-10-09T22:14:00,23.2,56.3,60.3,38,1
2026-10-09T22:15:00,26.5,55.3,60.4,44,0
2026-10-09T22:16:00,22.7,52.5,60.1,45,1
2026-10-09T22:17:00,21.3,53.3,60.0,49,1
2026-10-09T22:18:00,20.5,54.3,60.2,43,0
2026-10-09T22:19:00,19.0,54.2,60.4,41,0
2026-10-09T22:20:00,18.7,54.1,60.0,44,1
2026-10-09T22:21:00,14.6,51.6,59.8,35,1
2026-10-09T22:22:00,16.7,52.1,60.2,31,0
2026-10-09T22:23:00,21.3,51.7,60.4,29,0
2026-10-09T22:24:00,20.3,51.1,60.3,30,0
2026-10-09T22:25:00,20.5,52.6,60.1,35,0
2026-10-09T22:26:00,22.2,52.0,60.3,42,1
2026-10-09T22:27:00,24.1,50.1,60.1,40,1
2026-10-09T22:28:00,24.9,52.0,59.9,46,0
2026-10-09T22:29:00,25.1,51.5,59.9,43,0
2026-10-09T22:30:00,24.4,51.7,59.7,41,0
2026-10-09T22:31:00,27.2,54.0,60.0,42,0
2026-10-09T22:32:00,27.9,53.2,60.1,36,0
2026-10-09T22:33:00,29.1,51.7,60.0,34,1
2026-10-09T22:34:00,28.3,53.5,60.2,35,
2026-10-09T22:35:00,30.5,53.7,60.0,35,0
2026-10-09T22:36:00,33.3,52.5,60.0,41,0
2026-10-09T22:37:00,29.1,,60.0,37,0
2026-10-09T22:38:00,28.1,52.6,60.3,32,1
2026-10-09T22:39:00,27.9,51.8,60.2,30,0
2026-10-09T22:40:00,24.1,51.9,60.6,29,0
2026-10-09T22:41:00,25.1,50.5,60.7,36,0
2026-10-09T22:42:00,21.1,50.6,60.2,30,0
2026-10-09T22:43:00,24.0,50.3,60.2,28,0
2026-10-09T22:44:00,26.0,51.2,60.3,26,0
2026-10-09T22:45:00,29.4,51.5,60.2,21,0
2026-10-09T22:46:00,26.3,51.9,60.3,,0
2026-10-09T22:47:00,23.9,54.8,60.1,26,0
2026-10-09T22:48:00,23.0,52.5,,26,0
2026-10-09T22:49:00,22.8,51.7,60.2,27,0
2026-10-09T22:50:00,20.4,51.1,60.0,21,0
2026-10-09T22:51:00,20.0,52.3,60.2,25,0
2026-10-09T22:52:00,20.6,52.1,60.3,28,0
2026-10-09T22:53:00,22.7,52.8,60.3,29,0
2026-10-09T22:54:00,21.0,51.8,60.5,30,0
2026-10-09T22:55:00,27.1,51.4,60.6,35,0
2026-10-09T22:56:00,25.6,53.2,60.7,45,0
2026-10-09T22:57:00,24.8,52.2,60.7,40,1
2026-10-09T22:58:00,22.0,51.6,60.7,39,0
2026-10-09T22:59:00,26.8,52.1,60.6,36,0
2026-10-09T23:00:00,28.6,51.9,60.6,38,0
2026-10-09T23:01:00,30.4,51.6,60.8,41,0
2026-10-09T23:02:00,36.6,53.3,61.0,55,1
2026-10-09T23:03:00,40.0,54.4,61.0,49,0
2026-10-09T23:04:00,37.6,54.4,60.8,47,0
2026-10-09T23:05:00,41.5,54.2,60.9,55,0
2026-10-09T23:06:00,44.0,54.0,60.7,48,1
2026-10-09T23:07:00,40.1,53.7,60.5,58,0
2026-10-09T23:08:00,37.6,54.9,60.3,56,1
2026-10-09T23:09:00,35.2,53.4,60.2,59,0
2026-10-09T23:10:00,36.6,53.9,60.4,56,0
2026-10-09T23:11:00,38.4,52.9,60.3,59,1
2026-10-09T23:12:00,39.2,51.5,60.2,60,0
2026-10-09T23:13:00,40.3,52.1,60.3,57,1
2026-10-09T23:14:00,42.1,51.9,60.3,58,1
2026-10-09T23:15:00,39.2,53.4,60.2,52,1
2026-10-09T23:16:00,40.1,54.2,60.4,53,0
2026-10-09T23:17:00,35.9,53.9,60.4,54,0
2026-10-09T23:18:00,38.6,53.1,60.7,62,0
2026-10-09T23:19:00,37.7,51.1,60.8,70,0
2026-10-09T23:20:00,37.8,52.0,60.5,67,0
2026-10-09T23:21:00,38.7,53.6,60.4,71,0
2026-10-09T23:22:00,37.5,52.3,60.3,66,0
2026-10-09T23:23:00,37.8,54.4,60.2,57,0
2026-10-09T23:24:00,39.1,52.3,60.2,70,0
2026-10-09T23:25:00,38.5,52.2,60.3,68,0
2026-10-09T23:26:00,40.6,54.2,60.4,71,0
2026-10-09T23:27:00,39.3,53.9,60.3,67,0
2026-10-09T23:28:00,36.9,52.6,60.2,59,0
2026-10-09T23:29:00,36.3,51.5,60.5,53,0
2026-10-09T23:30:00,36.5,52.5,60.6,56,1
2026-10-09T23:31:00,35.9,51.3,60.7,56,0
2026-10-09T23:32:00,36.4,51.7,60.5,62,0
2026-10-09T23:33:00,38.1,54.1,60.4,60,0
2026-10-09T23:34:00,35.7,54.3,60.5,56,0
2026-10-09T23:35:00,38.0,53.6,60.6,55,0
2026-10-09T23:36:00,37.2,53.6,60.5,54,0
2026-10-09T23:37:00,31.1,54.6,60.7,48,1
2026-10-09T23:38:00,29.2,54.9,,43,0
2026-10-09T23:39:00,25.8,54.9,60.6,35,0
2026-10-09T23:40:00,22.9,54.1,60.4,35,0
2026-10-09T23:41:00,24.4,54.9,60.4,38,0
2026-10-09T23:42:00,24.3,55.1,,37,0
2026-10-09T23:43:00,24.1,55.5,60.3,31,2
2026-10-09T23:44:00,25.3,54.5,60.2,,0
2026-10-09T23:45:00,23.7,55.5,60.2,27,0
2026-10-09T23:46:00,24.1,53.9,60.2,29,0
2026-10-09T23:47:00,22.1,54.6,60.3,31,0
2026-10-09T23:48:00,21.2,53.0,60.4,40,0
2026-10-09T23:49:00,20.6,52.8,60.6,35,0
2026-10-09T23:50:00,22.8,52.7,60.8,31,0
2026-10-09T23:51:00,20.8,56.9,60.9,32,0
2026-10-09T23:52:00,21.0,56.3,60.7,30,0
2026-10-09T23:53:00,23.1,54.1,60.8,29,0
2026-10-09T23:54:00,25.8,52.4,60.7,35,0
2026-10-09T23:55:00,23.9,51.4,60.6,38,0
2026-10-09T23:56:00,23.6,54.1,60.7,33,0
2026-10-09T23:57:00,24.6,53.4,60.8,41,0
2026-10-09T23:58:00,24.5,52.5,60.7,39,1
2026-10-09T23:59:00,25.4,52.6,60.3,50,0
2026-10-10T00:00:00,26.7,53.6,60.3,46,0
2026-10-10T00:01:00,28.4,53.4,60.2,43,0
2026-10-10T00:02:00,27.7,54.0,60.3,41,0
2026-10-10T00:03:00,29.5,53.5,60.4,36,0
2026-10-10T00:04:00,33.2,53.5,60.6,39,0
2026-10-10T00:05:00,31.0,53.4,60.6,40,0
2026-10-10T00:06:00,30.6,54.3,,44,0
2026-10-10T00:07:00,27.2,51.8,60.8,46,0
2026-10-10T00:08:00,26.9,52.9,60.8,42,0
2026-10-10T00:09:00,26.0,54.7,60.7,44,0
2026-10-10T00:10:00,25.8,55.4,60.4,45,0
2026-10-10T00:11:00,23.3,52.8,60.4,45,0
2026-10-10T00:12:00,24.7,52.1,60.4,45,0
2026-10-10T00:13:00,23.3,52.6,60.4,44,0
2026-10-10T00:14:00,22.0,53.4,60.3,33,0
2026-10-10T00:15:00,23.1,54.1,60.5,33,0
2026-10-10T00:16:00,22.9,53.4,60.6,34,0
2026-10-10T00:17:00,24.3,55.6,60.8,38,0
2026-10-10T00:18:00,23.1,57.1,60.9,34,0
2026-10-10T00:19:00,24.6,56.3,60.8,33,0
2026-10-10T00:20:00,26.1,57.6,60.7,40,1
2026-10-10T00:21:00,25.5,54.5,60.8,31,0
2026-10-10T00:22:00,25.5,55.2,60.8,29,1
2026-10-10T00:23:00,24.8,55.8,60.9,35,0
2026-10-10T00:24:00,21.7,55.2,60.6,37,0
2026-10-10T00:25:00,22.0,56.9,60.9,33,0
2026-10-10T00:26:00,22.6,55.8,60.7,28,0
2026-10-10T00:27:00,26.2,53.4,60.7,30,0
2026-10-10T00:28:00,25.1,54.2,60.8,31,0
2026-10-10T00:29:00,21.6,53.6,61.1,37,0
2026-10-10T00:30:00,23.7,53.5,61.2,39,1
2026-10-10T00:31:00,25.1,53.0,61.1,40,0
2026-10-10T00:32:00,24.0,52.6,60.9,,0
2026-10-10T00:33:00,20.7,53.5,60.7,37,0
2026-10-10T00:34:00,25.1,54.5,60.8,33,1
2026-10-10T00:35:00,26.0,55.7,60.8,35,0
2026-10-10T00:36:00,24.2,55.0,60.9,38,1
2026-10-10T00:37:00,23.5,56.2,60.7,38,0
2026-10-10T00:38:00,26.1,55.8,60.7,47,0
2026-10-10T00:39:00,28.6,54.4,60.4,43,0
2026-10-10T00:40:00,23.7,54.2,60.5,45,0
2026-10-10T00:41:00,24.5,55.1,60.7,42,0
2026-10-10T00:42:00,24.9,54.8,60.9,36,0
2026-10-10T00:43:00,23.1,54.8,60.9,40,
2026-10-10T00:44:00,22.7,54.1,60.6,52,0
2026-10-10T00:45:00,21.8,55.0,60.7,34,0
2026-10-10T00:46:00,25.2,54.7,61.0,29,0
2026-10-10T00:47:00,25.7,55.1,61.2,36,0
2026-10-10T00:48:00,22.5,55.2,61.1,41,0
2026-10-10T00:49:00,24.1,54.2,60.9,50,0
2026-10-10T00:50:00,22.4,55.5,60.9,,0
2026-10-10T00:51:00,23.3,56.4,60.9,40,0
2026-10-10T00:52:00,21.2,56.1,61.2,38,0
2026-10-10T00:53:00,22.6,53.8,61.3,33,0
2026-10-10T00:54:00,22.1,54.1,61.1,42,0
2026-10-10T00:55:00,24.3,52.6,61.1,51,0
2026-10-10T00:56:00,24.3,52.9,61.1,43,1
2026-10-10T00:57:00,24.5,52.0,61.0,38,0
2026-10-10T00:58:00,24.1,53.1,61.0,38,0
2026-10-10T00:59:00,26.5,51.3,61.3,39,0
2026-10-10T01:00:00,24.0,50.5,61.2,36,0
2026-10-10T01:01:00,20.5,50.7,61.2,26,0
2026-10-10T01:02:00,23.2,49.3,60.9,15,0
2026-10-10T01:03:00,27.7,48.3,60.9,24,0
2026-10-10T01:04:00,24.7,50.3,60.6,28,0
2026-10-10T01:05:00,26.5,51.1,60.4,31,0
2026-10-10T01:06:00,26.6,50.4,60.6,32,0
2026-10-10T01:07:00,31.7,49.2,60.7,30,0
2026-10-10T01:08:00,30.7,50.4,60.6,27,0
2026-10-10T01:09:00,29.3,51.5,60.9,27,0
2026-10-10T01:10:00,27.5,54.8,60.8,37,0
2026-10-10T01:11:00,24.3,53.9,60.9,38,0
2026-10-10T01:12:00,23.1,53.3,60.6,37,1
2026-10-10T01:13:00,22.4,54.7,60.4,36,
2026-10-10T01:14:00,22.7,53.0,60.6,48,1
2026-10-10T01:15:00,22.9,53.8,60.8,53,1
2026-10-10T01:16:00,20.7,53.0,60.4,50,0
2026-10-10T01:17:00,22.8,56.4,60.7,51,0
2026-10-10T01:18:00,23.0,54.8,60.9,51,0
2026-10-10T01:19:00,23.7,53.6,60.7,47,0
2026-10-10T01:20:00,24.2,54.2,61.2,43,1
2026-10-10T01:21:00,24.0,54.2,61.4,36,0
2026-10-10T01:22:00,26.4,53.4,61.1,40,0
2026-10-10T01:23:00,25.2,54.6,60.8,49,0
2026-10-10T01:24:00,24.8,52.1,60.8,46,0
2026-10-10T01:25:00,25.0,51.6,61.2,45,0
2026-10-10T01:26:00,21.4,52.8,60.8,50,0
2026-10-10T01:27:00,22.6,53.8,60.8,44,0
2026-10-10T01:28:00,20.5,55.2,60.5,44,0
2026-10-10T01:29:00,19.1,56.1,60.7,40,0
2026-10-10T01:30:00,18.1,54.1,60.7,39,0
2026-10-10T01:31:00,17.4,53.1,60.7,40,0
2026-10-10T01:32:00,17.8,52.4,60.7,36,2
2026-10-10T01:33:00,20.4,52.4,60.9,35,1
2026-10-10T01:34:00,19.4,52.4,61.0,41,0
2026-10-10T01:35:00,19.3,54.0,61.0,43,0
2026-10-10T01:36:00,20.6,53.9,61.0,48,2
2026-10-10T01:37:00,19.6,54.2,61.0,41,0
2026-10-10T01:38:00,18.6,53.0,60.9,37,0
2026-10-10T01:39:00,18.6,53.3,61.0,38,0
2026-10-10T01:40:00,18.8,53.4,61.1,32,0
2026-10-10T01:41:00,22.6,53.2,60.8,30,0
2026-10-10T01:42:00,25.8,53.4,60.8,34,0
2026-10-10T01:43:00,20.3,53.7,60.9,34,0
2026-10-10T01:44:00,20.4,54.8,61.0,37,0
2026-10-10T01:45:00,20.8,54.1,60.8,29,1
2026-10-10T01:46:00,19.0,52.4,60.9,24,0
2026-10-10T01:47:00,23.7,53.5,60.8,32,0
2026-10-10T01:48:00,27.1,55.9,61.0,40,0
2026-10-10T01:49:00,26.4,53.6,60.8,35,0
2026-10-10T01:50:00,20.8,53.5,60.9,34,1
2026-10-10T01:51:00,24.0,53.6,61.0,33,0
2026-10-10T01:52:00,25.3,54.0,61.0,30,0
2026-10-10T01:53:00,25.6,53.1,60.9,28,0
2026-10-10T01:54:00,24.9,54.0,60.7,26,0
2026-10-10T01:55:00,25.4,53.2,60.7,22,1
2026-10-10T01:56:00,22.7,51.9,60.9,24,0
2026-10-10T01:57:00,25.0,54.5,60.9,28,0
2026-10-10T01:58:00,26.7,53.3,60.9,28,0
2026-10-10T01:59:00,25.5,53.0,61.1,27,0
2026-10-10T02:00:00,25.2,50.7,61.0,27,0
2026-10-10T02:01:00,22.6,50.9,61.0,27,0
2026-10-10T02:02:00,23.4,49.9,61.0,23,0
2026-10-10T02:03:00,21.5,51.3,61.0,29,0
2026-10-10T02:04:00,20.0,51.5,61.1,20,0
2026-10-10T02:05:00,18.6,51.2,61.2,28,0
2026-10-10T02:06:00,15.9,52.4,61.0,33,0
2026-10-10T02:07:00,15.7,52.1,61.2,30,0
2026-10-10T02:08:00,19.3,53.1,61.0,42,0
2026-10-10T02:09:00,20.4,52.8,61.1,42,1
2026-10-10T02:10:00,21.7,52.0,60.9,43,0
2026-10-10T02:11:00,22.4,52.4,60.7,45,0
2026-10-10T02:12:00,18.6,51.2,60.9,49,2
2026-10-10T02:13:00,18.7,52.9,60.7,52,0
2026-10-10T02:14:00,23.7,49.6,60.8,58,1
2026-10-10T02:15:00,25.9,49.8,61.1,51,0
2026-10-10T02:16:00,25.1,49.9,60.9,55,0
2026-10-10T02:17:00,27.4,48.6,61.0,56,0
2026-10-10T02:18:00,25.5,48.9,61.0,48,0
2026-10-10T02:19:00,27.6,49.6,61.3,49,0
2026-10-10T02:20:00,27.9,50.3,61.6,40,0
2026-10-10T02:21:00,25.4,49.2,61.3,33,
2026-10-10T02:22:00,22.7,50.3,61.5,30,0
2026-10-10T02:23:00,22.6,52.5,61.5,40,0
2026-10-10T02:24:00,23.8,52.0,61.4,48,0
2026-10-10T02:25:00,22.5,52.0,61.4,47,0
2026-10-10T02:26:00,23.2,52.2,61.5,39,0
2026-10-10T02:27:00,23.0,54.0,61.3,42,1
2026-10-10T02:28:00,22.8,52.9,61.0,43,0
2026-10-10T02:29:00,21.0,51.2,61.3,42,0
2026-10-10T02:30:00,22.6,51.7,61.4,33,1
2026-10-10T02:31:00,25.4,54.3,61.1,34,0
2026-10-10T02:32:00,24.5,54.3,61.4,27,0
2026-10-10T02:33:00,28.8,54.1,61.5,34,0
2026-10-10T02:34:00,28.0,52.9,61.6,31,0
2026-10-10T02:35:00,29.4,53.9,61.5,31,0
2026-10-10T02:36:00,28.7,52.4,61.5,37,0
2026-10-10T02:37:00,25.6,54.0,60.9,37,0
2026-10-10T02:38:00,25.4,53.0,61.3,29,0
2026-10-10T02:39:00,24.6,52.5,61.7,37,0
2026-10-10T02:40:00,,51.5,61.7,32,0
2026-10-10T02:41:00,22.3,51.9,61.5,32,0
2026-10-10T02:42:00,22.5,50.9,61.2,29,0
2026-10-10T02:43:00,19.7,54.0,61.1,27,0
2026-10-10T02:44:00,23.1,53.1,61.2,36,0
2026-10-10T02:45:00,23.1,55.4,61.4,33,0
2026-10-10T02:46:00,22.6,56.0,61.6,31,0
2026-10-10T02:47:00,22.0,57.3,,37,0
2026-10-10T02:48:00,22.3,55.8,61.4,37,0
2026-10-10T02:49:00,24.0,53.1,61.4,37,1
2026-10-10T02:50:00,23.0,53.8,61.6,33,0
2026-10-10T02:51:00,20.6,55.0,61.3,37,0
2026-10-10T02:52:00,19.2,54.3,61.2,27,0
2026-10-10T02:53:00,22.6,54.0,61.3,28,0
2026-10-10T02:54:00,21.2,52.9,60.9,31,0
2026-10-10T02:55:00,22.2,54.4,61.0,37,0
2026-10-10T02:56:00,23.6,55.2,61.1,41,0
2026-10-10T02:57:00,23.0,53.6,61.0,42,1
2026-10-10T02:58:00,24.3,54.4,61.2,40,0
2026-10-10T02:59:00,26.9,54.2,61.0,26,0
2026-10-10T03:00:00,26.1,52.1,60.8,30,0
2026-10-10T03:01:00,24.7,53.2,60.8,29,0
2026-10-10T03:02:00,23.3,55.6,60.8,36,0
2026-10-10T03:03:00,23.3,56.8,60.9,43,0
2026-10-10T03:04:00,27.3,56.8,61.3,45,1
2026-10-10T03:05:00,26.8,55.6,,43,1
2026-10-10T03:06:00,27.3,54.4,60.9,39,0
2026-10-10T03:07:00,26.3,54.4,61.0,46,0
2026-10-10T03:08:00,26.2,55.0,61.1,46,0
2026-10-10T03:09:00,25.6,52.5,61.1,43,0
2026-10-10T03:10:00,24.7,52.8,61.1,43,1
2026-10-10T03:11:00,23.4,54.2,61.0,45,0
2026-10-10T03:12:00,25.4,56.1,61.4,37,1
2026-10-10T03:13:00,25.6,54.9,61.2,39,0
2026-10-10T03:14:00,23.1,55.3,61.7,36,0
2026-10-10T03:15:00,25.1,54.2,61.8,42,0
2026-10-10T03:16:00,27.1,56.8,61.7,36,0
2026-10-10T03:17:00,24.6,55.7,61.5,33,0
2026-10-10T03:18:00,23.9,54.3,61.4,38,0
2026-10-10T03:19:00,22.8,54.9,61.5,35,0
2026-10-10T03:20:00,22.3,53.5,61.4,34,0
2026-10-10T03:21:00,24.9,54.0,61.5,34,0
2026-10-10T03:22:00,23.8,53.4,61.3,34,0
2026-10-10T03:23:00,26.0,52.5,61.2,28,0
2026-10-10T03:24:00,23.0,52.9,61.3,33,0
2026-10-10T03:25:00,23.2,50.7,61.1,35,0
2026-10-10T03:26:00,22.2,50.3,61.3,31,0
2026-10-10T03:27:00,24.3,50.8,61.1,32,0
2026-10-10T03:28:00,22.4,50.2,61.2,35,0
2026-10-10T03:29:00,20.2,52.2,61.3,37,0
2026-10-10T03:30:00,25.6,51.2,61.6,34,0
2026-10-10T03:31:00,27.0,50.4,61.4,33,1
2026-10-10T03:32:00,27.1,51.5,61.5,37,0
2026-10-10T03:33:00,26.7,52.6,61.6,41,0
2026-10-10T03:34:00,24.4,52.8,61.8,33,0
2026-10-10T03:35:00,22.8,53.8,61.6,25,0
2026-10-10T03:36:00,23.4,52.2,61.6,26,0
2026-10-10T03:37:00,22.7,51.2,61.6,31,0
2026-10-10T03:38:00,23.2,51.3,61.7,39,0
2026-10-10T03:39:00,22.9,51.0,61.8,34,0
2026-10-10T03:40:00,22.9,51.9,61.6,34,0
2026-10-10T03:41:00,22.2,49.8,61.5,33,0
2026-10-10T03:42:00,20.0,51.5,61.6,26,1
2026-10-10T03:43:00,20.3,51.0,61.7,24,0
2026-10-10T03:44:00,,52.8,61.8,21,0
2026-10-10T03:45:00,22.6,52.8,61.6,24,0
2026-10-10T03:46:00,25.7,52.7,62.0,24,1
2026-10-10T03:47:00,22.9,51.6,61.8,30,1
2026-10-10T03:48:00,24.6,50.6,62.0,31,1
2026-10-10T03:49:00,25.7,52.6,61.9,26,0
2026-10-10T03:50:00,30.6,51.2,61.6,27,0
2026-10-10T03:51:00,26.0,50.1,61.6,32,0
2026-10-10T03:52:00,28.0,53.0,61.5,37,0
2026-10-10T03:53:00,23.9,53.2,61.8,41,0
2026-10-10T03:54:00,24.7,53.7,61.9,40,0
2026-10-10T03:55:00,22.0,52.5,61.9,41,0
2026-10-10T03:56:00,21.8,53.1,61.8,44,0
2026-10-10T03:57:00,21.1,52.8,61.6,47,0
2026-10-10T03:58:00,23.8,50.5,61.7,39,0
2026-10-10T03:59:00,23.1,51.7,61.5,38,0
2026-10-10T04:00:00,26.8,53.5,61.6,43,0
2026-10-10T04:01:00,27.4,54.2,61.8,44,0
2026-10-10T04:02:00,25.9,53.0,61.5,43,0
2026-10-10T04:03:00,26.2,52.3,61.3,52,1
2026-10-10T04:04:00,30.4,52.8,61.4,41,0
2026-10-10T04:05:00,30.8,50.8,61.4,38,1
2026-10-10T04:06:00,30.5,53.3,61.5,36,0
2026-10-10T04:07:00,26.3,54.4,61.6,31,0
2026-10-10T04:08:00,26.0,53.2,61.4,30,0
2026-10-10T04:09:00,25.5,52.5,61.3,23,0
2026-10-10T04:10:00,25.1,51.2,61.3,24,1
2026-10-10T04:11:00,24.2,53.2,61.4,18,0
2026-10-10T04:12:00,22.3,55.4,61.5,19,1
2026-10-10T04:13:00,19.9,54.7,61.3,31,1
2026-10-10T04:14:00,20.4,52.7,61.4,29,0
2026-10-10T04:15:00,19.9,53.2,61.6,26,1
2026-10-10T04:16:00,21.9,53.7,61.8,35,0
2026-10-10T04:17:00,21.2,54.3,61.7,34,0
2026-10-10T04:18:00,19.3,52.5,61.6,34,0
2026-10-10T04:19:00,18.1,53.4,61.5,37,0
2026-10-10T04:20:00,15.9,54.2,61.3,36,0
2026-10-10T04:21:00,17.8,52.8,61.4,37,0
2026-10-10T04:22:00,18.5,52.3,61.3,38,0
2026-10-10T04:23:00,19.3,53.3,61.2,28,0
2026-10-10T04:24:00,22.5,55.1,61.6,39,0
2026-10-10T04:25:00,21.2,55.1,62.0,30,0
2026-10-10T04:26:00,22.6,54.8,62.0,29,1
2026-10-10T04:27:00,26.6,53.4,61.8,29,0
2026-10-10T04:28:00,26.2,53.7,61.6,24,0
2026-10-10T04:29:00,24.7,55.0,61.6,20,0
2026-10-10T04:30:00,23.1,53.5,61.8,23,0
2026-10-10T04:31:00,21.8,55.8,61.3,21,0
2026-10-10T04:32:00,20.5,56.4,61.2,18,0
2026-10-10T04:33:00,23.1,55.1,61.4,19,0
2026-10-10T04:34:00,22.9,55.5,61.3,23,0
2026-10-10T04:35:00,21.3,54.9,61.5,31,0
2026-10-10T04:36:00,19.4,56.4,61.8,39,0
2026-10-10T04:37:00,21.9,59.1,61.9,41,0
2026-10-10T04:38:00,23.7,56.9,61.8,35,0
2026-10-10T04:39:00,,56.2,61.4,40,1
2026-10-10T04:40:00,23.6,55.5,61.8,39,0
2026-10-10T04:41:00,23.6,54.9,61.9,43,0
2026-10-10T04:42:00,22.0,55.1,61.9,41,0
2026-10-10T04:43:00,21.3,55.3,61.5,42,1
2026-10-10T04:44:00,25.6,55.2,61.5,39,0
2026-10-10T04:45:00,26.1,55.7,61.7,47,0
2026-10-10T04:46:00,26.2,55.5,61.7,45,0
2026-10-10T04:47:00,28.2,54.1,61.6,45,0
2026-10-10T04:48:00,25.5,53.2,61.5,40,0
2026-10-10T04:49:00,21.0,53.1,61.7,36,0
2026-10-10T04:50:00,21.3,52.0,61.7,33,0
2026-10-10T04:51:00,23.7,53.6,61.8,45,0
2026-10-10T04:52:00,22.5,53.3,61.8,46,0
2026-10-10T04:53:00,25.0,54.2,61.9,46,1
2026-10-10T04:54:00,28.2,54.2,61.9,48,0
2026-10-10T04:55:00,28.5,54.5,,51,0
2026-10-10T04:56:00,29.8,53.0,61.9,39,0
2026-10-10T04:57:00,28.5,52.5,61.9,35,0
2026-10-10T04:58:00,27.0,52.3,61.8,36,0
2026-10-10T04:59:00,25.4,54.3,61.8,35,2
2026-10-10T05:00:00,27.7,55.1,61.7,39,0
2026-10-10T05:01:00,27.2,56.0,62.0,45,0
2026-10-10T05:02:00,24.2,57.0,61.7,43,0
2026-10-10T05:03:00,25.9,56.9,61.8,39,0
2026-10-10T05:04:00,23.6,54.0,61.9,52,1
2026-10-10T05:05:00,22.0,54.7,61.9,45,0
2026-10-10T05:06:00,22.9,55.5,62.0,47,0
2026-10-10T05:07:00,22.5,56.2,61.9,48,0
2026-10-10T05:08:00,21.2,54.9,62.0,43,0
2026-10-10T05:09:00,25.9,54.4,61.8,44,1
2026-10-10T05:10:00,24.7,54.4,62.0,47,0
2026-10-10T05:11:00,26.0,55.0,61.9,49,0
2026-10-10T05:12:00,23.3,54.8,62.0,51,0
2026-10-10T05:13:00,21.0,54.8,61.9,56,0
2026-10-10T05:14:00,19.8,54.8,61.8,51,0
2026-10-10T05:15:00,20.7,53.3,61.7,46,1
2026-10-10T05:16:00,19.0,54.1,61.7,50,0
2026-10-10T05:17:00,20.3,54.6,61.9,54,0
2026-10-10T05:18:00,20.5,54.4,61.7,53,0
2026-10-10T05:19:00,18.3,54.3,62.0,40,0
2026-10-10T05:20:00,21.7,52.8,61.8,41,0
2026-10-10T05:21:00,23.4,54.0,61.9,43,0
2026-10-10T05:22:00,23.7,52.5,62.1,47,0
2026-10-10T05:23:00,22.4,52.3,62.3,50,0
2026-10-10T05:24:00,22.3,52.5,62.4,53,0
2026-10-10T05:25:00,24.0,54.4,62.3,51,0
2026-10-10T05:26:00,23.0,54.0,62.4,47,0
2026-10-10T05:27:00,22.5,54.0,62.4,40,0
2026-10-10T05:28:00,22.1,56.3,62.2,39,0
2026-10-10T05:29:00,22.5,56.5,62.4,46,0
2026-10-10T05:30:00,21.9,56.1,62.3,45,0
2026-10-10T05:31:00,23.3,54.3,62.2,45,0
2026-10-10T05:32:00,21.4,54.1,62.3,41,0
2026-10-10T05:33:00,20.5,56.0,62.2,41,0
2026-10-10T05:34:00,24.3,56.1,62.2,38,0
2026-10-10T05:35:00,26.3,54.9,62.0,45,0
2026-10-10T05:36:00,23.1,52.0,61.7,47,0
2026-10-10T05:37:00,24.4,51.5,61.6,41,0
2026-10-10T05:38:00,22.5,52.9,61.6,44,0
2026-10-10T05:39:00,23.1,51.9,61.9,40,0
2026-10-10T05:40:00,20.1,50.9,62.0,46,1
2026-10-10T05:41:00,18.9,51.6,62.0,45,0
2026-10-10T05:42:00,20.7,52.6,62.0,47,0
2026-10-10T05:43:00,21.2,51.8,62.3,45,0
2026-10-10T05:44:00,24.9,51.2,62.1,47,0
2026-10-10T05:45:00,23.8,52.4,62.1,40,0
2026-10-10T05:46:00,25.5,53.5,62.1,45,0
2026-10-10T05:47:00,25.1,52.5,62.0,54,0
2026-10-10T05:48:00,24.6,54.5,62.0,50,0
2026-10-10T05:49:00,23.7,54.4,62.1,53,1
2026-10-10T05:50:00,22.3,54.4,62.8,51,0
2026-10-10T05:51:00,23.5,54.4,62.6,49,1
2026-10-10T05:52:00,27.3,54.2,62.7,45,0
2026-10-10T05:53:00,28.0,53.2,62.5,43,0
2026-10-10T05:54:00,27.9,55.1,62.6,43,0
2026-10-10T05:55:00,29.3,54.5,62.5,48,0
2026-10-10T05:56:00,29.6,54.0,62.5,43,0
2026-10-10T05:57:00,28.3,54.1,62.2,39,0
2026-10-10T05:58:00,27.8,52.2,61.9,46,0
2026-10-10T05:59:00,24.2,50.3,62.0,44,0
2026-10-10T06:00:00,25.9,50.1,61.7,39,0
2026-10-10T06:01:00,24.3,51.5,61.8,47,1
2026-10-10T06:02:00,24.1,51.7,61.9,41,1
2026-10-10T06:03:00,23.5,51.4,62.1,45,0
2026-10-10T06:04:00,26.9,51.4,62.4,42,0
2026-10-10T06:05:00,25.4,50.9,62.1,42,0
2026-10-10T06:06:00,25.3,51.2,62.3,39,0
2026-10-10T06:07:00,23.9,51.1,62.4,39,0
2026-10-10T06:08:00,26.2,51.5,62.5,36,0
2026-10-10T06:09:00,24.4,51.9,62.5,34,0
2026-10-10T06:10:00,20.4,51.5,62.8,43,0
2026-10-10T06:11:00,21.2,51.7,62.6,47,0
2026-10-10T06:12:00,24.4,53.4,62.7,50,0
2026-10-10T06:13:00,26.3,52.9,62.8,46,1
2026-10-10T06:14:00,26.5,52.6,62.8,52,0
2026-10-10T06:15:00,26.0,52.7,62.5,46,0
2026-10-10T06:16:00,21.1,51.6,62.2,42,1
2026-10-10T06:17:00,24.3,50.6,62.3,42,0
2026-10-10T06:18:00,22.4,49.5,62.1,36,0
2026-10-10T06:19:00,20.8,52.2,62.4,38,1
2026-10-10T06:20:00,19.7,51.2,62.4,32,3
2026-10-10T06:21:00,20.7,49.2,62.3,28,0
2026-10-10T06:22:00,19.5,49.9,62.2,31,0
2026-10-10T06:23:00,20.0,49.8,62.1,32,0
2026-10-10T06:24:00,23.5,50.6,61.9,39,0
2026-10-10T06:25:00,22.6,51.9,62.1,38,0
2026-10-10T06:26:00,26.5,52.3,62.1,33,1
2026-10-10T06:27:00,26.7,50.7,62.1,28,0
2026-10-10T06:28:00,23.8,51.2,62.3,29,0
2026-10-10T06:29:00,22.9,51.5,62.3,29,0
2026-10-10T06:30:00,21.0,52.2,62.5,29,1
2026-10-10T06:31:00,18.3,52.0,62.6,27,0
2026-10-10T06:32:00,16.8,51.6,62.6,32,0
2026-10-10T06:33:00,19.7,52.3,62.6,37,0
2026-10-10T06:34:00,23.9,52.6,62.6,34,0
2026-10-10T06:35:00,27.2,54.1,62.5,42,0
2026-10-10T06:36:00,27.9,54.3,62.3,43,0
2026-10-10T06:37:00,27.0,57.7,62.4,35,1
2026-10-10T06:38:00,24.8,57.9,62.4,34,1
2026-10-10T06:39:00,24.9,55.9,62.2,45,0
2026-10-10T06:40:00,24.2,54.1,,36,0
2026-10-10T06:41:00,22.7,54.8,62.2,36,0
2026-10-10T06:42:00,21.9,55.7,62.2,43,0
2026-10-10T06:43:00,21.2,55.4,62.2,42,1
2026-10-10T06:44:00,20.9,55.2,62.2,48,0
2026-10-10T06:45:00,21.4,53.2,62.4,39,0
2026-10-10T06:46:00,21.3,53.7,62.4,39,0
2026-10-10T06:47:00,21.9,52.5,62.5,38,0
2026-10-10T06:48:00,23.3,53.1,62.4,43,1
2026-10-10T06:49:00,21.5,55.3,62.0,47,0
2026-10-10T06:50:00,17.7,54.4,62.0,40,0
2026-10-10T06:51:00,19.6,52.9,62.0,38,0
2026-10-10T06:52:00,20.3,52.2,62.0,40,0
2026-10-10T06:53:00,20.6,52.4,61.9,37,0
2026-10-10T06:54:00,20.4,52.9,62.0,31,0
2026-10-10T06:55:00,24.2,53.6,62.2,29,1
2026-10-10T06:56:00,27.4,54.5,62.4,36,0
2026-10-10T06:57:00,28.3,54.5,62.6,35,0
2026-10-10T06:58:00,30.2,54.2,62.7,38,0
2026-10-10T06:59:00,25.5,53.8,62.6,35,1
2026-10-10T07:00:00,25.9,52.4,62.6,39,0
2026-10-10T07:01:00,28.2,52.4,62.7,39,0
2026-10-10T07:02:00,25.9,52.1,62.6,43,0
2026-10-10T07:03:00,25.3,51.6,62.5,35,0
2026-10-10T07:04:00,27.0,52.3,62.7,30,1
2026-10-10T07:05:00,27.8,51.1,62.7,45,0
2026-10-10T07:06:00,27.6,51.4,62.7,46,0
2026-10-10T07:07:00,30.0,51.6,62.7,41,1
2026-10-10T07:08:00,27.6,53.2,62.7,44,0
2026-10-10T07:09:00,29.6,55.4,62.6,40,0
2026-10-10T07:10:00,25.5,53.9,62.7,43,1
2026-10-10T07:11:00,27.9,53.4,62.9,43,1
2026-10-10T07:12:00,26.5,55.4,62.9,44,0
2026-10-10T07:13:00,24.8,53.4,62.8,50,0
2026-10-10T07:14:00,23.9,52.6,62.8,47,0
2026-10-10T07:15:00,25.0,52.0,62.8,42,1
2026-10-10T07:16:00,25.6,51.6,62.8,37,1
2026-10-10T07:17:00,28.8,50.3,62.7,41,1
2026-10-10T07:18:00,25.9,52.2,62.7,44,0
2026-10-10T07:19:00,28.1,52.1,62.7,42,0
2026-10-10T07:20:00,28.1,52.3,62.6,45,0
2026-10-10T07:21:00,28.7,52.5,62.6,40,
2026-10-10T07:22:00,29.3,51.3,62.8,39,0
2026-10-10T07:23:00,29.4,51.0,62.8,29,0
2026-10-10T07:24:00,27.8,51.6,62.7,32,0
2026-10-10T07:25:00,27.6,51.6,62.7,30,1
2026-10-10T07:26:00,28.9,52.3,62.7,36,1
2026-10-10T07:27:00,29.1,50.0,62.9,44,0
2026-10-10T07:28:00,30.1,51.2,62.8,39,0
2026-10-10T07:29:00,26.8,51.9,62.9,34,1
2026-10-10T07:30:00,,,,,
2026-10-10T07:31:00,,,,,
2026-10-10T07:32:00,,,,,
2026-10-10T07:33:00,,,,,
2026-10-10T07:34:00,,,,,
2026-10-10T07:35:00,,,,,
2026-10-10T07:36:00,26.9,52.9,62.6,43,0
2026-10-10T07:37:00,29.6,54.9,62.5,43,0
2026-10-10T07:38:00,27.3,55.2,62.8,34,0
2026-10-10T07:39:00,25.3,54.3,62.8,37,1
2026-10-10T07:40:00,25.0,52.6,62.6,31,0
2026-10-10T07:41:00,23.7,53.4,62.6,35,0
2026-10-10T07:42:00,19.7,54.4,62.4,47,0
2026-10-10T07:43:00,20.7,54.6,62.5,48,1
2026-10-10T07:44:00,20.6,54.5,62.6,47,
2026-10-10T07:45:00,20.4,55.6,62.4,46,0
2026-10-10T07:46:00,22.8,55.5,62.3,48,0
2026-10-10T07:47:00,23.2,52.5,62.2,47,0
2026-10-10T07:48:00,23.0,52.5,62.2,45,0
2026-10-10T07:49:00,22.8,52.9,62.1,42,0
2026-10-10T07:50:00,23.8,54.0,62.0,42,0
2026-10-10T07:51:00,25.5,55.1,62.2,44,0
2026-10-10T07:52:00,26.2,53.0,,39,0
2026-10-10T07:53:00,24.2,52.1,62.3,31,0
2026-10-10T07:54:00,22.6,52.1,62.4,24,0
2026-10-10T07:55:00,24.7,52.5,62.4,27,0
2026-10-10T07:56:00,24.4,52.5,62.7,37,1
2026-10-10T07:57:00,25.4,52.3,63.0,35,0
2026-10-10T07:58:00,24.8,52.9,62.6,41,0
2026-10-10T07:59:00,27.0,53.3,62.7,34,0
2026-10-10T08:00:00,26.3,53.7,62.7,43,1
2026-10-10T08:01:00,22.4,54.4,62.8,48,0
2026-10-10T08:02:00,20.0,54.4,62.7,43,0
2026-10-10T08:03:00,19.5,53.5,62.9,39,0
2026-10-10T08:04:00,23.5,53.0,62.6,47,0
2026-10-10T08:05:00,25.2,53.6,62.7,41,0
2026-10-10T08:06:00,28.8,52.8,62.8,37,0
2026-10-10T08:07:00,28.0,,62.7,39,0
2026-10-10T08:08:00,26.0,53.9,62.8,45,0
2026-10-10T08:09:00,27.6,54.1,62.8,44,0
2026-10-10T08:10:00,29.4,52.8,62.9,45,0
2026-10-10T08:11:00,32.0,54.1,62.5,42,0
2026-10-10T08:12:00,30.4,56.3,62.4,38,0
2026-10-10T08:13:00,26.6,56.3,62.6,43,0
2026-10-10T08:14:00,29.7,54.0,62.8,43,1
2026-10-10T08:15:00,28.1,52.8,62.6,,0
2026-10-10T08:16:00,24.1,54.6,62.6,40,0
2026-10-10T08:17:00,22.8,53.3,62.7,41,1
2026-10-10T08:18:00,22.4,53.2,62.6,42,0
2026-10-10T08:19:00,24.8,54.9,62.5,40,0
2026-10-10T08:20:00,28.5,55.1,62.7,34,0
2026-10-10T08:21:00,27.9,,62.8,35,0
2026-10-10T08:22:00,28.6,52.9,62.9,26,0
2026-10-10T08:23:00,27.4,54.5,63.0,31,0
2026-10-10T08:24:00,28.8,55.1,62.8,36,1
2026-10-10T08:25:00,27.2,55.0,62.8,38,0
2026-10-10T08:26:00,30.7,54.2,63.2,34,0
2026-10-10T08:27:00,31.0,55.1,63.3,45,0
2026-10-10T08:28:00,26.2,55.6,63.3,44,1
2026-10-10T08:29:00,22.5,54.3,63.4,47,1
2026-10-10T08:30:00,21.1,54.1,63.5,40,1
2026-10-10T08:31:00,23.0,,63.2,35,0
2026-10-10T08:32:00,20.8,51.9,63.2,39,0
2026-10-10T08:33:00,19.3,53.4,63.2,40,0
2026-10-10T08:34:00,20.3,53.0,63.0,44,0
2026-10-10T08:35:00,20.7,54.4,63.1,49,0
2026-10-10T08:36:00,20.5,53.6,63.5,46,0
2026-10-10T08:37:00,24.7,54.6,63.4,45,0
2026-10-10T08:38:00,25.0,53.7,63.5,43,1
2026-10-10T08:39:00,28.2,53.9,63.4,45,0
2026-10-10T08:40:00,27.7,53.7,62.9,45,1
2026-10-10T08:41:00,25.5,54.6,63.0,50,0
2026-10-10T08:42:00,24.2,55.0,63.1,43,1
2026-10-10T08:43:00,24.2,53.9,63.1,41,0
2026-10-10T08:44:00,24.7,54.5,62.9,45,1
2026-10-10T08:45:00,25.0,53.4,63.2,51,0
2026-10-10T08:46:00,23.7,53.9,63.1,37,0
2026-10-10T08:47:00,24.2,55.0,63.2,43,1
2026-10-10T08:48:00,23.4,54.8,63.4,49,0
2026-10-10T08:49:00,23.8,54.4,63.4,,1
2026-10-10T08:50:00,22.1,55.8,63.3,46,0
2026-10-10T08:51:00,23.3,53.7,63.3,51,1
2026-10-10T08:52:00,23.8,54.4,63.2,48,1
2026-10-10T08:53:00,25.1,54.0,63.2,44,1
2026-10-10T08:54:00,24.4,55.8,63.2,39,0
2026-10-10T08:55:00,25.5,54.6,63.2,30,0
2026-10-10T08:56:00,22.8,53.4,63.0,34,0
2026-10-10T08:57:00,23.2,53.2,63.0,33,1
2026-10-10T08:58:00,23.2,52.7,62.8,38,0
2026-10-10T08:59:00,24.5,52.1,62.6,37,1
2026-10-10T09:00:00,24.3,52.2,62.7,33,2
2026-10-10T09:01:00,23.3,54.8,62.8,31,0
2026-10-10T09:02:00,21.4,54.4,62.8,37,0
2026-10-10T09:03:00,22.3,53.3,62.9,37,0
2026-10-10T09:04:00,21.4,53.9,62.9,42,0
2026-10-10T09:05:00,21.6,56.2,62.9,38,1
2026-10-10T09:06:00,24.4,54.5,63.1,36,1
2026-10-10T09:07:00,24.4,54.8,63.1,27,0
2026-10-10T09:08:00,26.0,54.6,62.7,30,0
2026-10-10T09:09:00,24.3,55.3,62.9,39,0
2026-10-10T09:10:00,21.6,54.4,62.9,38,0
2026-10-10T09:11:00,24.1,53.2,63.0,36,0
2026-10-10T09:12:00,26.3,54.4,63.1,40,0
2026-10-10T09:13:00,25.4,54.8,63.2,39,0
2026-10-10T09:14:00,26.8,53.5,63.2,47,0
2026-10-10T09:15:00,23.4,53.6,63.2,48,0
2026-10-10T09:16:00,25.5,54.6,63.3,46,0
2026-10-10T09:17:00,24.5,54.1,63.2,43,0
2026-10-10T09:18:00,22.6,51.7,63.2,42,0
2026-10-10T09:19:00,25.8,51.9,63.3,31,2
2026-10-10T09:20:00,22.3,52.1,,34,0
2026-10-10T09:21:00,18.0,53.6,63.0,37,0
2026-10-10T09:22:00,22.6,52.5,62.9,37,0
2026-10-10T09:23:00,25.0,52.3,63.1,41,0
2026-10-10T09:24:00,31.0,52.9,62.9,47,0
2026-10-10T09:25:00,28.7,51.5,62.7,43,0
2026-10-10T09:26:00,25.7,52.0,63.0,48,0
2026-10-10T09:27:00,26.7,52.1,,47,0
2026-10-10T09:28:00,26.1,53.7,63.3,41,0
2026-10-10T09:29:00,24.7,54.3,63.3,36,0
2026-10-10T09:30:00,26.9,53.9,63.4,29,0
2026-10-10T09:31:00,27.5,55.5,63.4,25,0
2026-10-10T09:32:00,24.3,54.7,63.3,33,0
2026-10-10T09:33:00,25.5,56.7,63.5,38,0
2026-10-10T09:34:00,26.5,55.7,63.4,34,1
2026-10-10T09:35:00,25.5,55.2,63.5,35,0
2026-10-10T09:36:00,28.2,54.8,63.8,36,0
2026-10-10T09:37:00,26.8,54.2,63.5,43,0
2026-10-10T09:38:00,26.4,56.3,63.2,,0
2026-10-10T09:39:00,22.1,54.1,63.3,31,0
2026-10-10T09:40:00,23.7,53.7,63.5,28,0
2026-10-10T09:41:00,23.3,55.1,63.2,25,0
2026-10-10T09:42:00,23.2,54.3,63.3,33,0
2026-10-10T09:43:00,20.7,55.1,63.0,43,0
2026-10-10T09:44:00,22.5,55.4,63.3,37,0
2026-10-10T09:45:00,22.9,55.3,63.3,35,1
2026-10-10T09:46:00,22.9,54.9,63.1,33,0
2026-10-10T09:47:00,23.3,54.4,63.1,41,0
2026-10-10T09:48:00,24.9,53.1,63.2,40,1
2026-10-10T09:49:00,23.4,54.0,63.4,46,0
2026-10-10T09:50:00,20.4,53.7,63.4,48,0
2026-10-10T09:51:00,22.4,55.2,63.6,42,0
2026-10-10T09:52:00,22.4,55.4,63.3,41,0
2026-10-10T09:53:00,25.7,55.0,63.4,41,0
2026-10-10T09:54:00,23.8,55.7,63.2,42,0
2026-10-10T09:55:00,25.1,56.3,63.2,36,1
2026-10-10T09:56:00,26.8,55.0,63.3,38,0
2026-10-10T09:57:00,28.4,54.0,63.6,32,0
2026-10-10T09:58:00,29.9,53.5,63.7,34,1
2026-10-10T09:59:00,29.3,53.8,63.6,36,0
2026-10-10T10:00:00,26.6,52.1,63.6,39,0
2026-10-10T10:01:00,28.0,52.3,63.7,30,0
2026-10-10T10:02:00,29.7,54.1,63.6,32,0
2026-10-10T10:03:00,30.6,52.3,64.0,31,0
2026-10-10T10:04:00,29.9,52.0,64.1,32,1
2026-10-10T10:05:00,29.8,52.9,63.8,38,0
2026-10-10T10:06:00,29.9,53.7,63.8,36,0
2026-10-10T10:07:00,28.3,53.5,63.8,31,
2026-10-10T10:08:00,29.4,52.2,63.8,33,0
2026-10-10T10:09:00,27.0,53.3,63.8,33,1
2026-10-10T10:10:00,31.3,53.0,64.0,31,0
2026-10-10T10:11:00,31.1,55.2,64.2,35,1
2026-10-10T10:12:00,26.5,54.1,64.2,33,1
2026-10-10T10:13:00,28.9,56.1,64.1,27,0
2026-10-10T10:14:00,28.1,54.9,64.0,21,0
2026-10-10T10:15:00,28.7,54.2,63.8,30,0
2026-10-10T10:16:00,29.4,54.8,63.7,32,1
2026-10-10T10:17:00,30.4,55.0,63.7,35,0
2026-10-10T10:18:00,30.1,54.7,63.7,42,0
2026-10-10T10:19:00,26.9,53.7,63.7,50,0
2026-10-10T10:20:00,28.0,53.0,63.6,37,1
2026-10-10T10:21:00,27.9,54.5,63.7,39,1
2026-10-10T10:22:00,25.3,53.5,63.5,43,0
2026-10-10T10:23:00,27.8,54.4,63.3,44,0
2026-10-10T10:24:00,25.3,54.5,63.4,42,0
2026-10-10T10:25:00,26.8,53.4,63.5,40,1
2026-10-10T10:26:00,28.8,54.6,63.4,42,0
2026-10-10T10:27:00,31.0,52.8,63.7,42,0
2026-10-10T10:28:00,26.2,54.0,63.8,47,0
2026-10-10T10:29:00,24.4,55.4,64.0,45,0
2026-10-10T10:30:00,24.5,57.5,63.9,38,0
2026-10-10T10:31:00,23.7,56.1,63.8,38,0
2026-10-10T10:32:00,24.2,55.3,63.8,44,0
2026-10-10T10:33:00,23.2,55.1,63.7,44,0
2026-10-10T10:34:00,26.2,55.8,64.0,44,0
2026-10-10T10:35:00,26.0,56.1,63.8,42,0
2026-10-10T10:36:00,26.1,55.2,63.8,46,1
2026-10-10T10:37:00,27.5,56.2,63.6,43,0
2026-10-10T10:38:00,22.6,56.2,63.7,42,1
2026-10-10T10:39:00,22.9,55.3,,37,1
2026-10-10T10:40:00,24.1,54.0,63.7,,0
2026-10-10T10:41:00,24.3,53.7,63.4,43,1
2026-10-10T10:42:00,27.1,53.9,63.3,39,0
2026-10-10T10:43:00,26.4,53.5,63.5,26,0
2026-10-10T10:44:00,25.5,53.1,63.5,27,0
2026-10-10T10:45:00,21.5,52.2,63.7,39,0
2026-10-10T10:46:00,26.1,50.6,63.7,37,0
2026-10-10T10:47:00,25.3,53.3,63.6,34,0
2026-10-10T10:48:00,22.0,53.7,63.6,40,0
2026-10-10T10:49:00,20.2,54.1,63.6,42,0
2026-10-10T10:50:00,22.1,51.6,63.8,36,1
2026-10-10T10:51:00,23.5,51.3,63.9,35,0
2026-10-10T10:52:00,21.2,51.8,63.9,40,0
2026-10-10T10:53:00,23.3,52.8,63.8,45,0
2026-10-10T10:54:00,25.7,52.0,63.6,44,0
2026-10-10T10:55:00,27.4,53.1,63.3,43,1
2026-10-10T10:56:00,27.2,53.5,63.5,40,0
2026-10-10T10:57:00,24.6,54.4,63.9,38,1
2026-10-10T10:58:00,25.1,52.9,64.0,36,1
2026-10-10T10:59:00,23.2,52.0,63.7,38,1
2026-10-10T11:00:00,23.6,51.8,63.4,34,0
2026-10-10T11:01:00,25.4,52.7,63.4,33,0
2026-10-10T11:02:00,26.4,52.3,63.2,36,1
2026-10-10T11:03:00,23.9,52.7,63.5,39,0
2026-10-10T11:04:00,24.3,52.4,63.4,41,1
2026-10-10T11:05:00,21.4,51.0,63.4,39,0
2026-10-10T11:06:00,20.3,51.5,63.5,45,1
2026-10-10T11:07:00,19.1,52.8,63.5,46,0
2026-10-10T11:08:00,19.3,52.0,63.6,38,0
2026-10-10T11:09:00,22.8,52.7,63.7,37,1
2026-10-10T11:10:00,21.7,52.8,63.7,35,0
2026-10-10T11:11:00,24.8,52.0,63.4,40,0
2026-10-10T11:12:00,26.0,53.8,63.8,46,0
2026-10-10T11:13:00,24.4,53.0,63.8,47,0
2026-10-10T11:14:00,27.5,51.8,63.9,33,1
2026-10-10T11:15:00,26.7,52.4,63.8,34,1
2026-10-10T11:16:00,26.6,53.7,63.7,31,1
2026-10-10T11:17:00,25.0,53.7,63.9,32,0
2026-10-10T11:18:00,27.0,53.4,63.8,23,1
2026-10-10T11:19:00,27.3,53.6,64.0,29,0
2026-10-10T11:20:00,27.0,54.5,63.9,33,0
2026-10-10T11:21:00,25.0,54.8,63.6,31,0
2026-10-10T11:22:00,23.0,54.1,63.6,33,0
2026-10-10T11:23:00,26.2,52.8,63.5,35,0
2026-10-10T11:24:00,25.1,54.2,63.6,34,0
2026-10-10T11:25:00,23.4,53.3,63.6,47,0
2026-10-10T11:26:00,28.1,53.3,63.9,44,0
2026-10-10T11:27:00,28.8,53.2,64.0,42,0
2026-10-10T11:28:00,31.0,51.6,63.8,43,0
2026-10-10T11:29:00,32.4,54.5,64.1,42,0
2026-10-10T11:30:00,34.1,53.0,64.0,44,0
2026-10-10T11:31:00,33.9,54.8,63.8,40,0
2026-10-10T11:32:00,29.6,54.5,63.7,40,0
2026-10-10T11:33:00,30.2,56.3,63.9,46,0
2026-10-10T11:34:00,28.1,56.5,63.7,43,0
2026-10-10T11:35:00,23.9,55.1,63.8,41,0
2026-10-10T11:36:00,26.0,54.6,63.7,44,2
2026-10-10T11:37:00,25.1,55.9,63.4,44,0
2026-10-10T11:38:00,25.2,54.0,63.3,32,1
2026-10-10T11:39:00,22.8,54.5,63.4,30,0
2026-10-10T11:40:00,25.1,53.1,63.5,31,0
2026-10-10T11:41:00,25.9,53.0,63.8,34,0
2026-10-10T11:42:00,27.3,53.3,64.0,32,1
2026-10-10T11:43:00,27.4,52.4,64.3,28,0
2026-10-10T11:44:00,26.0,53.5,64.1,27,1
2026-10-10T11:45:00,26.2,53.7,64.1,29,0
2026-10-10T11:46:00,25.2,53.9,64.2,37,0
2026-10-10T11:47:00,22.1,55.2,64.3,41,1
2026-10-10T11:48:00,24.6,55.9,64.1,52,0
2026-10-10T11:49:00,25.1,56.9,64.0,51,0
2026-10-10T11:50:00,24.6,53.8,64.0,47,0
2026-10-10T11:51:00,25.0,53.5,63.8,50,0
2026-10-10T11:52:00,20.4,52.5,64.0,52,0
2026-10-10T11:53:00,21.9,53.6,63.7,45,0
2026-10-10T11:54:00,22.0,52.7,64.1,47,0
2026-10-10T11:55:00,23.0,52.5,64.0,42,0
2026-10-10T11:56:00,25.9,52.6,64.3,42,1
2026-10-10T11:57:00,29.7,53.4,64.3,39,0
2026-10-10T11:58:00,31.8,54.6,64.1,41,1
2026-10-10T11:59:00,29.7,55.5,63.7,46,1
2026-10-10T12:00:00,27.4,53.0,64.0,45,2
2026-10-10T12:01:00,25.5,53.6,64.1,43,0
2026-10-10T12:02:00,27.1,55.2,64.1,50,0
2026-10-10T12:03:00,24.1,53.8,64.0,45,1
2026-10-10T12:04:00,24.8,53.1,64.4,38,0
2026-10-10T12:05:00,26.4,52.7,64.3,41,1
2026-10-10T12:06:00,22.2,54.7,64.5,40,0
2026-10-10T12:07:00,23.4,55.2,64.5,41,0
2026-10-10T12:08:00,25.0,55.7,64.6,48,1
2026-10-10T12:09:00,24.3,53.7,64.7,45,0
2026-10-10T12:10:00,21.7,54.8,64.6,46,1
2026-10-10T12:11:00,21.8,53.5,64.3,40,1
2026-10-10T12:12:00,20.4,53.8,64.2,40,0
2026-10-10T12:13:00,18.9,53.7,64.1,40,0
2026-10-10T12:14:00,23.0,54.0,64.0,34,1
2026-10-10T12:15:00,20.7,54.2,64.1,32,0
2026-10-10T12:16:00,22.8,55.7,64.2,30,1
2026-10-10T12:17:00,22.0,54.4,64.2,37,0
2026-10-10T12:18:00,18.7,54.5,64.1,42,0
2026-10-10T12:19:00,19.8,54.3,64.5,35,0
2026-10-10T12:20:00,18.4,52.5,64.4,30,0
2026-10-10T12:21:00,22.8,52.1,64.4,31,1
2026-10-10T12:22:00,22.3,53.9,64.1,33,2
2026-10-10T12:23:00,25.5,55.1,64.2,28,0
2026-10-10T12:24:00,24.8,,64.1,33,0
2026-10-10T12:25:00,27.5,54.0,64.3,38,1
2026-10-10T12:26:00,24.9,52.8,64.1,48,0
2026-10-10T12:27:00,26.1,53.1,63.9,52,0
2026-10-10T12:28:00,26.3,52.6,64.0,41,0
2026-10-10T12:29:00,28.0,51.4,63.9,47,3
2026-10-10T12:30:00,26.1,52.7,64.1,43,0
2026-10-10T12:31:00,26.5,53.5,64.4,47,0
2026-10-10T12:32:00,29.3,55.4,64.2,50,1
2026-10-10T12:33:00,27.5,55.3,64.2,47,0
2026-10-10T12:34:00,29.1,54.8,64.2,38,0
2026-10-10T12:35:00,27.9,53.9,64.4,46,0
2026-10-10T12:36:00,27.6,53.8,64.5,47,1
2026-10-10T12:37:00,28.3,51.1,64.5,51,0
2026-10-10T12:38:00,27.8,51.3,64.6,48,0
2026-10-10T12:39:00,26.8,52.0,64.3,49,0
2026-10-10T12:40:00,27.9,52.1,64.3,54,1
2026-10-10T12:41:00,24.4,51.1,64.1,54,0
2026-10-10T12:42:00,26.4,52.6,64.3,61,0
2026-10-10T12:43:00,24.8,53.2,64.1,62,0
2026-10-10T12:44:00,21.7,53.6,63.9,55,0
2026-10-10T12:45:00,21.1,54.3,64.0,54,0
2026-10-10T12:46:00,22.6,53.3,64.1,56,1
2026-10-10T12:47:00,26.8,50.5,63.9,60,1
2026-10-10T12:48:00,23.6,51.7,63.9,55,0
2026-10-10T12:49:00,27.4,51.1,64.2,50,0
2026-10-10T12:50:00,24.4,50.6,64.1,45,0
2026-10-10T12:51:00,26.9,50.6,64.4,47,3
2026-10-10T12:52:00,29.6,51.6,64.2,54,0
2026-10-10T12:53:00,29.0,53.5,64.3,49,0
2026-10-10T12:54:00,28.4,53.9,64.5,41,1
2026-10-10T12:55:00,25.9,53.1,64.7,42,1
2026-10-10T12:56:00,27.2,52.8,64.4,48,0
2026-10-10T12:57:00,28.8,52.7,64.3,41,0
2026-10-10T12:58:00,26.6,55.2,64.6,32,1
2026-10-10T12:59:00,27.1,55.1,64.4,38,1
2026-10-10T13:00:00,25.7,52.9,64.5,37,0
2026-10-10T13:01:00,22.7,51.6,64.8,32,1
2026-10-10T13:02:00,25.2,52.0,64.9,30,0
2026-10-10T13:03:00,27.5,52.8,64.8,34,0
2026-10-10T13:04:00,26.7,52.1,,37,0
2026-10-10T13:05:00,28.8,50.2,64.8,39,0
2026-10-10T13:06:00,25.3,51.7,64.8,43,1
2026-10-10T13:07:00,25.7,51.6,64.4,42,1
2026-10-10T13:08:00,26.1,51.6,64.4,42,0
2026-10-10T13:09:00,25.1,51.3,64.5,40,0
2026-10-10T13:10:00,27.9,53.2,64.4,46,0
2026-10-10T13:11:00,25.6,53.8,64.9,41,1
2026-10-10T13:12:00,26.1,55.6,64.9,36,1
2026-10-10T13:13:00,24.7,51.7,64.6,31,0
2026-10-10T13:14:00,26.1,51.7,64.8,28,2
2026-10-10T13:15:00,26.0,50.4,64.8,25,1
2026-10-10T13:16:00,27.6,52.2,64.8,31,1
2026-10-10T13:17:00,26.1,54.4,64.6,33,0
2026-10-10T13:18:00,23.1,52.4,64.5,39,0
2026-10-10T13:19:00,23.4,53.5,64.2,42,0
2026-10-10T13:20:00,23.7,53.7,64.2,41,0
2026-10-10T13:21:00,25.1,53.7,64.3,35,0
2026-10-10T13:22:00,27.4,54.5,64.6,38,1
2026-10-10T13:23:00,28.8,54.9,64.7,39,0
2026-10-10T13:24:00,30.3,56.5,64.4,40,0
2026-10-10T13:25:00,28.1,55.2,64.7,41,0
2026-10-10T13:26:00,27.9,54.3,64.8,44,1
2026-10-10T13:27:00,29.3,55.3,65.1,49,1
2026-10-10T13:28:00,30.1,55.1,65.0,42,0
2026-10-10T13:29:00,28.6,54.4,65.1,43,0
2026-10-10T13:30:00,31.4,55.4,65.0,42,0
2026-10-10T13:31:00,27.5,57.1,64.9,47,0
2026-10-10T13:32:00,25.3,57.7,65.1,44,0
2026-10-10T13:33:00,26.5,57.4,64.8,47,0
2026-10-10T13:34:00,25.1,54.3,64.9,41,0
2026-10-10T13:35:00,24.9,54.5,65.2,47,0
2026-10-10T13:36:00,25.7,53.5,65.1,43,1
2026-10-10T13:37:00,31.5,55.5,65.0,37,1
2026-10-10T13:38:00,32.1,55.0,65.0,43,0
2026-10-10T13:39:00,30.6,55.2,64.9,42,0
2026-10-10T13:40:00,26.7,54.6,64.9,48,0
2026-10-10T13:41:00,28.3,55.3,65.0,49,0
2026-10-10T13:42:00,28.1,55.6,65.0,48,
2026-10-10T13:43:00,27.1,54.8,65.0,53,0
2026-10-10T13:44:00,23.8,55.1,65.0,52,0
2026-10-10T13:45:00,23.5,53.9,65.1,52,0
2026-10-10T13:46:00,23.3,52.9,65.1,43,0
2026-10-10T13:47:00,26.1,54.7,64.6,44,0
2026-10-10T13:48:00,25.9,55.3,64.8,33,1
2026-10-10T13:49:00,26.6,54.2,64.8,38,0
2026-10-10T13:50:00,26.7,54.5,64.7,30,1
2026-10-10T13:51:00,24.9,,64.6,32,0
2026-10-10T13:52:00,27.1,56.6,64.5,38,0
2026-10-10T13:53:00,22.0,58.0,64.4,39,0
2026-10-10T13:54:00,26.1,58.1,64.5,40,0
2026-10-10T13:55:00,29.2,59.1,64.5,51,1
2026-10-10T13:56:00,29.7,57.8,64.9,55,1
2026-10-10T13:57:00,28.7,56.3,65.1,56,0
2026-10-10T13:58:00,25.9,54.6,65.6,54,1
2026-10-10T13:59:00,28.4,55.1,65.3,54,1
2026-10-10T14:00:00,26.9,55.5,65.2,53,0
2026-10-10T14:01:00,29.6,54.6,64.9,55,0
2026-10-10T14:02:00,29.9,54.0,65.0,50,0
2026-10-10T14:03:00,28.7,54.7,65.2,44,1
2026-10-10T14:04:00,29.4,56.3,65.0,41,0
2026-10-10T14:05:00,29.4,54.6,65.1,39,0
2026-10-10T14:06:00,28.2,52.8,65.1,44,0
2026-10-10T14:07:00,26.0,53.8,65.1,50,1
2026-10-10T14:08:00,27.9,52.8,65.0,45,0
2026-10-10T14:09:00,29.4,53.8,65.1,48,0
2026-10-10T14:10:00,30.1,52.7,64.9,42,2
2026-10-10T14:11:00,27.3,54.7,64.7,38,0
2026-10-10T14:12:00,29.0,54.0,64.8,37,2
2026-10-10T14:13:00,23.9,54.9,64.7,37,0
2026-10-10T14:14:00,22.8,55.1,65.0,33,0
2026-10-10T14:15:00,22.7,53.9,64.9,43,1
2026-10-10T14:16:00,23.8,53.5,65.2,35,0
2026-10-10T14:17:00,27.1,55.1,65.0,37,1
2026-10-10T14:18:00,,56.0,65.0,46,0
2026-10-10T14:19:00,26.8,56.4,65.1,52,0
2026-10-10T14:20:00,29.4,54.5,64.9,42,0
2026-10-10T14:21:00,31.1,55.2,65.3,52,0
2026-10-10T14:22:00,31.9,52.8,65.1,51,0
2026-10-10T14:23:00,31.8,50.7,65.2,44,0
2026-10-10T14:24:00,29.1,51.8,65.4,43,0
2026-10-10T14:25:00,28.5,53.2,65.2,48,0
2026-10-10T14:26:00,24.7,53.8,64.9,50,0
2026-10-10T14:27:00,24.1,52.4,64.8,54,0
2026-10-10T14:28:00,27.3,52.2,65.1,43,0
2026-10-10T14:29:00,27.4,51.9,65.1,36,0
2026-10-10T14:30:00,26.7,52.1,65.2,38,1
2026-10-10T14:31:00,26.0,52.3,65.3,44,1
2026-10-10T14:32:00,26.3,53.4,65.1,34,0
2026-10-10T14:33:00,24.8,54.9,65.1,40,0
2026-10-10T14:34:00,24.9,54.4,65.0,33,0
2026-10-10T14:35:00,23.8,55.5,64.8,40,0
2026-10-10T14:36:00,25.7,54.9,64.8,35,0
2026-10-10T14:37:00,25.9,55.5,64.6,35,0
2026-10-10T14:38:00,25.8,55.3,64.6,49,0
2026-10-10T14:39:00,25.7,53.6,65.0,46,0
2026-10-10T14:40:00,28.3,54.5,65.1,47,1
2026-10-10T14:41:00,25.0,54.8,64.9,42,0
2026-10-10T14:42:00,24.8,55.7,64.9,45,0
2026-10-10T14:43:00,24.9,55.1,65.0,46,1
2026-10-10T14:44:00,27.0,,65.0,50,0
2026-10-10T14:45:00,24.4,55.6,65.1,45,0
2026-10-10T14:46:00,25.2,54.2,65.4,40,0
2026-10-10T14:47:00,28.3,54.1,65.4,42,0
2026-10-10T14:48:00,24.9,54.1,65.5,40,0
2026-10-10T14:49:00,26.5,55.3,65.2,45,0
2026-10-10T14:50:00,26.5,55.7,65.1,43,0
2026-10-10T14:51:00,27.6,55.9,65.1,43,0
2026-10-10T14:52:00,28.2,56.1,65.3,40,0
2026-10-10T14:53:00,29.1,55.8,,32,0
2026-10-10T14:54:00,28.8,56.8,65.3,32,2
2026-10-10T14:55:00,31.2,57.6,65.0,36,0
2026-10-10T14:56:00,26.8,57.4,65.0,37,1
2026-10-10T14:57:00,25.6,55.6,65.4,39,0
2026-10-10T14:58:00,26.3,55.6,65.7,39,0
2026-10-10T14:59:00,29.6,57.4,65.5,40,0
2026-10-10T15:00:00,26.2,58.7,65.5,43,1
2026-10-10T15:01:00,25.1,58.2,65.5,44,0
2026-10-10T15:02:00,25.6,57.3,65.2,45,0
2026-10-10T15:03:00,28.0,56.3,65.0,39,0
2026-10-10T15:04:00,23.8,56.9,65.1,39,0
2026-10-10T15:05:00,24.6,56.2,65.3,45,0
2026-10-10T15:06:00,27.2,57.1,65.3,46,1
2026-10-10T15:07:00,24.4,56.6,65.1,42,1
2026-10-10T15:08:00,25.4,55.9,65.3,39,1
2026-10-10T15:09:00,27.1,56.0,65.2,49,0
2026-10-10T15:10:00,26.8,54.1,65.2,53,0
2026-10-10T15:11:00,25.8,52.7,65.4,57,0
2026-10-10T15:12:00,22.3,53.8,65.2,55,0
2026-10-10T15:13:00,19.9,52.4,65.1,52,0
2026-10-10T15:14:00,19.5,53.8,65.2,59,1
2026-10-10T15:15:00,17.3,,65.4,56,1
2026-10-10T15:16:00,21.5,55.2,65.3,60,1
2026-10-10T15:17:00,21.9,53.3,65.5,60,0
2026-10-10T15:18:00,20.9,52.9,65.4,53,2
2026-10-10T15:19:00,20.3,52.7,65.5,48,0
2026-10-10T15:20:00,25.0,53.3,65.4,47,0
2026-10-10T15:21:00,26.4,53.5,65.7,34,1
2026-10-10T15:22:00,26.2,53.1,65.5,38,1
2026-10-10T15:23:00,26.7,50.9,65.5,43,1
2026-10-10T15:24:00,26.4,51.3,65.6,43,0
2026-10-10T15:25:00,26.6,50.9,65.4,36,0
2026-10-10T15:26:00,26.1,54.6,65.1,38,0
2026-10-10T15:27:00,23.1,55.2,65.3,32,2
2026-10-10T15:28:00,21.9,55.8,65.4,37,
2026-10-10T15:29:00,24.0,55.5,65.5,40,1
2026-10-10T15:30:00,22.7,55.2,65.5,33,0
2026-10-10T15:31:00,21.9,54.0,65.4,40,0
2026-10-10T15:32:00,24.9,53.9,65.3,46,0
2026-10-10T15:33:00,24.8,52.9,65.5,51,1
2026-10-10T15:34:00,22.6,55.2,65.5,44,3
2026-10-10T15:35:00,23.6,53.8,65.7,30,0
2026-10-10T15:36:00,24.1,53.3,65.7,36,0
2026-10-10T15:37:00,17.4,53.6,65.8,37,0
2026-10-10T15:38:00,19.1,51.9,65.9,33,0
2026-10-10T15:39:00,18.2,52.2,65.5,34,2
2026-10-10T15:40:00,19.3,52.0,65.7,32,1
2026-10-10T15:41:00,21.7,51.3,65.7,37,0
2026-10-10T15:42:00,23.1,53.8,65.6,34,0
2026-10-10T15:43:00,24.3,54.6,65.7,34,1
2026-10-10T15:44:00,24.8,54.9,65.6,35,0
2026-10-10T15:45:00,25.4,54.4,65.6,34,2
2026-10-10T15:46:00,25.5,52.8,65.3,31,0
2026-10-10T15:47:00,25.0,52.8,65.4,38,0
2026-10-10T15:48:00,27.8,53.7,65.6,44,0
2026-10-10T15:49:00,27.1,55.9,65.5,43,1
2026-10-10T15:50:00,24.6,58.5,65.5,45,0
2026-10-10T15:51:00,28.9,55.9,65.3,42,0
2026-10-10T15:52:00,28.7,55.1,65.3,45,1
2026-10-10T15:53:00,30.1,56.8,65.5,46,0
2026-10-10T15:54:00,31.9,55.5,65.4,43,0
2026-10-10T15:55:00,28.7,54.2,65.7,36,0
2026-10-10T15:56:00,30.0,52.8,65.3,37,1
2026-10-10T15:57:00,29.4,51.9,65.2,35,0
2026-10-10T15:58:00,25.6,52.4,65.4,43,0
2026-10-10T15:59:00,21.7,52.5,65.8,36,0
2026-10-10T16:00:00,24.7,52.7,65.9,39,0
2026-10-10T16:01:00,26.8,54.6,66.2,,0
2026-10-10T16:02:00,21.5,55.6,66.2,44,2
2026-10-10T16:03:00,21.6,55.8,66.3,47,0
2026-10-10T16:04:00,26.3,57.1,66.0,47,1
2026-10-10T16:05:00,26.5,56.5,65.8,45,0
2026-10-10T16:06:00,27.0,57.7,65.7,48,0
2026-10-10T16:07:00,26.5,56.1,65.6,47,0
2026-10-10T16:08:00,25.8,56.3,65.6,42,0
2026-10-10T16:09:00,25.4,56.7,65.8,45,0
2026-10-10T16:10:00,28.0,57.9,66.0,44,2
2026-10-10T16:11:00,24.4,57.3,66.1,43,1
2026-10-10T16:12:00,26.9,56.8,65.9,52,1
2026-10-10T16:13:00,28.7,56.4,65.8,50,0
2026-10-10T16:14:00,29.7,56.6,66.1,47,0
2026-10-10T16:15:00,26.8,56.0,66.2,39,0
2026-10-10T16:16:00,28.9,54.3,65.9,37,0
2026-10-10T16:17:00,27.2,52.3,65.9,34,0
2026-10-10T16:18:00,28.3,51.8,66.2,33,1
2026-10-10T16:19:00,31.0,52.6,66.3,35,1
2026-10-10T16:20:00,28.2,53.7,66.4,44,1
2026-10-10T16:21:00,24.7,53.6,66.0,39,0
2026-10-10T16:22:00,26.6,54.1,66.4,34,0
2026-10-10T16:23:00,27.5,51.6,66.3,44,1
2026-10-10T16:24:00,27.9,51.1,66.2,48,0
2026-10-10T16:25:00,26.4,50.7,66.3,42,0
2026-10-10T16:26:00,25.3,51.0,66.1,47,0
2026-10-10T16:27:00,26.0,51.7,66.4,54,0
2026-10-10T16:28:00,27.5,51.7,66.1,62,0
2026-10-10T16:29:00,26.1,50.9,66.3,63,2
2026-10-10T16:30:00,28.5,53.1,65.9,61,0
2026-10-10T16:31:00,26.4,53.4,65.9,56,0
2026-10-10T16:32:00,24.4,52.8,65.7,57,1
2026-10-10T16:33:00,24.5,53.0,65.7,57,0
2026-10-10T16:34:00,24.3,51.6,65.6,52,1
2026-10-10T16:35:00,20.2,49.2,66.1,57,0
2026-10-10T16:36:00,20.7,49.1,66.0,52,0
2026-10-10T16:37:00,22.5,49.7,66.0,51,1
2026-10-10T16:38:00,23.8,51.2,66.1,46,1
2026-10-10T16:39:00,25.7,53.1,66.0,44,0
2026-10-10T16:40:00,28.1,52.7,66.1,34,0
2026-10-10T16:41:00,26.3,50.4,66.0,42,1
2026-10-10T16:42:00,26.5,51.3,66.0,36,0
2026-10-10T16:43:00,26.0,50.9,66.2,33,0
2026-10-10T16:44:00,28.3,50.3,66.3,38,0
2026-10-10T16:45:00,28.9,51.2,66.3,41,1
2026-10-10T16:46:00,25.4,50.8,66.4,40,1
2026-10-10T16:47:00,24.0,51.2,66.5,36,0
2026-10-10T16:48:00,24.3,53.1,66.1,43,0
2026-10-10T16:49:00,25.4,54.0,66.4,43,0
2026-10-10T16:50:00,22.5,53.1,66.3,47,0
2026-10-10T16:51:00,25.1,52.5,66.2,46,1
2026-10-10T16:52:00,26.9,52.4,66.3,46,0
2026-10-10T16:53:00,26.4,53.5,66.4,47,0
2026-10-10T16:54:00,24.9,55.2,66.2,49,0
2026-10-10T16:55:00,21.5,54.8,66.3,40,0
2026-10-10T16:56:00,24.1,54.5,66.2,48,0
2026-10-10T16:57:00,28.7,54.3,66.4,46,0
2026-10-10T16:58:00,24.9,54.9,66.4,29,1
2026-10-10T16:59:00,21.7,54.9,66.3,28,0
2026-10-10T17:00:00,23.1,53.9,66.1,32,1
2026-10-10T17:01:00,23.9,53.5,66.1,34,0
2026-10-10T17:02:00,22.3,53.0,65.8,33,1
2026-10-10T17:03:00,27.3,52.6,66.0,31,2
2026-10-10T17:04:00,28.3,52.9,66.1,30,0
2026-10-10T17:05:00,26.4,52.2,66.0,29,1
2026-10-10T17:06:00,24.9,52.7,66.3,33,0
2026-10-10T17:07:00,25.9,52.1,66.2,34,0
2026-10-10T17:08:00,26.7,52.5,66.0,41,1
2026-10-10T17:09:00,31.4,51.1,66.1,41,0
2026-10-10T17:10:00,28.1,50.8,66.1,43,0
2026-10-10T17:11:00,27.8,52.4,66.2,44,0
2026-10-10T17:12:00,23.9,54.5,66.3,46,0
2026-10-10T17:13:00,24.7,53.5,66.4,52,1
2026-10-10T17:14:00,26.6,53.2,66.1,56,0
2026-10-10T17:15:00,24.8,52.7,66.1,54,0
2026-10-10T17:16:00,26.2,53.3,66.2,48,0
2026-10-10T17:17:00,30.7,55.2,66.4,52,1
2026-10-10T17:18:00,26.7,54.5,66.6,52,0
2026-10-10T17:19:00,27.8,55.3,66.7,51,0
2026-10-10T17:20:00,26.9,55.8,66.7,52,1
2026-10-10T17:21:00,23.4,55.2,66.6,53,0
2026-10-10T17:22:00,22.8,56.3,66.5,45,1
2026-10-10T17:23:00,24.8,57.8,66.5,43,0
2026-10-10T17:24:00,22.6,56.6,66.7,49,0
2026-10-10T17:25:00,26.9,58.3,66.9,40,0
2026-10-10T17:26:00,25.0,57.0,66.7,39,0
2026-10-10T17:27:00,26.7,55.7,66.9,46,0
2026-10-10T17:28:00,28.9,55.7,66.5,47,0
2026-10-10T17:29:00,26.1,53.4,66.3,41,1
2026-10-10T17:30:00,23.8,54.5,66.3,36,0
2026-10-10T17:31:00,21.3,54.0,66.1,37,2
2026-10-10T17:32:00,24.2,54.2,66.3,40,0
2026-10-10T17:33:00,26.8,53.9,66.4,38,0
2026-10-10T17:34:00,25.3,54.6,66.2,40,0
2026-10-10T17:35:00,24.7,55.1,66.3,39,0
2026-10-10T17:36:00,26.8,54.8,66.3,40,1
2026-10-10T17:37:00,26.8,54.8,66.2,40,2
2026-10-10T17:38:00,30.2,53.6,66.3,38,0
2026-10-10T17:39:00,29.5,52.4,66.4,29,0
2026-10-10T17:40:00,28.3,53.0,66.8,41,0
2026-10-10T17:41:00,27.0,52.4,66.8,41,0
2026-10-10T17:42:00,27.2,51.3,66.7,41,0
2026-10-10T17:43:00,26.7,52.0,67.0,33,0
2026-10-10T17:44:00,27.2,54.2,67.1,36,0
2026-10-10T17:45:00,27.0,54.8,66.5,37,0
2026-10-10T17:46:00,27.8,54.5,66.5,33,0
2026-10-10T17:47:00,25.9,54.6,66.7,36,0
2026-10-10T17:48:00,22.4,51.6,66.9,39,0
2026-10-10T17:49:00,21.8,53.5,67.1,34,1
2026-10-10T17:50:00,21.5,51.6,67.1,34,0
2026-10-10T17:51:00,21.8,51.5,67.0,35,0
2026-10-10T17:52:00,23.7,54.0,66.6,33,1
2026-10-10T17:53:00,23.1,54.4,66.7,38,2
2026-10-10T17:54:00,23.7,53.5,66.8,38,0
2026-10-10T17:55:00,24.0,52.7,66.6,38,0
2026-10-10T17:56:00,20.2,53.2,66.7,39,0
2026-10-10T17:57:00,22.4,53.2,66.8,44,0
2026-10-10T17:58:00,25.8,53.6,66.7,51,1
2026-10-10T17:59:00,24.0,54.8,66.7,45,0
2026-10-10T18:00:00,23.8,54.1,66.9,43,1
2026-10-10T18:01:00,25.9,54.0,66.7,48,0
2026-10-10T18:02:00,23.4,54.6,66.8,42,1
2026-10-10T18:03:00,24.9,51.4,66.8,39,0
2026-10-10T18:04:00,23.0,52.5,66.8,45,1
2026-10-10T18:05:00,26.7,52.6,66.6,40,0
2026-10-10T18:06:00,25.8,54.2,66.8,40,0
2026-10-10T18:07:00,26.8,51.7,67.1,35,0
2026-10-10T18:08:00,24.6,51.4,67.0,37,0
2026-10-10T18:09:00,24.6,52.3,67.0,48,0
2026-10-10T18:10:00,27.0,53.1,67.2,42,1
2026-10-10T18:11:00,23.0,,67.1,37,0
2026-10-10T18:12:00,25.8,53.8,67.0,44,1
2026-10-10T18:13:00,24.5,53.8,66.9,39,0
2026-10-10T18:14:00,23.7,51.1,66.9,39,0
2026-10-10T18:15:00,28.6,52.1,66.9,43,1
2026-10-10T18:16:00,29.9,53.3,66.7,38,0
2026-10-10T18:17:00,29.3,53.9,66.7,35,0
2026-10-10T18:18:00,30.1,52.7,66.9,46,0
2026-10-10T18:19:00,34.8,52.9,66.5,36,0
2026-10-10T18:20:00,31.7,53.4,66.5,42,0
2026-10-10T18:21:00,29.9,52.3,66.8,43,0
2026-10-10T18:22:00,30.5,55.3,66.7,47,0
2026-10-10T18:23:00,28.9,55.7,66.5,40,1
2026-10-10T18:24:00,27.4,55.9,66.7,39,1
2026-10-10T18:25:00,29.3,54.7,66.6,41,0
2026-10-10T18:26:00,27.5,56.4,66.6,40,1
2026-10-10T18:27:00,25.5,55.1,66.5,38,3
2026-10-10T18:28:00,21.2,55.2,66.7,41,0
2026-10-10T18:29:00,20.3,54.1,66.6,40,1
2026-10-10T18:30:00,20.7,53.4,66.8,46,1
2026-10-10T18:31:00,18.1,54.3,66.8,35,1
2026-10-10T18:32:00,18.3,53.7,66.8,32,1
2026-10-10T18:33:00,17.1,54.8,66.6,34,0
2026-10-10T18:34:00,19.3,53.2,67.0,44,0
2026-10-10T18:35:00,21.4,54.4,66.9,45,0
2026-10-10T18:36:00,23.9,54.3,66.7,42,0
2026-10-10T18:37:00,22.8,53.6,66.6,42,0
2026-10-10T18:38:00,23.8,52.5,66.8,36,0
2026-10-10T18:39:00,26.4,54.1,66.7,42,1
2026-10-10T18:40:00,25.7,54.4,67.0,47,0
2026-10-10T18:41:00,26.8,54.4,67.1,52,0
2026-10-10T18:42:00,25.9,53.6,67.3,44,0
2026-10-10T18:43:00,28.6,54.6,67.0,49,0
2026-10-10T18:44:00,26.3,54.6,66.9,45,0
2026-10-10T18:45:00,24.0,53.5,67.2,31,0
2026-10-10T18:46:00,20.7,52.0,67.0,33,1
2026-10-10T18:47:00,22.0,53.5,67.0,32,0
2026-10-10T18:48:00,23.2,53.5,67.0,32,0
2026-10-10T18:49:00,23.0,54.3,66.9,40,0
2026-10-10T18:50:00,24.2,53.8,66.8,32,0
2026-10-10T18:51:00,25.2,53.7,67.4,35,0
2026-10-10T18:52:00,22.8,54.5,67.4,42,1
2026-10-10T18:53:00,25.0,53.2,67.6,46,1
2026-10-10T18:54:00,26.0,51.2,67.3,45,0
2026-10-10T18:55:00,28.7,50.9,67.2,47,0
2026-10-10T18:56:00,29.9,53.5,67.3,46,1
2026-10-10T18:57:00,26.7,53.1,67.6,39,0
2026-10-10T18:58:00,28.3,54.1,67.6,43,0
2026-10-10T18:59:00,26.9,55.5,67.6,41,0
2026-10-10T19:00:00,27.7,56.0,67.3,42,0
2026-10-10T19:01:00,26.1,54.9,67.3,39,1
2026-10-10T19:02:00,30.3,54.4,67.4,38,0
2026-10-10T19:03:00,31.3,54.2,67.3,35,0
2026-10-10T19:04:00,31.4,53.3,67.3,40,0
2026-10-10T19:05:00,33.4,53.5,67.1,42,1
2026-10-10T19:06:00,31.3,54.3,67.2,39,1
2026-10-10T19:07:00,28.5,54.3,67.4,47,0
2026-10-10T19:08:00,30.0,54.2,67.3,51,1
2026-10-10T19:09:00,29.1,55.1,67.4,49,1
2026-10-10T19:10:00,27.2,55.1,67.5,46,0
2026-10-10T19:11:00,24.0,54.4,67.8,46,1
2026-10-10T19:12:00,24.0,54.0,67.6,44,0
2026-10-10T19:13:00,21.8,55.9,67.7,43,0
2026-10-10T19:14:00,21.1,54.9,67.8,45,0
2026-10-10T19:15:00,20.5,53.5,67.6,50,1
2026-10-10T19:16:00,21.1,54.8,67.4,42,0
2026-10-10T19:17:00,23.1,54.1,67.4,36,0
2026-10-10T19:18:00,23.2,54.2,67.3,35,1
2026-10-10T19:19:00,23.6,54.4,67.4,29,0
2026-10-10T19:20:00,21.9,54.2,67.6,32,0
2026-10-10T19:21:00,21.5,53.4,67.4,24,0
2026-10-10T19:22:00,23.1,52.5,67.1,36,0
2026-10-10T19:23:00,24.2,53.4,67.3,40,0
2026-10-10T19:24:00,22.6,53.2,67.3,43,0
2026-10-10T19:25:00,25.0,54.4,67.3,47,3
2026-10-10T19:26:00,25.6,54.4,67.5,48,0
2026-10-10T19:27:00,24.1,54.8,67.5,39,0
2026-10-10T19:28:00,23.6,55.3,67.6,39,0
2026-10-10T19:29:00,23.3,55.7,67.8,42,0
2026-10-10T19:30:00,23.9,56.3,67.6,44,1
2026-10-10T19:31:00,23.1,54.9,67.7,46,0
2026-10-10T19:32:00,23.5,56.3,67.4,50,1
2026-10-10T19:33:00,23.1,56.2,67.4,45,0
2026-10-10T19:34:00,22.9,54.9,67.4,42,0
2026-10-10T19:35:00,22.8,54.9,67.5,44,1
2026-10-10T19:36:00,24.6,51.9,67.5,38,0
2026-10-10T19:37:00,21.5,53.8,67.5,44,0
2026-10-10T19:38:00,26.1,52.6,67.6,57,0
2026-10-10T19:39:00,24.6,54.2,67.4,52,0
2026-10-10T19:40:00,23.6,54.1,67.3,57,0
2026-10-10T19:41:00,21.2,53.3,67.6,62,0
2026-10-10T19:42:00,20.5,53.9,67.5,54,1
2026-10-10T19:43:00,,55.1,67.4,41,0
2026-10-10T19:44:00,21.2,54.5,67.6,45,1
2026-10-10T19:45:00,21.9,53.1,67.6,54,0
2026-10-10T19:46:00,24.2,53.1,67.4,46,1
2026-10-10T19:47:00,21.2,53.2,67.7,44,1
2026-10-10T19:48:00,21.9,53.8,67.7,38,1
2026-10-10T19:49:00,21.7,54.3,67.7,46,0
2026-10-10T19:50:00,17.8,53.8,67.7,44,1
2026-10-10T19:51:00,22.2,54.8,67.7,51,1
2026-10-10T19:52:00,24.1,54.3,67.8,42,0
2026-10-10T19:53:00,23.6,55.5,67.5,41,0
2026-10-10T19:54:00,27.4,56.6,67.6,37,1
2026-10-10T19:55:00,25.4,54.8,67.6,34,0
2026-10-10T19:56:00,22.7,57.1,67.4,29,0
2026-10-10T19:57:00,24.8,54.5,67.4,36,0
2026-10-10T19:58:00,25.8,52.5,67.6,31,0
2026-10-10T19:59:00,25.9,52.7,67.8,41,1
2026-10-10T20:00:00,26.2,54.0,68.0,36,0
2026-10-10T20:01:00,28.2,52.2,68.0,36,0
2026-10-10T20:02:00,28.3,53.2,68.1,29,1
2026-10-10T20:03:00,29.1,53.7,67.8,36,1
2026-10-10T20:04:00,31.8,52.0,67.8,36,1
2026-10-10T20:05:00,29.5,51.5,67.8,41,0
2026-10-10T20:06:00,28.9,51.8,67.8,45,1
2026-10-10T20:07:00,27.4,52.2,67.9,55,0
2026-10-10T20:08:00,25.2,53.2,67.8,49,
2026-10-10T20:09:00,25.1,54.8,67.8,54,1
2026-10-10T20:10:00,24.6,56.1,68.0,56,0
2026-10-10T20:11:00,22.1,56.5,68.0,57,1
2026-10-10T20:12:00,21.3,56.4,67.8,58,0
2026-10-10T20:13:00,20.8,55.0,67.8,57,1
2026-10-10T20:14:00,22.0,53.4,67.8,52,1
2026-10-10T20:15:00,27.6,53.0,67.9,54,0
2026-10-10T20:16:00,25.4,51.9,67.7,48,1
2026-10-10T20:17:00,23.8,52.6,67.4,39,0
2026-10-10T20:18:00,24.4,50.1,67.4,34,0
2026-10-10T20:19:00,25.9,53.1,67.4,44,0
2026-10-10T20:20:00,27.0,54.1,67.4,38,0
2026-10-10T20:21:00,27.9,53.3,67.8,31,0
2026-10-10T20:22:00,22.7,53.1,67.9,34,1
2026-10-10T20:23:00,20.6,52.7,68.2,42,0
2026-10-10T20:24:00,19.2,52.5,68.3,43,0
2026-10-10T20:25:00,19.9,52.8,68.4,52,1
2026-10-10T20:26:00,22.1,51.4,68.2,50,0
2026-10-10T20:27:00,26.2,51.5,68.3,46,0
2026-10-10T20:28:00,26.4,50.9,68.0,47,0
2026-10-10T20:29:00,28.5,51.2,67.9,46,1
2026-10-10T20:30:00,29.0,51.0,67.9,47,1
2026-10-10T20:31:00,22.3,52.3,68.0,48,0
2026-10-10T20:32:00,21.0,51.7,68.1,46,0
2026-10-10T20:33:00,19.7,52.0,67.9,40,0
2026-10-10T20:34:00,18.6,51.2,67.7,46,0
2026-10-10T20:35:00,19.7,53.1,67.8,44,0
2026-10-10T20:36:00,20.7,53.7,68.0,41,0
2026-10-10T20:37:00,21.6,52.3,68.0,43,0
2026-10-10T20:38:00,21.6,52.3,67.8,40,0
2026-10-10T20:39:00,20.3,51.7,67.7,34,2
2026-10-10T20:40:00,23.6,53.0,68.0,38,0
2026-10-10T20:41:00,21.2,52.8,67.9,30,0
2026-10-10T20:42:00,25.1,52.9,67.7,23,2
2026-10-10T20:43:00,25.0,51.4,67.5,29,0
2026-10-10T20:44:00,23.7,50.9,67.7,26,0
2026-10-10T20:45:00,21.9,50.8,68.1,32,0
2026-10-10T20:46:00,21.4,52.6,67.8,29,0
2026-10-10T20:47:00,24.0,51.3,67.8,34,0
2026-10-10T20:48:00,25.2,52.8,67.6,34,0
2026-10-10T20:49:00,25.0,54.5,67.6,30,0
2026-10-10T20:50:00,26.8,54.8,67.7,23,0
2026-10-10T20:51:00,24.4,53.3,,19,2
2026-10-10T20:52:00,21.7,54.8,68.0,16,0
2026-10-10T20:53:00,21.9,52.4,67.7,21,1
2026-10-10T20:54:00,20.6,51.4,68.1,24,2
2026-10-10T20:55:00,22.1,51.2,68.2,28,0
2026-10-10T20:56:00,19.5,51.4,68.1,33,1
2026-10-10T20:57:00,23.7,51.4,67.9,36,0
2026-10-10T20:58:00,24.5,52.2,68.2,37,1
2026-10-10T20:59:00,23.6,52.8,68.2,40,0
2026-10-10T21:00:00,24.8,52.2,68.3,40,0
2026-10-10T21:01:00,22.7,52.0,68.2,49,0
2026-10-10T21:02:00,22.6,51.7,68.3,50,0
2026-10-10T21:03:00,22.2,53.7,68.0,46,0
2026-10-10T21:04:00,22.1,54.3,68.1,45,2
2026-10-10T21:05:00,22.1,55.9,68.2,31,0
2026-10-10T21:06:00,22.9,54.5,68.6,36,0
2026-10-10T21:07:00,21.6,54.9,68.7,36,0
2026-10-10T21:08:00,23.8,55.6,68.4,32,0
2026-10-10T21:09:00,26.4,54.2,68.6,31,1
2026-10-10T21:10:00,27.9,54.7,68.6,36,0
2026-10-10T21:11:00,25.2,54.5,68.4,36,0
2026-10-10T21:12:00,24.9,52.8,68.3,37,0
2026-10-10T21:13:00,23.6,52.5,68.6,40,0
2026-10-10T21:14:00,24.3,51.1,68.8,47,1
2026-10-10T21:15:00,24.6,51.5,68.6,41,0
2026-10-10T21:16:00,27.8,50.4,68.5,44,0
2026-10-10T21:17:00,28.7,50.8,68.5,42,0
2026-10-10T21:18:00,28.1,51.6,68.7,42,0
2026-10-10T21:19:00,26.2,51.1,68.5,47,0
2026-10-10T21:20:00,24.1,52.6,68.4,48,0
2026-10-10T21:21:00,24.1,52.4,68.3,46,0
2026-10-10T21:22:00,21.8,53.4,68.1,50,0
2026-10-10T21:23:00,21.9,52.5,68.3,51,0
2026-10-10T21:24:00,24.4,55.5,68.5,43,0
2026-10-10T21:25:00,26.7,55.2,68.4,43,0
2026-10-10T21:26:00,26.8,56.1,68.9,39,0
2026-10-10T21:27:00,27.1,56.2,68.8,48,0
2026-10-10T21:28:00,26.6,54.9,68.8,57,1
2026-10-10T21:29:00,25.4,54.9,68.9,58,0
2026-10-10T21:30:00,23.7,54.8,68.7,53,0
2026-10-10T21:31:00,23.1,54.4,68.9,38,1
2026-10-10T21:32:00,22.2,53.8,68.9,38,0
2026-10-10T21:33:00,20.1,53.4,69.1,29,0
2026-10-10T21:34:00,22.6,53.0,68.8,27,0
2026-10-10T21:35:00,19.7,54.1,68.8,33,0
2026-10-10T21:36:00,24.6,54.1,68.7,36,0
2026-10-10T21:37:00,23.6,54.3,68.8,33,0
2026-10-10T21:38:00,26.6,55.1,68.7,39,0
2026-10-10T21:39:00,25.4,53.3,68.6,48,1
2026-10-10T21:40:00,21.8,54.1,68.8,43,1
2026-10-10T21:41:00,24.5,54.6,68.7,44,0
2026-10-10T21:42:00,22.5,54.3,68.6,43,0
2026-10-10T21:43:00,19.7,53.3,68.3,39,0
2026-10-10T21:44:00,22.7,52.6,68.6,48,0
2026-10-10T21:45:00,24.2,52.4,68.3,44,0
2026-10-10T21:46:00,23.0,53.2,68.4,,0
2026-10-10T21:47:00,21.6,53.7,68.3,49,0
2026-10-10T21:48:00,19.7,52.9,68.6,45,0
2026-10-10T21:49:00,20.0,52.9,68.7,40,0
2026-10-10T21:50:00,24.0,53.3,68.5,47,0
2026-10-10T21:51:00,24.3,51.4,68.7,41,1
2026-10-10T21:52:00,25.1,52.3,68.6,38,0
2026-10-10T21:53:00,25.5,51.1,68.7,45,0
2026-10-10T21:54:00,25.8,53.2,68.6,42,1
2026-10-10T21:55:00,25.2,52.2,68.6,45,0
2026-10-10T21:56:00,25.0,51.5,68.5,46,0
2026-10-10T21:57:00,23.7,52.7,69.0,43,0
2026-10-10T21:58:00,20.6,52.4,68.9,46,0
2026-10-10T21:59:00,22.7,53.6,68.8,42,0
2026-10-10T22:00:00,26.8,53.7,68.7,49,0
2026-10-10T22:01:00,26.1,54.6,68.8,47,0
2026-10-10T22:02:00,29.5,55.5,69.2,46,0
2026-10-10T22:03:00,25.9,57.5,69.3,39,0
2026-10-10T22:04:00,28.2,56.6,69.3,46,1
2026-10-10T22:05:00,25.5,53.4,69.2,46,1
2026-10-10T22:06:00,22.3,53.9,68.7,46,0
2026-10-10T22:07:00,25.5,54.4,68.5,30,0
2026-10-10T22:08:00,26.6,54.1,68.6,34,0
2026-10-10T22:09:00,28.5,56.7,68.6,29,0
2026-10-10T22:10:00,30.7,56.3,68.9,20,0
2026-10-10T22:11:00,31.1,54.9,68.8,24,0
2026-10-10T22:12:00,30.4,54.3,68.7,27,0
2026-10-10T22:13:00,26.9,54.9,68.9,,0
2026-10-10T22:14:00,28.0,55.7,68.7,37,0
2026-10-10T22:15:00,25.6,54.8,68.5,34,0
2026-10-10T22:16:00,25.5,54.7,68.5,34,0
2026-10-10T22:17:00,23.0,53.3,67.9,42,1
2026-10-10T22:18:00,22.0,52.6,68.6,48,1
2026-10-10T22:19:00,24.8,52.7,68.8,45,0
2026-10-10T22:20:00,24.7,51.8,68.7,38,
2026-10-10T22:21:00,24.7,52.3,68.7,37,1
2026-10-10T22:22:00,21.7,53.5,68.9,29,0
2026-10-10T22:23:00,19.5,56.8,69.0,22,0
2026-10-10T22:24:00,17.5,57.0,69.0,31,0
2026-10-10T22:25:00,17.7,57.8,69.0,29,0
2026-10-10T22:26:00,19.3,57.8,69.3,30,0
2026-10-10T22:27:00,19.6,56.0,69.4,37,0
2026-10-10T22:28:00,18.4,56.0,69.7,39,0
2026-10-10T22:29:00,19.7,54.6,69.6,38,1
2026-10-10T22:30:00,21.0,55.9,69.6,38,0
2026-10-10T22:31:00,23.2,56.0,69.5,42,0
2026-10-10T22:32:00,,55.9,69.2,47,0
2026-10-10T22:33:00,25.5,55.3,69.2,42,0
2026-10-10T22:34:00,,56.4,69.5,46,0
2026-10-10T22:35:00,27.8,55.6,69.9,48,0
2026-10-10T22:36:00,29.3,55.0,69.5,51,1
2026-10-10T22:37:00,30.0,55.3,69.6,45,1
2026-10-10T22:38:00,28.0,53.3,69.6,45,1
2026-10-10T22:39:00,22.8,51.2,69.5,51,0
2026-10-10T22:40:00,22.5,51.9,69.6,46,0
2026-10-10T22:41:00,23.3,52.7,69.6,40,1
2026-10-10T22:42:00,19.8,53.8,69.8,46,1
2026-10-10T22:43:00,19.2,51.4,69.6,45,0
2026-10-10T22:44:00,20.4,51.3,69.3,41,0
2026-10-10T22:45:00,24.3,52.2,,39,0
2026-10-10T22:46:00,25.3,54.3,69.4,31,0
2026-10-10T22:47:00,23.9,55.0,,35,0
2026-10-10T22:48:00,20.5,53.5,69.2,35,0
2026-10-10T22:49:00,18.9,53.7,69.2,34,0
2026-10-10T22:50:00,18.8,53.6,69.3,38,1
2026-10-10T22:51:00,16.3,54.8,69.2,44,0
2026-10-10T22:52:00,13.9,56.2,69.3,47,0
2026-10-10T22:53:00,17.4,55.5,69.3,45,0
2026-10-10T22:54:00,19.8,55.2,69.4,43,0
2026-10-10T22:55:00,20.7,55.0,69.5,45,0
2026-10-10T22:56:00,19.7,54.0,69.5,45,0
2026-10-10T22:57:00,19.2,53.5,69.6,44,0
2026-10-10T22:58:00,20.8,55.3,69.6,37,1
2026-10-10T22:59:00,21.6,54.5,69.7,37,0
2026-10-10T23:00:00,23.9,52.7,69.6,40,1
2026-10-10T23:01:00,25.8,50.8,69.9,46,0
2026-10-10T23:02:00,28.8,52.5,69.7,55,0
2026-10-10T23:03:00,30.2,52.5,69.7,55,0
2026-10-10T23:04:00,28.4,51.5,69.7,63,0
2026-10-10T23:05:00,36.6,50.2,69.6,70,0
2026-10-10T23:06:00,41.1,50.9,69.4,69,1
2026-10-10T23:07:00,40.4,49.6,69.2,75,0
2026-10-10T23:08:00,38.7,50.2,69.3,80,0
2026-10-10T23:09:00,40.3,50.0,69.3,83,1
2026-10-10T23:10:00,39.8,50.5,69.4,76,0
2026-10-10T23:11:00,37.7,50.8,69.6,71,0
2026-10-10T23:12:00,37.1,52.3,69.7,64,1
2026-10-10T23:13:00,37.3,51.1,69.2,65,0
2026-10-10T23:14:00,41.0,52.3,69.3,64,1
2026-10-10T23:15:00,40.1,52.9,69.3,67,2
2026-10-10T23:16:00,40.5,53.9,69.6,72,0
2026-10-10T23:17:00,40.8,53.2,69.4,63,0
2026-10-10T23:18:00,37.4,53.2,69.4,64,0
2026-10-10T23:19:00,36.6,52.7,69.6,69,0
2026-10-10T23:20:00,36.6,51.7,69.6,63,1
2026-10-10T23:21:00,37.4,52.1,69.9,76,1
2026-10-10T23:22:00,38.0,53.8,69.8,83,0
2026-10-10T23:23:00,38.8,53.6,69.6,74,0
2026-10-10T23:24:00,42.2,53.5,69.7,78,0
2026-10-10T23:25:00,42.3,55.2,69.7,76,0
2026-10-10T23:26:00,40.2,56.4,69.7,73,0
2026-10-10T23:27:00,40.9,55.5,69.7,71,1
2026-10-10T23:28:00,44.9,56.1,69.8,77,0
2026-10-10T23:29:00,44.6,54.5,69.5,75,0
2026-10-10T23:30:00,44.3,52.4,69.7,73,0
2026-10-10T23:31:00,43.3,52.3,69.8,72,0
2026-10-10T23:32:00,42.5,52.9,69.9,73,0
2026-10-10T23:33:00,38.4,53.2,69.8,72,0
2026-10-10T23:34:00,41.3,53.3,70.0,72,0
2026-10-10T23:35:00,42.4,52.4,69.7,61,1
2026-10-10T23:36:00,37.8,54.4,69.7,67,1
2026-10-10T23:37:00,35.5,54.6,69.6,60,1
2026-10-10T23:38:00,32.6,53.8,69.9,46,1
2026-10-10T23:39:00,32.1,52.6,69.9,40,0
2026-10-10T23:40:00,24.3,53.9,69.8,40,0
2026-10-10T23:41:00,27.2,54.2,69.7,37,0
2026-10-10T23:42:00,27.5,55.7,69.8,44,0
2026-10-10T23:43:00,23.4,54.5,69.6,48,0
2026-10-10T23:44:00,22.7,54.8,69.6,53,0
2026-10-10T23:45:00,20.1,53.3,69.5,46,0
2026-10-10T23:46:00,23.3,53.6,69.4,38,1
2026-10-10T23:47:00,21.6,53.4,69.5,40,1
2026-10-10T23:48:00,22.0,52.5,69.5,36,1
2026-10-10T23:49:00,27.4,53.2,69.7,46,0
2026-10-10T23:50:00,23.4,53.5,69.9,48,0
2026-10-10T23:51:00,21.5,54.0,69.9,44,0
2026-10-10T23:52:00,21.3,53.4,69.9,45,0
2026-10-10T23:53:00,16.9,53.4,69.6,45,0
2026-10-10T23:54:00,20.2,53.8,69.8,45,0
2026-10-10T23:55:00,19.6,54.0,69.9,42,0
2026-10-10T23:56:00,20.9,51.9,69.9,49,1
2026-10-10T23:57:00,26.4,52.8,69.9,48,1
2026-10-10T23:58:00,22.9,53.0,70.1,49,0
2026-10-10T23:59:00,24.5,54.4,70.2,46,0
2026-10-11T00:00:00,25.7,54.4,70.0,41,0
2026-10-11T00:01:00,24.1,54.9,70.0,41,0
2026-10-11T00:02:00,20.0,54.3,70.1,42,1
2026-10-11T00:03:00,21.8,54.1,70.1,38,1
2026-10-11T00:04:00,24.4,52.3,70.1,38,0
2026-10-11T00:05:00,25.3,53.0,70.3,45,0
2026-10-11T00:06:00,26.5,51.3,70.1,45,1
2026-10-11T00:07:00,29.9,53.0,70.1,38,0
2026-10-11T00:08:00,27.7,53.6,69.9,37,0
2026-10-11T00:09:00,29.8,52.6,70.4,33,0
2026-10-11T00:10:00,31.3,53.8,70.2,25,1
2026-10-11T00:11:00,29.2,54.0,70.2,31,1
2026-10-11T00:12:00,26.1,54.9,70.3,34,0
2026-10-11T00:13:00,27.3,54.6,70.3,34,0
2026-10-11T00:14:00,29.3,54.6,70.2,27,1
2026-10-11T00:15:00,28.2,54.2,70.1,31,0
2026-10-11T00:16:00,26.5,53.3,70.2,28,0
2026-10-11T00:17:00,25.2,,70.1,29,1
2026-10-11T00:18:00,23.6,53.1,70.3,30,0
2026-10-11T00:19:00,22.6,50.8,70.1,30,0
2026-10-11T00:20:00,19.5,50.8,70.2,37,1
2026-10-11T00:21:00,20.4,52.1,70.3,38,0
2026-10-11T00:22:00,22.4,51.6,70.2,37,0
2026-10-11T00:23:00,24.1,51.9,70.3,34,0
2026-10-11T00:24:00,22.6,51.1,70.1,34,1
2026-10-11T00:25:00,19.7,53.9,70.0,35,0
2026-10-11T00:26:00,21.6,52.9,69.9,35,0
2026-10-11T00:27:00,23.5,54.2,70.0,36,0
2026-10-11T00:28:00,19.8,54.1,70.1,35,0
2026-10-11T00:29:00,22.2,53.3,70.3,34,0
2026-10-11T00:30:00,23.8,51.6,70.5,31,1
2026-10-11T00:31:00,25.5,52.4,70.6,27,0
2026-10-11T00:32:00,25.0,51.3,70.5,33,0
2026-10-11T00:33:00,24.8,52.8,70.2,32,0
2026-10-11T00:34:00,25.6,53.4,70.3,33,1
2026-10-11T00:35:00,24.6,54.8,70.1,43,0
2026-10-11T00:36:00,22.7,54.0,70.4,39,0
2026-10-11T00:37:00,24.6,54.3,70.8,44,1
2026-10-11T00:38:00,26.2,53.6,70.9,42,0
2026-10-11T00:39:00,25.3,52.8,70.6,49,1
2026-10-11T00:40:00,22.7,52.1,70.3,43,1
2026-10-11T00:41:00,23.5,52.4,70.4,33,0
2026-10-11T00:42:00,21.5,52.3,70.5,26,1
2026-10-11T00:43:00,21.4,51.5,70.7,26,0
2026-10-11T00:44:00,19.8,51.2,70.6,22,0
2026-10-11T00:45:00,22.2,51.3,70.5,27,0
2026-10-11T00:46:00,21.1,52.9,70.5,29,0
2026-10-11T00:47:00,24.6,51.4,70.7,24,1
2026-10-11T00:48:00,26.6,50.5,70.7,33,0
2026-10-11T00:49:00,26.4,52.1,71.0,36,1
2026-10-11T00:50:00,24.7,53.1,71.2,47,0
2026-10-11T00:51:00,25.2,53.6,71.2,42,2
2026-10-11T00:52:00,19.9,51.2,70.8,39,0
2026-10-11T00:53:00,22.1,55.4,70.8,41,1
2026-10-11T00:54:00,21.3,56.2,70.8,30,0
2026-10-11T00:55:00,22.9,57.8,70.8,33,1
2026-10-11T00:56:00,24.3,56.8,70.7,36,0
2026-10-11T00:57:00,23.8,56.3,70.6,41,0
2026-10-11T00:58:00,25.0,56.4,70.7,35,0
2026-10-11T00:59:00,27.5,56.2,70.9,39,0
2026-10-11T01:00:00,27.1,54.6,70.7,44,0
2026-10-11T01:01:00,28.0,53.1,,42,0
2026-10-11T01:02:00,25.9,52.6,70.7,46,0
2026-10-11T01:03:00,26.9,51.0,70.8,53,0
2026-10-11T01:04:00,28.8,49.9,70.8,44,0
2026-10-11T01:05:00,26.6,50.8,71.0,49,0
2026-10-11T01:06:00,29.5,51.3,70.9,60,0
2026-10-11T01:07:00,28.1,52.1,70.7,54,0
2026-10-11T01:08:00,29.7,51.5,70.6,48,0
2026-10-11T01:09:00,28.3,52.5,70.8,44,2
2026-10-11T01:10:00,26.3,51.5,70.9,43,0
2026-10-11T01:11:00,27.5,51.7,71.0,45,0
2026-10-11T01:12:00,25.0,54.0,70.9,43,0
2026-10-11T01:13:00,27.4,52.8,70.7,47,
2026-10-11T01:14:00,26.6,52.8,70.5,53,0
2026-10-11T01:15:00,25.1,51.8,70.6,52,0
2026-10-11T01:16:00,28.3,52.8,70.8,58,0
2026-10-11T01:17:00,25.0,52.4,70.9,50,0
2026-10-11T01:18:00,22.8,55.3,71.3,41,1
2026-10-11T01:19:00,26.7,54.3,71.1,46,0
2026-10-11T01:20:00,23.9,52.9,71.1,44,0
2026-10-11T01:21:00,22.1,53.7,71.1,41,0
2026-10-11T01:22:00,21.8,52.6,71.0,40,0
2026-10-11T01:23:00,23.2,53.5,70.9,37,0
2026-10-11T01:24:00,23.6,52.9,71.2,34,0
2026-10-11T01:25:00,22.0,52.2,71.1,44,1
2026-10-11T01:26:00,21.2,53.1,71.0,47,0
2026-10-11T01:27:00,19.5,55.0,70.9,42,0
2026-10-11T01:28:00,22.3,53.5,70.8,49,0
2026-10-11T01:29:00,24.4,53.0,70.8,46,0
2026-10-11T01:30:00,22.4,53.3,70.7,53,0
2026-10-11T01:31:00,22.8,54.0,70.4,48,1
2026-10-11T01:32:00,23.8,53.1,70.4,44,1
2026-10-11T01:33:00,25.1,54.4,71.0,45,0
2026-10-11T01:34:00,22.1,53.9,71.2,40,1
2026-10-11T01:35:00,20.3,55.6,71.3,40,0
2026-10-11T01:36:00,20.6,58.1,71.2,40,1
2026-10-11T01:37:00,,58.8,71.2,40,0
2026-10-11T01:38:00,18.7,57.6,71.3,44,0
2026-10-11T01:39:00,19.7,56.6,71.2,46,0
2026-10-11T01:40:00,24.0,56.8,71.2,43,0
2026-10-11T01:41:00,25.8,55.5,71.3,42,0
2026-10-11T01:42:00,25.9,55.2,71.3,49,1
2026-10-11T01:43:00,27.2,54.4,71.5,50,0
2026-10-11T01:44:00,25.0,54.3,71.4,56,0
2026-10-11T01:45:00,28.1,53.7,71.6,52,0
2026-10-11T01:46:00,24.8,52.7,71.5,45,0
2026-10-11T01:47:00,24.1,51.4,71.2,48,0
2026-10-11T01:48:00,25.0,51.3,71.2,48,0
2026-10-11T01:49:00,26.2,51.3,71.2,40,1
2026-10-11T01:50:00,25.5,52.6,71.2,43,0
2026-10-11T01:51:00,24.7,53.3,71.0,45,1
2026-10-11T01:52:00,24.4,53.3,71.2,47,0
2026-10-11T01:53:00,25.5,52.1,71.4,38,0
2026-10-11T01:54:00,27.8,51.8,71.5,35,0
2026-10-11T01:55:00,27.7,53.2,71.5,31,0
2026-10-11T01:56:00,26.7,51.2,71.2,35,0
2026-10-11T01:57:00,27.4,50.1,71.0,37,0
2026-10-11T01:58:00,26.0,50.4,71.0,40,0
2026-10-11T01:59:00,25.9,51.4,71.3,49,0
2026-10-11T02:00:00,23.9,51.7,71.3,44,0
2026-10-11T02:01:00,27.9,51.4,71.2,42,0
2026-10-11T02:02:00,25.6,50.0,71.2,39,0
2026-10-11T02:03:00,26.9,49.7,71.2,40,2
2026-10-11T02:04:00,27.4,50.0,71.3,38,0
2026-10-11T02:05:00,26.0,50.8,71.2,42,0
2026-10-11T02:06:00,23.4,51.3,71.2,39,0
2026-10-11T02:07:00,,50.6,71.4,43,0
2026-10-11T02:08:00,25.6,50.8,71.8,46,0
2026-10-11T02:09:00,23.3,52.1,71.8,45,2
2026-10-11T02:10:00,23.6,51.6,71.7,41,0
2026-10-11T02:11:00,25.0,49.9,71.8,42,0
2026-10-11T02:12:00,25.8,50.8,71.5,39,0
2026-10-11T02:13:00,25.2,50.8,71.6,42,0
2026-10-11T02:14:00,24.2,49.9,71.7,34,0
2026-10-11T02:15:00,22.0,51.9,71.9,43,1
2026-10-11T02:16:00,22.9,52.8,71.6,42,1
2026-10-11T02:17:00,24.4,52.3,71.6,41,1
2026-10-11T02:18:00,24.3,54.3,71.6,40,0
2026-10-11T02:19:00,27.4,53.9,71.8,44,1
2026-10-11T02:20:00,28.8,54.2,71.8,51,0
2026-10-11T02:21:00,24.0,55.9,71.9,48,1
2026-10-11T02:22:00,22.0,54.6,71.8,53,0
2026-10-11T02:23:00,22.7,53.2,71.9,51,0
2026-10-11T02:24:00,24.2,52.5,71.8,42,0
2026-10-11T02:25:00,27.5,52.9,72.0,47,0
2026-10-11T02:26:00,26.1,53.7,71.9,39,0
2026-10-11T02:27:00,24.9,53.2,71.8,40,0
2026-10-11T02:28:00,24.1,53.3,71.8,38,0
2026-10-11T02:29:00,26.1,54.5,71.6,38,0
2026-10-11T02:30:00,27.0,54.2,71.7,36,1
2026-10-11T02:31:00,30.1,55.2,71.5,43,0
2026-10-11T02:32:00,30.3,54.0,71.9,41,0
2026-10-11T02:33:00,27.2,54.2,71.9,42,0
2026-10-11T02:34:00,24.9,55.2,71.7,41,0
2026-10-11T02:35:00,25.0,56.3,71.7,32,0
2026-10-11T02:36:00,25.6,54.2,72.1,27,0
2026-10-11T02:37:00,25.6,55.0,72.1,32,0
2026-10-11T02:38:00,22.0,53.1,72.2,36,1
2026-10-11T02:39:00,26.4,51.2,72.0,33,0
2026-10-11T02:40:00,23.3,52.8,72.3,35,0
2026-10-11T02:41:00,22.5,52.1,72.6,37,0
2026-10-11T02:42:00,17.9,51.0,72.3,34,0
2026-10-11T02:43:00,21.1,52.9,72.2,41,0
2026-10-11T02:44:00,,54.6,72.5,43,0
2026-10-11T02:45:00,26.8,54.7,72.5,47,1
2026-10-11T02:46:00,29.7,55.0,72.4,49,4
2026-10-11T02:47:00,28.9,53.1,72.7,48,0
2026-10-11T02:48:00,29.6,52.3,72.9,44,1
2026-10-11T02:49:00,27.2,53.6,72.6,55,0
2026-10-11T02:50:00,27.0,53.7,72.3,57,0
2026-10-11T02:51:00,24.8,53.4,72.5,64,1
2026-10-11T02:52:00,23.3,54.3,72.7,53,0
2026-10-11T02:53:00,25.6,54.6,72.5,46,0
2026-10-11T02:54:00,25.6,55.6,71.9,46,0
2026-10-11T02:55:00,25.5,54.2,72.0,47,0
2026-10-11T02:56:00,23.4,51.9,71.7,48,1
2026-10-11T02:57:00,26.3,53.3,71.9,44,0
2026-10-11T02:58:00,25.3,54.7,71.8,48,0
2026-10-11T02:59:00,24.7,54.6,71.7,50,0
2026-10-11T03:00:00,22.9,54.8,72.0,49,0
2026-10-11T03:01:00,20.1,56.7,72.0,52,0
2026-10-11T03:02:00,21.3,56.2,72.0,55,0
2026-10-11T03:03:00,24.2,55.9,72.0,49,0
2026-10-11T03:04:00,23.9,55.4,72.0,40,0
2026-10-11T03:05:00,22.3,54.9,72.2,39,0
2026-10-11T03:06:00,21.3,55.5,72.3,37,0
2026-10-11T03:07:00,23.7,54.2,72.4,32,0
2026-10-11T03:08:00,21.8,53.3,72.7,,0
2026-10-11T03:09:00,20.6,53.5,72.7,,0
2026-10-11T03:10:00,17.7,53.3,72.7,29,1
2026-10-11T03:11:00,18.7,52.1,72.7,31,0
2026-10-11T03:12:00,22.8,52.6,72.7,28,0
2026-10-11T03:13:00,22.8,51.5,72.9,34,2
2026-10-11T03:14:00,21.3,52.6,72.8,32,0
2026-10-11T03:15:00,26.7,52.8,72.7,38,1
2026-10-11T03:16:00,27.0,50.8,72.7,37,1
2026-10-11T03:17:00,26.2,49.3,72.8,40,1
2026-10-11T03:18:00,23.8,50.5,72.9,39,0
2026-10-11T03:19:00,25.2,51.0,72.7,36,0
2026-10-11T03:20:00,20.7,50.3,72.6,32,0
2026-10-11T03:21:00,22.8,50.3,72.7,41,3
2026-10-11T03:22:00,26.8,51.9,72.9,46,0
2026-10-11T03:23:00,29.7,52.2,72.7,43,1
2026-10-11T03:24:00,26.8,52.1,72.9,39,0
2026-10-11T03:25:00,30.6,51.9,72.7,40,0
2026-10-11T03:26:00,30.6,52.0,72.8,50,1
2026-10-11T03:27:00,29.6,52.0,72.6,46,2
2026-10-11T03:28:00,28.5,51.7,72.5,46,0
2026-10-11T03:29:00,28.4,54.4,72.9,38,0
2026-10-11T03:30:00,27.7,53.2,72.6,43,0
2026-10-11T03:31:00,26.0,54.3,72.2,46,0
2026-10-11T03:32:00,26.9,54.0,72.3,42,0
2026-10-11T03:33:00,23.6,54.7,72.3,42,0
2026-10-11T03:34:00,24.4,54.6,72.6,38,
2026-10-11T03:35:00,22.5,52.7,72.8,37,0
2026-10-11T03:36:00,17.4,51.2,72.8,36,0
2026-10-11T03:37:00,24.0,53.1,72.9,35,
2026-10-11T03:38:00,25.4,54.3,73.0,45,0
2026-10-11T03:39:00,25.4,51.8,72.8,43,0
2026-10-11T03:40:00,24.5,51.8,72.7,53,3
2026-10-11T03:41:00,24.4,53.2,72.6,50,0
2026-10-11T03:42:00,24.7,52.9,72.4,56,0
2026-10-11T03:43:00,25.0,54.5,72.6,55,1
2026-10-11T03:44:00,24.6,54.0,72.7,43,0
2026-10-11T03:45:00,25.3,53.7,72.5,53,0
2026-10-11T03:46:00,23.9,55.4,72.4,57,1
2026-10-11T03:47:00,25.5,52.5,72.7,46,0
2026-10-11T03:48:00,26.5,51.8,72.7,48,0
2026-10-11T03:49:00,25.6,53.2,72.8,56,0
2026-10-11T03:50:00,27.1,52.3,72.9,52,0
2026-10-11T03:51:00,25.0,51.3,73.0,55,0
2026-10-11T03:52:00,22.9,49.6,73.2,45,0
2026-10-11T03:53:00,22.5,50.5,73.1,49,0
2026-10-11T03:54:00,24.3,50.9,,47,0
2026-10-11T03:55:00,22.6,53.2,,46,0
2026-10-11T03:56:00,21.3,52.8,72.9,38,0
2026-10-11T03:57:00,27.7,53.1,72.9,36,0
2026-10-11T03:58:00,27.8,52.9,72.8,41,0
2026-10-11T03:59:00,26.0,52.0,73.1,36,0
2026-10-11T04:00:00,25.5,53.5,73.4,31,1
2026-10-11T04:01:00,27.1,52.0,73.1,32,0
2026-10-11T04:02:00,28.7,51.3,72.8,38,1
2026-10-11T04:03:00,30.7,49.1,72.8,37,0
2026-10-11T04:04:00,27.3,51.2,72.7,45,1
2026-10-11T04:05:00,24.4,51.3,73.0,47,0
2026-10-11T04:06:00,23.0,52.0,73.2,49,1
2026-10-11T04:07:00,25.9,53.2,73.1,42,1
2026-10-11T04:08:00,22.2,53.4,73.0,39,0
2026-10-11T04:09:00,21.5,52.4,73.1,43,0
2026-10-11T04:10:00,23.3,51.1,73.4,44,1
2026-10-11T04:11:00,24.5,51.2,73.4,40,0
2026-10-11T04:12:00,25.2,53.5,73.2,37,1
2026-10-11T04:13:00,26.0,53.1,73.2,37,1
2026-10-11T04:14:00,22.0,54.1,73.3,35,1
2026-10-11T04:15:00,22.4,53.1,73.2,,2
2026-10-11T04:16:00,21.3,53.2,73.4,48,1
2026-10-11T04:17:00,23.5,52.2,73.4,47,1
2026-10-11T04:18:00,23.2,49.9,73.3,49,0
2026-10-11T04:19:00,23.9,50.7,73.7,47,0
2026-10-11T04:20:00,22.4,53.3,73.5,42,1
2026-10-11T04:21:00,24.8,52.5,73.1,44,0
2026-10-11T04:22:00,24.2,53.5,73.2,37,0
2026-10-11T04:23:00,25.9,53.5,73.1,36,3
2026-10-11T04:24:00,26.3,52.6,73.0,42,0
2026-10-11T04:25:00,24.8,51.6,73.1,43,1
2026-10-11T04:26:00,28.2,53.8,73.2,43,1
2026-10-11T04:27:00,26.2,53.6,73.4,46,0
2026-10-11T04:28:00,26.3,53.5,73.4,43,0
2026-10-11T04:29:00,27.9,52.3,73.2,40,1
2026-10-11T04:30:00,25.6,52.1,73.7,36,0
2026-10-11T04:31:00,23.6,51.4,74.0,37,2
2026-10-11T04:32:00,22.3,52.7,73.4,39,0
2026-10-11T04:33:00,22.4,52.0,73.2,45,0
2026-10-11T04:34:00,22.0,53.5,73.3,47,0
2026-10-11T04:35:00,21.8,52.7,73.0,48,0
2026-10-11T04:36:00,24.3,52.6,73.2,41,0
2026-10-11T04:37:00,22.4,53.4,73.4,35,0
2026-10-11T04:38:00,21.8,53.9,73.3,34,1
2026-10-11T04:39:00,24.6,54.1,73.6,33,0
2026-10-11T04:40:00,21.7,52.4,73.2,36,0
2026-10-11T04:41:00,22.0,53.5,72.9,31,0
2026-10-11T04:42:00,24.1,54.8,72.9,33,0
2026-10-11T04:43:00,25.5,54.9,73.1,44,0
2026-10-11T04:44:00,23.0,54.4,73.0,45,0
2026-10-11T04:45:00,24.3,54.9,73.2,37,0
2026-10-11T04:46:00,26.6,53.2,73.2,42,0
2026-10-11T04:47:00,27.7,53.8,73.4,50,0
2026-10-11T04:48:00,28.0,55.3,73.6,,0
2026-10-11T04:49:00,28.0,54.8,73.7,43,1
2026-10-11T04:50:00,24.3,53.6,73.9,45,0
2026-10-11T04:51:00,26.1,54.4,73.8,44,0
2026-10-11T04:52:00,27.6,55.1,73.8,46,0
2026-10-11T04:53:00,24.8,56.0,74.1,47,0
2026-10-11T04:54:00,20.9,56.5,74.2,42,0
2026-10-11T04:55:00,21.7,56.5,74.4,42,0
2026-10-11T04:56:00,23.7,56.1,74.4,32,0
2026-10-11T04:57:00,26.9,56.2,74.3,36,0
2026-10-11T04:58:00,26.5,56.0,74.2,32,0
2026-10-11T04:59:00,28.6,55.8,73.6,38,2
2026-10-11T05:00:00,27.4,55.2,73.7,39,0
2026-10-11T05:01:00,24.2,54.3,73.5,36,0
2026-10-11T05:02:00,24.1,53.2,73.6,39,0
2026-10-11T05:03:00,25.2,54.3,73.7,43,0
2026-10-11T05:04:00,25.7,53.9,74.0,41,1
2026-10-11T05:05:00,26.0,54.1,73.9,43,0
2026-10-11T05:06:00,28.6,52.4,74.4,42,1
2026-10-11T05:07:00,28.8,52.9,74.0,44,0
2026-10-11T05:08:00,25.2,52.2,73.9,41,0
2026-10-11T05:09:00,25.4,52.9,73.9,45,0
2026-10-11T05:10:00,26.3,54.1,73.8,37,0
2026-10-11T05:11:00,28.4,53.4,73.9,37,0
2026-10-11T05:12:00,24.7,54.6,74.1,42,0
2026-10-11T05:13:00,27.0,54.8,74.3,38,0
2026-10-11T05:14:00,27.7,56.8,74.1,34,0
2026-10-11T05:15:00,27.5,56.0,74.2,42,0
2026-10-11T05:16:00,27.9,55.0,74.2,38,0
2026-10-11T05:17:00,26.8,52.5,74.3,37,0
2026-10-11T05:18:00,29.0,51.8,74.2,31,0
2026-10-11T05:19:00,24.3,54.7,74.1,33,0
2026-10-11T05:20:00,24.2,55.5,74.0,33,1
2026-10-11T05:21:00,25.0,55.5,74.2,39,0
2026-10-11T05:22:00,29.7,54.3,74.4,,0
2026-10-11T05:23:00,31.2,52.4,74.2,44,0
2026-10-11T05:24:00,27.5,51.9,74.3,45,0
2026-10-11T05:25:00,26.4,51.3,74.2,44,0
2026-10-11T05:26:00,27.7,51.5,74.1,42,0
2026-10-11T05:27:00,25.0,52.3,74.1,46,0
2026-10-11T05:28:00,25.5,51.7,74.0,45,2
2026-10-11T05:29:00,24.1,53.0,74.0,53,0
2026-10-11T05:30:00,25.8,53.5,73.9,47,0
2026-10-11T05:31:00,25.9,51.9,74.0,41,0
2026-10-11T05:32:00,28.6,52.4,74.2,42,0
2026-10-11T05:33:00,28.5,53.7,74.3,44,0
2026-10-11T05:34:00,26.0,53.4,74.2,48,2
2026-10-11T05:35:00,25.3,53.1,74.3,50,0
2026-10-11T05:36:00,27.3,56.3,74.5,45,0
2026-10-11T05:37:00,26.3,55.9,74.2,42,0
2026-10-11T05:38:00,28.4,56.6,74.2,39,0
2026-10-11T05:39:00,26.8,56.1,74.3,39,0
2026-10-11T05:40:00,25.6,57.0,74.5,40,0
2026-10-11T05:41:00,23.4,55.3,74.4,38,1
2026-10-11T05:42:00,25.6,54.5,74.3,32,1
2026-10-11T05:43:00,25.1,52.3,74.3,32,0
2026-10-11T05:44:00,23.8,54.3,74.3,46,0
2026-10-11T05:45:00,23.2,54.9,74.2,46,0
2026-10-11T05:46:00,20.7,53.9,74.3,46,0
2026-10-11T05:47:00,21.3,54.1,74.5,45,0
2026-10-11T05:48:00,21.2,53.8,74.2,33,0
2026-10-11T05:49:00,26.6,54.4,74.5,29,0
2026-10-11T05:50:00,25.3,53.8,74.3,30,0
2026-10-11T05:51:00,25.3,53.9,74.4,33,0
2026-10-11T05:52:00,24.1,52.1,74.6,33,1
2026-10-11T05:53:00,25.5,54.0,74.4,38,0
2026-10-11T05:54:00,23.5,54.3,74.6,46,0
2026-10-11T05:55:00,23.6,54.0,74.6,37,0
2026-10-11T05:56:00,24.3,54.6,74.6,35,0
2026-10-11T05:57:00,22.4,54.6,74.6,33,0
2026-10-11T05:58:00,20.5,55.6,74.6,40,0
2026-10-11T05:59:00,19.7,,74.5,41,1
2026-10-11T06:00:00,18.9,54.2,74.4,46,1
2026-10-11T06:01:00,21.6,54.1,74.6,43,0
2026-10-11T06:02:00,24.5,52.6,74.8,42,0
2026-10-11T06:03:00,24.6,52.9,74.9,40,0
2026-10-11T06:04:00,25.0,51.8,74.9,45,0
2026-10-11T06:05:00,25.5,51.7,74.9,35,0
2026-10-11T06:06:00,28.8,51.8,74.9,33,0
2026-10-11T06:07:00,27.5,51.8,74.7,41,0
2026-10-11T06:08:00,25.7,51.2,74.7,41,0
2026-10-11T06:09:00,28.1,51.9,74.9,44,2
2026-10-11T06:10:00,23.8,52.3,74.8,47,1
2026-10-11T06:11:00,25.8,51.8,74.7,44,0
2026-10-11T06:12:00,21.9,51.5,74.6,44,0
2026-10-11T06:13:00,21.4,51.1,74.9,44,0
2026-10-11T06:14:00,23.7,52.9,74.9,50,0
2026-10-11T06:15:00,23.4,53.1,74.8,44,0
2026-10-11T06:16:00,23.8,52.1,75.2,49,0
2026-10-11T06:17:00,25.2,53.6,75.4,43,0
2026-10-11T06:18:00,23.6,53.6,75.0,39,3
2026-10-11T06:19:00,22.1,52.5,75.0,43,1
2026-10-11T06:20:00,18.3,52.4,74.8,38,0
2026-10-11T06:21:00,20.2,52.7,74.7,40,0
2026-10-11T06:22:00,23.1,51.0,74.9,46,0
2026-10-11T06:23:00,22.9,52.2,75.0,46,1
2026-10-11T06:24:00,24.3,52.3,74.8,44,0
2026-10-11T06:25:00,22.2,52.8,74.9,47,0
2026-10-11T06:26:00,21.7,52.0,74.9,41,0
2026-10-11T06:27:00,21.4,52.2,74.8,49,1
2026-10-11T06:28:00,19.0,53.7,74.9,43,0
2026-10-11T06:29:00,21.7,53.2,75.0,47,1
2026-10-11T06:30:00,23.8,55.1,74.9,50,0
2026-10-11T06:31:00,19.4,54.6,75.3,59,1
2026-10-11T06:32:00,16.6,55.6,75.5,58,0
2026-10-11T06:33:00,11.7,54.2,75.4,53,0
2026-10-11T06:34:00,14.2,54.7,75.3,49,0
2026-10-11T06:35:00,19.1,55.4,75.6,52,0
2026-10-11T06:36:00,20.4,55.8,75.5,56,0
2026-10-11T06:37:00,18.9,55.2,75.2,53,0
2026-10-11T06:38:00,20.4,56.4,75.3,51,1
2026-10-11T06:39:00,21.3,56.6,75.3,48,0
2026-10-11T06:40:00,21.8,56.3,75.5,42,0
2026-10-11T06:41:00,21.9,56.8,75.5,40,0
2026-10-11T06:42:00,21.6,55.0,75.6,42,2
2026-10-11T06:43:00,22.7,53.8,75.6,47,0
2026-10-11T06:44:00,22.0,51.6,75.7,41,0
2026-10-11T06:45:00,25.5,49.9,75.8,36,0
2026-10-11T06:46:00,28.1,51.2,75.3,35,0
2026-10-11T06:47:00,27.0,51.2,74.9,33,1
2026-10-11T06:48:00,25.8,53.2,75.3,31,0
2026-10-11T06:49:00,27.5,52.1,75.2,28,0
2026-10-11T06:50:00,29.0,51.2,75.0,27,1
2026-10-11T06:51:00,27.3,52.9,75.0,28,1
2026-10-11T06:52:00,25.8,53.2,75.2,31,0
2026-10-11T06:53:00,24.9,54.7,75.2,39,0
2026-10-11T06:54:00,26.5,56.1,75.3,36,0
2026-10-11T06:55:00,23.5,56.0,75.3,43,0
2026-10-11T06:56:00,22.2,55.3,75.7,44,0
2026-10-11T06:57:00,23.7,56.4,75.5,41,0
2026-10-11T06:58:00,21.3,56.1,75.7,44,0
2026-10-11T06:59:00,20.7,55.7,75.9,43,0
2026-10-11T07:00:00,25.8,55.3,75.5,52,2
2026-10-11T07:01:00,27.5,54.2,75.7,52,0
2026-10-11T07:02:00,26.3,52.6,75.8,50,0
2026-10-11T07:03:00,25.7,52.2,75.8,47,0
2026-10-11T07:04:00,28.4,53.9,75.3,51,1
2026-10-11T07:05:00,27.5,55.7,75.4,46,0
2026-10-11T07:06:00,27.4,55.0,75.4,45,2
2026-10-11T07:07:00,29.7,54.9,75.4,38,0
2026-10-11T07:08:00,28.4,55.8,75.3,36,0
2026-10-11T07:09:00,25.5,53.5,75.6,37,1
2026-10-11T07:10:00,23.3,51.8,75.5,41,0
2026-10-11T07:11:00,22.3,51.2,75.4,37,0
2026-10-11T07:12:00,21.7,51.1,75.5,46,2
2026-10-11T07:13:00,21.5,52.5,75.4,53,1
2026-10-11T07:14:00,24.0,53.2,75.1,53,0
2026-10-11T07:15:00,24.4,53.1,75.1,50,1
2026-10-11T07:16:00,25.3,51.6,75.2,47,0
2026-10-11T07:17:00,22.7,53.3,75.4,51,0
2026-10-11T07:18:00,29.7,54.7,75.5,46,1
2026-10-11T07:19:00,29.6,54.3,75.4,48,1
2026-10-11T07:20:00,29.8,53.5,75.5,44,0
2026-10-11T07:21:00,29.2,51.9,75.6,44,0
2026-10-11T07:22:00,30.3,51.7,75.7,38,0
2026-10-11T07:23:00,30.3,51.9,75.8,43,0
2026-10-11T07:24:00,28.1,53.2,75.7,45,1
2026-10-11T07:25:00,26.6,54.5,75.7,50,1
2026-10-11T07:26:00,23.5,57.0,75.9,53,0
2026-10-11T07:27:00,26.4,54.8,75.9,46,0
2026-10-11T07:28:00,28.5,54.5,75.8,50,0
2026-10-11T07:29:00,28.5,54.7,76.1,51,1
2026-10-11T07:30:00,28.8,52.3,75.9,47,1
2026-10-11T07:31:00,28.0,53.8,76.0,45,0
2026-10-11T07:32:00,25.8,53.9,76.1,44,0
2026-10-11T07:33:00,22.0,52.6,76.1,39,0
2026-10-11T07:34:00,23.6,51.2,76.3,53,0
2026-10-11T07:35:00,25.6,49.8,76.1,51,0
2026-10-11T07:36:00,26.4,50.2,75.9,49,1
2026-10-11T07:37:00,23.5,50.2,75.9,46,1
2026-10-11T07:38:00,24.7,51.5,76.3,46,0
2026-10-11T07:39:00,27.1,53.3,76.4,44,2
2026-10-11T07:40:00,26.5,55.6,76.4,49,0
2026-10-11T07:41:00,28.5,54.5,76.4,56,0
2026-10-11T07:42:00,29.9,56.0,76.0,57,1
2026-10-11T07:43:00,28.5,54.0,76.2,55,0
2026-10-11T07:44:00,31.2,54.5,76.0,52,0
2026-10-11T07:45:00,32.0,54.6,76.2,47,0
2026-10-11T07:46:00,30.8,53.9,76.0,46,1
2026-10-11T07:47:00,29.6,53.7,75.9,52,0
2026-10-11T07:48:00,30.5,52.4,76.0,51,0
2026-10-11T07:49:00,26.1,52.9,76.1,50,1
2026-10-11T07:50:00,25.2,53.9,76.2,50,1
2026-10-11T07:51:00,26.0,55.4,76.0,44,0
2026-10-11T07:52:00,26.3,56.5,76.1,41,1
2026-10-11T07:53:00,27.5,56.4,76.0,44,0
2026-10-11T07:54:00,24.2,55.7,76.0,49,0
2026-10-11T07:55:00,23.0,54.7,76.1,59,0
2026-10-11T07:56:00,20.2,54.3,76.1,55,0
2026-10-11T07:57:00,21.4,54.6,76.0,52,1
2026-10-11T07:58:00,22.1,52.1,76.3,51,0
2026-10-11T07:59:00,24.9,50.6,76.2,54,1
2026-10-11T08:00:00,27.9,54.3,76.4,61,0
2026-10-11T08:01:00,27.7,55.3,76.3,52,1
2026-10-11T08:02:00,24.0,53.8,76.2,47,1
2026-10-11T08:03:00,25.2,54.7,76.0,49,0
2026-10-11T08:04:00,28.0,53.2,76.2,39,1
2026-10-11T08:05:00,28.7,52.2,76.1,41,0
2026-10-11T08:06:00,28.9,52.1,76.3,42,0
2026-10-11T08:07:00,25.2,54.0,76.3,40,0
2026-10-11T08:08:00,23.8,55.6,76.3,33,1
2026-10-11T08:09:00,24.4,52.7,76.4,31,0
2026-10-11T08:10:00,23.3,53.6,76.6,30,0
2026-10-11T08:11:00,23.1,52.9,76.5,31,0
2026-10-11T08:12:00,23.8,53.2,76.4,37,0
2026-10-11T08:13:00,23.0,53.6,76.5,42,0
2026-10-11T08:14:00,23.9,52.5,76.7,37,0
2026-10-11T08:15:00,21.7,52.4,76.5,35,1
2026-10-11T08:16:00,21.3,53.2,76.6,43,0
2026-10-11T08:17:00,22.2,55.0,76.2,44,1
2026-10-11T08:18:00,23.8,53.5,76.4,44,1
2026-10-11T08:19:00,20.0,54.1,76.3,53,0
2026-10-11T08:20:00,19.6,52.3,76.1,48,2
2026-10-11T08:21:00,21.6,53.2,76.0,48,1
2026-10-11T08:22:00,22.5,53.0,76.1,40,2
2026-10-11T08:23:00,19.7,54.5,76.2,35,1
2026-10-11T08:24:00,21.5,53.4,76.3,48,0
2026-10-11T08:25:00,21.1,53.8,76.5,48,1
2026-10-11T08:26:00,20.3,54.7,76.3,46,0
2026-10-11T08:27:00,22.3,54.3,76.4,40,1
2026-10-11T08:28:00,21.2,53.8,76.5,35,0
2026-10-11T08:29:00,24.0,51.0,76.3,38,0
2026-10-11T08:30:00,25.6,51.5,76.7,36,0
2026-10-11T08:31:00,28.4,51.3,76.8,34,0
2026-10-11T08:32:00,29.4,53.4,76.6,42,0
2026-10-11T08:33:00,27.2,53.1,76.8,48,0
2026-10-11T08:34:00,27.7,52.6,77.0,55,0
2026-10-11T08:35:00,27.4,52.2,76.7,43,0
2026-10-11T08:36:00,25.9,52.9,76.6,50,1
2026-10-11T08:37:00,23.8,52.2,76.6,54,0
2026-10-11T08:38:00,24.4,53.5,76.4,47,1
2026-10-11T08:39:00,30.1,52.8,76.6,48,0
2026-10-11T08:40:00,28.4,54.4,76.9,48,0
2026-10-11T08:41:00,26.5,53.8,76.9,52,1
2026-10-11T08:42:00,29.1,53.7,77.0,56,0
2026-10-11T08:43:00,26.4,53.8,77.0,49,0
2026-10-11T08:44:00,28.4,54.1,77.2,49,0
2026-10-11T08:45:00,25.7,54.5,77.3,57,0
2026-10-11T08:46:00,25.8,53.0,,60,0
2026-10-11T08:47:00,24.6,52.0,77.3,50,0
2026-10-11T08:48:00,21.1,49.1,77.1,51,1
2026-10-11T08:49:00,17.2,51.3,77.4,52,1
2026-10-11T08:50:00,18.3,51.6,77.2,40,1
2026-10-11T08:51:00,17.9,53.5,77.3,37,1
2026-10-11T08:52:00,20.8,52.5,77.3,38,1
2026-10-11T08:53:00,25.0,54.0,77.3,33,0
2026-10-11T08:54:00,22.3,53.5,77.4,33,0
2026-10-11T08:55:00,23.6,53.4,77.2,32,0
2026-10-11T08:56:00,24.5,54.5,77.5,38,2
2026-10-11T08:57:00,27.0,55.0,77.6,35,1
2026-10-11T08:58:00,27.1,55.6,77.6,37,0
2026-10-11T08:59:00,28.9,55.0,77.4,36,0
2026-10-11T09:00:00,27.6,55.3,77.4,37,2
2026-10-11T09:01:00,25.4,54.0,77.4,32,0
2026-10-11T09:02:00,25.9,51.8,77.5,44,0
2026-10-11T09:03:00,21.5,51.1,77.6,48,0
2026-10-11T09:04:00,23.5,51.8,77.6,49,0
2026-10-11T09:05:00,21.6,51.0,77.6,47,1
2026-10-11T09:06:00,21.8,50.5,77.6,49,
2026-10-11T09:07:00,21.6,51.1,77.6,50,0
2026-10-11T09:08:00,26.2,50.1,77.7,43,1
2026-10-11T09:09:00,23.2,52.3,77.6,39,1
2026-10-11T09:10:00,26.0,51.5,77.8,41,0
2026-10-11T09:11:00,23.3,50.5,77.7,43,0
2026-10-11T09:12:00,22.0,52.0,77.8,56,2
2026-10-11T09:13:00,18.2,52.7,77.8,,0
2026-10-11T09:14:00,20.9,51.3,78.1,51,2
2026-10-11T09:15:00,23.9,50.9,77.7,47,0
2026-10-11T09:16:00,22.7,50.0,77.9,49,1
2026-10-11T09:17:00,21.6,52.6,77.6,45,1
2026-10-11T09:18:00,22.5,53.3,77.7,50,1
2026-10-11T09:19:00,24.6,53.8,77.9,49,0
2026-10-11T09:20:00,24.2,52.1,77.5,40,1
2026-10-11T09:21:00,22.6,53.2,77.5,41,1
2026-10-11T09:22:00,23.5,52.1,77.7,34,1
2026-10-11T09:23:00,26.2,51.5,77.9,35,1
2026-10-11T09:24:00,21.2,52.1,77.9,34,1
2026-10-11T09:25:00,20.1,53.7,77.8,34,2
2026-10-11T09:26:00,21.9,55.7,77.9,33,1
2026-10-11T09:27:00,23.7,54.6,77.9,36,1
2026-10-11T09:28:00,25.6,54.6,77.8,41,0
2026-10-11T09:29:00,28.3,55.6,77.7,42,0
2026-10-11T09:30:00,27.6,57.1,78.0,45,0
2026-10-11T09:31:00,26.4,57.1,77.7,45,0
2026-10-11T09:32:00,23.0,57.6,77.9,49,0
2026-10-11T09:33:00,21.2,57.0,77.7,54,0
2026-10-11T09:34:00,21.3,56.1,77.7,55,1
2026-10-11T09:35:00,25.4,54.7,77.7,49,1
2026-10-11T09:36:00,26.0,55.7,77.9,48,0
2026-10-11T09:37:00,23.4,53.6,78.0,53,0
2026-10-11T09:38:00,22.8,55.3,77.9,47,0
2026-10-11T09:39:00,22.5,54.5,78.1,52,0
2026-10-11T09:40:00,23.0,54.9,78.2,48,1
2026-10-11T09:41:00,24.9,52.7,78.0,61,1
2026-10-11T09:42:00,26.6,53.6,78.1,65,1
2026-10-11T09:43:00,23.1,53.2,78.0,54,0
2026-10-11T09:44:00,24.7,51.5,78.0,49,1
2026-10-11T09:45:00,26.3,52.4,77.7,50,0
2026-10-11T09:46:00,25.1,52.3,78.1,52,0
2026-10-11T09:47:00,22.7,52.9,77.9,51,0
2026-10-11T09:48:00,20.0,53.8,78.1,57,0
2026-10-11T09:49:00,21.7,55.7,78.3,52,0
2026-10-11T09:50:00,24.0,55.4,78.3,40,2
2026-10-11T09:51:00,22.3,55.1,78.1,44,0
2026-10-11T09:52:00,22.1,55.1,78.5,40,1
2026-10-11T09:53:00,25.1,55.3,78.8,38,0
2026-10-11T09:54:00,27.6,53.3,78.6,41,1
2026-10-11T09:55:00,24.1,53.6,78.6,46,0
2026-10-11T09:56:00,23.4,54.0,78.4,44,0
2026-10-11T09:57:00,22.4,53.1,78.6,45,0
2026-10-11T09:58:00,25.3,53.6,78.5,,2
2026-10-11T09:59:00,25.1,52.9,78.8,39,0
2026-10-11T10:00:00,27.0,51.9,78.7,41,0
2026-10-11T10:01:00,28.2,53.5,78.6,45,0
2026-10-11T10:02:00,27.6,53.9,78.6,44,0
2026-10-11T10:03:00,28.4,51.3,78.5,36,0
2026-10-11T10:04:00,27.4,50.9,78.6,37,0
2026-10-11T10:05:00,27.4,51.5,78.3,41,0
2026-10-11T10:06:00,25.8,52.3,78.2,29,0
2026-10-11T10:07:00,25.7,54.5,78.3,32,0
2026-10-11T10:08:00,28.3,55.1,78.0,35,0
2026-10-11T10:09:00,26.1,56.6,78.3,34,1
2026-10-11T10:10:00,22.0,53.6,78.4,40,0
2026-10-11T10:11:00,19.8,53.5,78.5,39,0
2026-10-11T10:12:00,22.3,51.0,78.2,37,0
2026-10-11T10:13:00,20.2,52.2,78.2,40,2
2026-10-11T10:14:00,19.6,53.3,78.4,37,0
2026-10-11T10:15:00,19.2,52.6,78.5,46,0
2026-10-11T10:16:00,21.3,54.6,78.3,49,0
2026-10-11T10:17:00,20.2,53.6,78.6,56,1
2026-10-11T10:18:00,18.4,53.1,78.4,56,1
2026-10-11T10:19:00,18.3,52.1,78.4,56,0
2026-10-11T10:20:00,19.1,53.7,78.6,60,2
2026-10-11T10:21:00,18.6,53.2,78.7,59,0
2026-10-11T10:22:00,21.8,51.8,78.8,54,0
2026-10-11T10:23:00,20.2,53.1,79.0,57,1
2026-10-11T10:24:00,21.9,53.8,78.9,46,0
2026-10-11T10:25:00,19.8,55.6,79.1,45,0
2026-10-11T10:26:00,24.4,55.1,78.9,45,0
2026-10-11T10:27:00,28.0,54.0,78.9,48,0
2026-10-11T10:28:00,25.1,54.1,79.0,43,0
2026-10-11T10:29:00,26.7,54.0,78.7,37,2
2026-10-11T10:30:00,26.2,53.6,78.8,49,0
2026-10-11T10:31:00,23.0,51.5,78.9,42,1
2026-10-11T10:32:00,21.0,50.6,78.7,34,1
2026-10-11T10:33:00,18.7,51.9,79.0,40,0
2026-10-11T10:34:00,18.1,52.4,78.9,44,1
2026-10-11T10:35:00,18.8,53.7,79.0,40,0
2026-10-11T10:36:00,23.4,54.7,79.2,45,0
2026-10-11T10:37:00,24.5,53.8,79.5,41,0
2026-10-11T10:38:00,23.7,52.8,79.2,43,2
2026-10-11T10:39:00,22.6,52.6,78.8,41,1
2026-10-11T10:40:00,20.2,53.1,79.2,41,1
2026-10-11T10:41:00,21.2,53.6,79.2,38,1
2026-10-11T10:42:00,20.1,55.5,79.1,35,1
2026-10-11T10:43:00,17.9,55.6,79.3,37,0
2026-10-11T10:44:00,20.3,57.4,79.3,34,0
2026-10-11T10:45:00,23.6,57.7,79.1,27,0
2026-10-11T10:46:00,27.4,56.9,79.0,28,0
2026-10-11T10:47:00,26.5,57.4,79.0,34,1
2026-10-11T10:48:00,24.3,57.0,79.4,39,0
2026-10-11T10:49:00,25.1,57.5,79.1,39,0
2026-10-11T10:50:00,27.8,56.8,79.0,43,0
2026-10-11T10:51:00,27.7,56.1,78.9,43,1
2026-10-11T10:52:00,27.3,56.2,78.9,38,0
2026-10-11T10:53:00,29.1,57.2,78.8,49,0
2026-10-11T10:54:00,32.0,56.4,79.1,38,0
2026-10-11T10:55:00,29.8,58.1,79.7,43,1
2026-10-11T10:56:00,32.3,57.0,79.8,43,0
2026-10-11T10:57:00,30.1,57.1,79.4,50,1
2026-10-11T10:58:00,29.0,53.5,79.4,52,0
2026-10-11T10:59:00,27.3,53.5,79.7,46,0
2026-10-11T11:00:00,29.2,52.4,79.8,47,1
2026-10-11T11:01:00,26.9,51.5,79.9,46,0
2026-10-11T11:02:00,23.7,51.7,80.0,49,0
2026-10-11T11:03:00,25.3,52.1,79.9,46,0
2026-10-11T11:04:00,21.9,51.4,79.9,46,1
2026-10-11T11:05:00,21.5,51.6,79.6,49,3
2026-10-11T11:06:00,19.4,52.7,79.8,51,0
2026-10-11T11:07:00,20.4,52.4,79.7,50,1
2026-10-11T11:08:00,22.1,52.0,79.5,40,0
2026-10-11T11:09:00,22.4,51.9,79.5,39,1
2026-10-11T11:10:00,20.1,53.3,79.6,38,0
2026-10-11T11:11:00,22.7,55.2,79.5,44,0
2026-10-11T11:12:00,22.8,54.5,79.8,43,0
2026-10-11T11:13:00,24.7,53.7,79.8,43,0
2026-10-11T11:14:00,23.7,51.3,79.9,38,0
2026-10-11T11:15:00,24.7,52.9,79.9,33,0
2026-10-11T11:16:00,26.4,52.2,79.9,34,0
2026-10-11T11:17:00,22.7,52.5,79.8,31,0
2026-10-11T11:18:00,23.8,52.5,79.8,39,1
2026-10-11T11:19:00,22.3,53.1,79.9,39,0
2026-10-11T11:20:00,22.2,52.6,79.6,38,1
2026-10-11T11:21:00,20.5,54.4,79.7,42,0
2026-10-11T11:22:00,20.2,52.1,79.8,46,0
2026-10-11T11:23:00,23.9,54.0,79.6,42,0
2026-10-11T11:24:00,25.0,55.1,79.6,42,0
2026-10-11T11:25:00,24.0,55.6,79.7,42,0
2026-10-11T11:26:00,23.6,57.8,79.8,49,0
2026-10-11T11:27:00,25.0,57.0,79.8,49,1
2026-10-11T11:28:00,23.9,57.1,79.8,38,1
2026-10-11T11:29:00,26.2,56.5,79.8,33,2
2026-10-11T11:30:00,27.1,52.1,79.8,34,1
2026-10-11T11:31:00,29.7,52.9,79.9,37,0
2026-10-11T11:32:00,27.4,53.4,79.9,39,0
2026-10-11T11:33:00,26.4,55.6,80.0,56,0
2026-10-11T11:34:00,25.4,54.6,80.0,48,0
2026-10-11T11:35:00,21.2,52.9,80.2,50,1
2026-10-11T11:36:00,21.0,54.4,80.2,42,1
2026-10-11T11:37:00,24.5,52.5,80.1,45,0
2026-10-11T11:38:00,26.2,53.1,80.2,50,1
2026-10-11T11:39:00,26.2,52.2,80.2,53,0
2026-10-11T11:40:00,28.8,52.1,80.6,50,0
2026-10-11T11:41:00,27.1,54.0,80.6,40,1
2026-10-11T11:42:00,28.5,52.6,80.2,52,1
2026-10-11T11:43:00,30.2,52.9,80.4,46,0
2026-10-11T11:44:00,27.6,52.4,80.4,45,0
2026-10-11T11:45:00,27.0,54.3,80.5,40,1
2026-10-11T11:46:00,23.8,54.0,80.7,49,1
2026-10-11T11:47:00,24.9,54.2,80.4,50,0
2026-10-11T11:48:00,25.4,53.6,80.7,53,0
2026-10-11T11:49:00,21.4,54.7,80.8,42,0
2026-10-11T11:50:00,18.1,55.2,80.6,45,0
2026-10-11T11:51:00,17.7,54.8,80.5,41,0
2026-10-11T11:52:00,21.4,53.1,80.6,44,1
2026-10-11T11:53:00,19.5,55.0,80.7,35,0
2026-10-11T11:54:00,20.0,53.5,80.6,44,0
2026-10-11T11:55:00,20.9,53.5,80.4,46,0
2026-10-11T11:56:00,21.8,53.7,80.5,49,0
2026-10-11T11:57:00,22.5,52.7,80.5,56,1
2026-10-11T11:58:00,24.5,53.0,80.3,49,0
2026-10-11T11:59:00,25.6,53.1,80.6,61,1
2026-10-11T12:00:00,27.3,,80.8,55,2
2026-10-11T12:01:00,24.2,54.6,80.6,56,1
2026-10-11T12:02:00,26.8,55.6,80.8,54,0
2026-10-11T12:03:00,26.9,54.9,80.5,56,1
2026-10-11T12:04:00,22.1,55.3,80.5,56,1
2026-10-11T12:05:00,25.0,53.7,80.6,41,0
2026-10-11T12:06:00,29.1,51.2,80.7,37,0
2026-10-11T12:07:00,27.2,51.6,80.8,37,1
2026-10-11T12:08:00,25.5,54.8,80.8,37,2
2026-10-11T12:09:00,27.5,54.5,81.0,31,0
2026-10-11T12:10:00,24.3,54.2,80.7,37,0
2026-10-11T12:11:00,25.4,52.1,80.8,38,0
2026-10-11T12:12:00,24.5,51.5,80.8,37,0
2026-10-11T12:13:00,25.3,52.1,80.8,38,1
2026-10-11T12:14:00,22.1,52.7,80.8,42,1
2026-10-11T12:15:00,24.9,52.6,80.9,50,
2026-10-11T12:16:00,22.2,54.5,81.0,49,0
2026-10-11T12:17:00,23.5,,80.9,51,1
2026-10-11T12:18:00,23.7,54.5,81.0,55,0
2026-10-11T12:19:00,23.5,54.9,81.1,48,0
2026-10-11T12:20:00,24.9,55.8,81.1,58,1
2026-10-11T12:21:00,27.8,53.8,81.2,54,1
2026-10-11T12:22:00,28.5,54.2,81.1,53,0
2026-10-11T12:23:00,23.2,54.9,80.8,41,0
2026-10-11T12:24:00,23.5,52.4,80.8,44,0
2026-10-11T12:25:00,23.3,53.3,80.9,46,1
2026-10-11T12:26:00,22.6,51.3,81.2,50,0
2026-10-11T12:27:00,20.3,50.2,80.9,47,1
2026-10-11T12:28:00,22.1,50.0,80.8,45,0
2026-10-11T12:29:00,19.3,50.9,80.9,50,1
2026-10-11T12:30:00,22.0,48.9,81.0,59,2
2026-10-11T12:31:00,21.5,50.0,81.0,51,0
2026-10-11T12:32:00,23.8,49.9,81.2,49,0
2026-10-11T12:33:00,24.6,48.8,81.3,46,0
2026-10-11T12:34:00,25.0,50.5,81.4,51,0
2026-10-11T12:35:00,25.4,52.3,81.5,47,2
2026-10-11T12:36:00,27.6,51.5,81.6,48,0
2026-10-11T12:37:00,32.2,51.3,81.3,48,1
2026-10-11T12:38:00,27.2,51.2,81.2,51,0
2026-10-11T12:39:00,26.2,51.7,81.0,45,0
2026-10-11T12:40:00,27.6,,81.3,36,0
2026-10-11T12:41:00,24.8,53.9,81.3,42,1
2026-10-11T12:42:00,25.2,54.6,81.7,39,0
2026-10-11T12:43:00,26.7,54.6,81.6,42,0
2026-10-11T12:44:00,26.7,54.1,81.7,41,0
2026-10-11T12:45:00,26.9,56.2,81.7,45,0
2026-10-11T12:46:00,26.7,53.8,81.3,44,1
2026-10-11T12:47:00,25.4,54.4,81.6,50,0
2026-10-11T12:48:00,25.9,55.1,81.7,44,0
2026-10-11T12:49:00,25.8,55.2,81.5,46,0
2026-10-11T12:50:00,23.6,54.6,81.5,46,0
2026-10-11T12:51:00,22.4,54.2,81.5,44,1
2026-10-11T12:52:00,21.2,53.0,81.9,46,0
2026-10-11T12:53:00,22.4,52.1,81.5,44,1
2026-10-11T12:54:00,26.6,52.4,81.8,48,0
2026-10-11T12:55:00,26.7,51.7,81.8,41,3
2026-10-11T12:56:00,23.9,52.2,81.9,42,1
2026-10-11T12:57:00,22.7,53.4,81.9,47,0
2026-10-11T12:58:00,27.4,53.1,81.9,48,2
2026-10-11T12:59:00,29.0,53.1,81.8,39,0
2026-10-11T13:00:00,27.0,,81.9,42,1
2026-10-11T13:01:00,28.5,52.3,81.9,45,0
2026-10-11T13:02:00,28.0,50.8,81.9,34,0
2026-10-11T13:03:00,27.8,51.0,81.8,37,2
2026-10-11T13:04:00,28.1,50.8,81.8,32,0
2026-10-11T13:05:00,27.5,50.6,81.8,38,1
2026-10-11T13:06:00,27.2,51.7,81.9,43,0
2026-10-11T13:07:00,27.1,53.2,82.0,52,2
2026-10-11T13:08:00,25.6,52.7,82.2,47,0
2026-10-11T13:09:00,25.6,51.0,82.2,47,0
2026-10-11T13:10:00,24.1,51.4,82.1,52,0
2026-10-11T13:11:00,28.2,52.4,82.4,51,0
2026-10-11T13:12:00,24.3,52.5,82.4,40,0
2026-10-11T13:13:00,25.8,53.7,82.4,40,2
2026-10-11T13:14:00,29.4,55.2,82.4,45,0
2026-10-11T13:15:00,29.1,56.1,82.3,48,0
2026-10-11T13:16:00,26.2,55.5,82.4,44,0
2026-10-11T13:17:00,25.5,56.2,82.5,41,0
2026-10-11T13:18:00,20.0,56.1,82.3,35,1
2026-10-11T13:19:00,22.4,54.9,82.2,40,2
2026-10-11T13:20:00,20.4,54.0,82.2,34,1
2026-10-11T13:21:00,21.3,53.1,82.4,40,1
2026-10-11T13:22:00,21.0,55.3,82.6,37,1
2026-10-11T13:23:00,17.2,54.7,82.7,34,0
2026-10-11T13:24:00,20.3,54.2,82.5,31,0
2026-10-11T13:25:00,19.5,53.1,82.6,38,1
2026-10-11T13:26:00,21.5,54.1,82.5,,0
2026-10-11T13:27:00,25.2,55.5,82.4,38,0
2026-10-11T13:28:00,25.2,54.9,82.2,37,0
2026-10-11T13:29:00,24.8,55.7,82.4,38,0
2026-10-11T13:30:00,26.7,55.8,82.2,34,0
2026-10-11T13:31:00,27.5,56.7,82.2,36,0
2026-10-11T13:32:00,27.9,57.1,82.3,42,0
2026-10-11T13:33:00,25.3,55.1,82.4,43,1
2026-10-11T13:34:00,25.1,54.3,82.5,42,1
2026-10-11T13:35:00,21.4,52.9,82.4,47,0
2026-10-11T13:36:00,23.1,53.7,82.7,49,0
2026-10-11T13:37:00,20.6,53.2,82.9,51,0
2026-10-11T13:38:00,21.9,52.6,82.4,48,1
2026-10-11T13:39:00,17.8,53.5,82.6,42,0
2026-10-11T13:40:00,18.7,55.4,82.4,47,2
2026-10-11T13:41:00,21.6,56.4,82.3,40,0
2026-10-11T13:42:00,23.9,54.4,82.4,40,1
2026-10-11T13:43:00,23.4,52.8,82.5,36,0
2026-10-11T13:44:00,19.5,54.1,82.4,37,1
2026-10-11T13:45:00,21.1,54.1,82.4,36,0
2026-10-11T13:46:00,21.4,55.1,82.5,34,1
2026-10-11T13:47:00,20.4,55.4,82.4,41,1
2026-10-11T13:48:00,24.4,54.2,82.3,38,0
2026-10-11T13:49:00,24.1,54.5,82.4,43,0
2026-10-11T13:50:00,23.6,53.7,82.7,40,1
2026-10-11T13:51:00,22.6,53.4,82.8,42,0
2026-10-11T13:52:00,24.5,53.5,82.8,41,0
2026-10-11T13:53:00,21.2,52.3,83.0,37,0
2026-10-11T13:54:00,18.2,52.5,83.0,44,0
2026-10-11T13:55:00,19.4,53.1,83.1,42,1
2026-10-11T13:56:00,19.4,52.3,83.0,33,0
2026-10-11T13:57:00,19.0,52.6,83.3,42,0
2026-10-11T13:58:00,20.4,52.9,83.2,45,0
2026-10-11T13:59:00,22.4,54.1,83.2,48,0
2026-10-11T14:00:00,24.0,54.9,83.4,44,0
2026-10-11T14:01:00,23.2,53.2,83.4,45,0
2026-10-11T14:02:00,20.7,54.5,83.3,41,0
2026-10-11T14:03:00,19.4,55.0,83.4,44,1
2026-10-11T14:04:00,17.2,53.8,83.4,44,0
2026-10-11T14:05:00,18.4,54.7,83.6,,1
2026-10-11T14:06:00,21.0,52.6,83.5,43,0
2026-10-11T14:07:00,21.2,50.8,83.3,49,0
2026-10-11T14:08:00,18.4,52.4,83.5,47,2
2026-10-11T14:09:00,19.9,51.9,83.1,46,0
2026-10-11T14:10:00,22.0,51.9,83.2,52,0
2026-10-11T14:11:00,22.7,51.0,83.3,51,1
2026-10-11T14:12:00,22.3,52.1,83.2,54,0
2026-10-11T14:13:00,23.3,53.4,83.2,49,0
2026-10-11T14:14:00,24.8,53.3,83.3,51,1
2026-10-11T14:15:00,24.2,54.0,83.1,51,0
2026-10-11T14:16:00,27.2,54.2,83.1,53,0
2026-10-11T14:17:00,28.3,53.5,83.0,44,1
2026-10-11T14:18:00,28.1,54.6,82.9,46,0
2026-10-11T14:19:00,25.5,55.1,83.2,40,1
2026-10-11T14:20:00,25.0,53.5,83.6,42,0
2026-10-11T14:21:00,25.3,53.9,83.3,40,2
2026-10-11T14:22:00,26.4,53.2,83.1,34,0
2026-10-11T14:23:00,23.6,53.5,83.2,42,0
2026-10-11T14:24:00,27.3,53.0,83.4,41,0
2026-10-11T14:25:00,27.8,52.6,83.2,48,0
2026-10-11T14:26:00,25.4,52.8,83.5,51,0
2026-10-11T14:27:00,26.8,53.6,83.7,53,0
2026-10-11T14:28:00,28.1,51.8,83.5,52,0
2026-10-11T14:29:00,25.3,51.8,83.7,51,3
2026-10-11T14:30:00,27.2,52.0,83.5,47,1
2026-10-11T14:31:00,28.1,52.1,83.6,48,0
2026-10-11T14:32:00,26.5,52.5,83.8,43,2
2026-10-11T14:33:00,25.1,52.8,84.0,45,1
2026-10-11T14:34:00,25.0,49.9,83.9,38,0
2026-10-11T14:35:00,27.1,51.3,83.9,35,0
2026-10-11T14:36:00,25.4,53.1,83.7,38,0
2026-10-11T14:37:00,25.1,53.3,83.6,41,1
2026-10-11T14:38:00,23.2,51.8,83.6,44,0
2026-10-11T14:39:00,24.4,52.0,83.6,,1
2026-10-11T14:40:00,24.7,51.9,83.7,39,0
2026-10-11T14:41:00,22.3,53.7,83.8,45,1
2026-10-11T14:42:00,23.5,52.8,83.8,46,0
2026-10-11T14:43:00,23.8,53.1,84.0,47,1
2026-10-11T14:44:00,25.5,51.7,83.9,45,0
2026-10-11T14:45:00,21.5,51.8,84.1,49,0
2026-10-11T14:46:00,20.4,52.8,84.0,50,0
2026-10-11T14:47:00,22.7,52.4,84.3,48,1
2026-10-11T14:48:00,24.0,49.3,84.1,51,0
2026-10-11T14:49:00,23.5,48.3,83.9,49,0
2026-10-11T14:50:00,26.1,48.4,84.2,42,0
2026-10-11T14:51:00,26.9,50.8,84.1,44,0
2026-10-11T14:52:00,27.0,51.6,84.2,44,1
2026-10-11T14:53:00,26.5,52.1,84.0,37,1
2026-10-11T14:54:00,27.5,52.2,84.1,36,0
2026-10-11T14:55:00,25.6,50.8,84.2,31,1
2026-10-11T14:56:00,25.3,51.3,84.3,36,0
2026-10-11T14:57:00,25.8,52.0,84.4,46,2
2026-10-11T14:58:00,27.2,53.6,84.3,45,0
2026-10-11T14:59:00,25.6,52.1,84.3,38,1
2026-10-11T15:00:00,24.9,52.1,84.4,42,0
2026-10-11T15:01:00,26.4,52.4,84.6,44,2
2026-10-11T15:02:00,29.4,53.7,84.5,37,2
2026-10-11T15:03:00,29.1,54.0,84.4,37,1
2026-10-11T15:04:00,29.2,55.0,84.4,44,0
2026-10-11T15:05:00,26.8,56.8,84.6,48,1
2026-10-11T15:06:00,28.0,54.9,84.3,57,0
2026-10-11T15:07:00,26.4,55.7,84.4,53,0
2026-10-11T15:08:00,25.1,55.2,84.2,47,0
2026-10-11T15:09:00,24.9,53.4,84.3,38,0
2026-10-11T15:10:00,26.8,53.1,84.1,41,0
2026-10-11T15:11:00,23.5,55.5,84.3,48,0
2026-10-11T15:12:00,21.5,54.9,84.8,47,0
2026-10-11T15:13:00,21.5,55.3,84.7,41,1
2026-10-11T15:14:00,21.0,55.3,84.6,39,1
2026-10-11T15:15:00,22.0,55.7,84.5,41,0
2026-10-11T15:16:00,22.0,54.9,84.7,44,1
2026-10-11T15:17:00,25.2,53.4,84.9,50,0
2026-10-11T15:18:00,26.0,53.7,84.8,40,1
2026-10-11T15:19:00,24.4,52.7,85.1,42,1
2026-10-11T15:20:00,24.6,52.2,84.8,44,1
2026-10-11T15:21:00,24.5,53.3,85.0,51,0
2026-10-11T15:22:00,26.5,54.5,85.0,58,0
2026-10-11T15:23:00,27.2,54.9,84.8,59,3
2026-10-11T15:24:00,25.9,55.5,84.5,52,3
2026-10-11T15:25:00,23.5,53.5,84.4,52,2
2026-10-11T15:26:00,22.0,53.7,84.6,51,0
2026-10-11T15:27:00,21.9,53.0,85.0,50,1
2026-10-11T15:28:00,18.3,53.6,85.3,52,0
2026-10-11T15:29:00,21.0,53.4,85.1,42,1
2026-10-11T15:30:00,20.6,54.2,85.2,49,0
2026-10-11T15:31:00,18.9,52.6,85.3,49,0
2026-10-11T15:32:00,21.6,53.8,85.2,56,0
2026-10-11T15:33:00,22.2,52.7,85.4,49,0
2026-10-11T15:34:00,19.5,52.5,85.9,52,0
2026-10-11T15:35:00,20.8,51.7,85.5,53,0
2026-10-11T15:36:00,24.5,51.1,85.2,49,0
2026-10-11T15:37:00,25.5,51.6,85.3,52,0
2026-10-11T15:38:00,25.8,52.3,85.2,41,1
2026-10-11T15:39:00,28.8,54.6,85.3,50,0
2026-10-11T15:40:00,26.2,54.5,85.1,40,1
2026-10-11T15:41:00,23.3,53.5,85.3,40,1
2026-10-11T15:42:00,23.0,53.6,85.2,47,0
2026-10-11T15:43:00,24.4,55.4,85.2,53,1
2026-10-11T15:44:00,20.8,51.6,85.6,49,0
2026-10-11T15:45:00,20.4,52.1,85.4,48,0
2026-10-11T15:46:00,20.9,52.4,,41,0
2026-10-11T15:47:00,20.7,52.1,85.4,41,0
2026-10-11T15:48:00,21.8,52.1,85.5,48,1
2026-10-11T15:49:00,21.8,53.8,85.5,46,1
2026-10-11T15:50:00,18.8,54.5,85.3,56,0
2026-10-11T15:51:00,17.1,54.9,85.5,58,0
2026-10-11T15:52:00,17.7,54.4,85.5,58,1
2026-10-11T15:53:00,22.0,55.1,85.4,47,1
2026-10-11T15:54:00,21.9,54.4,85.3,46,1
2026-10-11T15:55:00,22.8,53.6,85.3,38,0
2026-10-11T15:56:00,21.7,53.4,85.1,29,1
2026-10-11T15:57:00,23.1,54.4,85.2,35,2
2026-10-11T15:58:00,23.4,54.3,85.4,36,0
2026-10-11T15:59:00,20.5,55.2,85.4,41,0
2026-10-11T16:00:00,19.2,55.4,85.7,45,0
2026-10-11T16:01:00,22.7,55.5,85.8,45,1
2026-10-11T16:02:00,23.9,54.1,85.9,41,0
2026-10-11T16:03:00,23.8,54.3,85.8,43,0
2026-10-11T16:04:00,18.9,53.0,85.8,43,0
2026-10-11T16:05:00,21.4,52.5,85.8,42,0
2026-10-11T16:06:00,20.0,53.7,85.7,41,0
2026-10-11T16:07:00,20.0,52.9,85.5,43,1
2026-10-11T16:08:00,20.7,52.1,85.8,45,0
2026-10-11T16:09:00,23.5,53.5,86.0,44,0
2026-10-11T16:10:00,20.5,53.7,86.0,50,0
2026-10-11T16:11:00,19.2,53.9,86.1,51,0
2026-10-11T16:12:00,23.0,55.5,85.8,44,0
2026-10-11T16:13:00,26.8,55.5,85.8,47,0
2026-10-11T16:14:00,26.8,55.0,85.7,48,0
2026-10-11T16:15:00,28.1,57.6,85.8,45,0
2026-10-11T16:16:00,27.4,56.9,86.0,50,1
2026-10-11T16:17:00,24.7,55.5,86.0,41,0
2026-10-11T16:18:00,25.9,55.2,85.9,42,1
2026-10-11T16:19:00,24.9,52.7,86.2,42,1
2026-10-11T16:20:00,22.1,52.8,86.3,40,0
2026-10-11T16:21:00,22.7,53.8,86.4,42,0
2026-10-11T16:22:00,26.2,54.1,86.2,46,1
2026-10-11T16:23:00,24.0,54.0,86.1,43,0
2026-10-11T16:24:00,21.8,55.1,86.2,53,0
2026-10-11T16:25:00,25.5,56.3,86.2,53,0
2026-10-11T16:26:00,24.2,55.2,86.3,59,1
2026-10-11T16:27:00,27.0,52.5,86.4,49,0
2026-10-11T16:28:00,26.8,52.5,86.3,49,0
2026-10-11T16:29:00,23.0,52.9,86.1,39,0
2026-10-11T16:30:00,26.5,52.8,86.5,45,0
2026-10-11T16:31:00,26.8,51.9,86.5,43,1
2026-10-11T16:32:00,26.2,53.2,86.5,48,
2026-10-11T16:33:00,25.6,53.9,86.6,48,1
2026-10-11T16:34:00,27.8,55.0,86.5,46,0
2026-10-11T16:35:00,27.5,53.5,86.4,41,1
2026-10-11T16:36:00,25.6,54.5,86.4,36,0
2026-10-11T16:37:00,27.2,54.2,86.5,38,0
2026-10-11T16:38:00,25.8,56.0,86.4,34,1
2026-10-11T16:39:00,24.5,54.8,86.3,33,1
2026-10-11T16:40:00,23.4,56.4,86.3,41,0
2026-10-11T16:41:00,24.2,56.7,86.1,45,0
2026-10-11T16:42:00,29.2,55.9,86.0,47,2
2026-10-11T16:43:00,26.5,55.6,86.2,42,0
2026-10-11T16:44:00,24.7,57.5,86.4,43,1
2026-10-11T16:45:00,24.7,56.3,86.1,42,1
2026-10-11T16:46:00,21.3,56.9,86.2,43,1
2026-10-11T16:47:00,24.0,55.5,86.1,,0
2026-10-11T16:48:00,24.7,55.0,86.3,47,1
2026-10-11T16:49:00,22.8,53.9,86.4,53,1
2026-10-11T16:50:00,21.4,54.6,86.5,51,1
2026-10-11T16:51:00,23.5,55.3,86.6,60,2
2026-10-11T16:52:00,19.7,53.4,86.9,52,0
2026-10-11T16:53:00,23.2,54.2,87.0,45,0
2026-10-11T16:54:00,20.1,52.6,86.9,50,1
2026-10-11T16:55:00,21.6,53.3,87.0,44,0
2026-10-11T16:56:00,23.0,51.6,87.0,44,1
2026-10-11T16:57:00,25.2,52.1,87.3,40,0
2026-10-11T16:58:00,26.6,52.7,87.8,42,2
2026-10-11T16:59:00,27.2,53.9,87.9,42,1
2026-10-11T17:00:00,25.3,54.7,87.7,46,3
2026-10-11T17:01:00,22.8,54.0,87.6,48,1
2026-10-11T17:02:00,21.7,54.2,87.4,46,1
2026-10-11T17:03:00,21.7,53.6,87.2,49,0
2026-10-11T17:04:00,18.3,52.1,87.4,42,1
2026-10-11T17:05:00,21.1,51.8,87.6,38,1
2026-10-11T17:06:00,19.8,50.9,87.4,33,1
2026-10-11T17:07:00,21.0,52.5,87.1,36,0
2026-10-11T17:08:00,,52.6,87.2,45,0
2026-10-11T17:09:00,25.6,53.5,87.2,49,2
2026-10-11T17:10:00,26.1,52.9,87.4,42,0
2026-10-11T17:11:00,24.3,52.9,87.3,44,0
2026-10-11T17:12:00,26.0,52.7,87.6,42,0
2026-10-11T17:13:00,26.0,53.6,87.7,44,2
2026-10-11T17:14:00,22.8,52.4,87.4,48,1
2026-10-11T17:15:00,23.0,53.0,87.5,45,1
2026-10-11T17:16:00,23.4,53.7,87.6,51,0
2026-10-11T17:17:00,21.8,54.3,87.9,44,0
2026-10-11T17:18:00,23.4,53.9,88.0,42,3
2026-10-11T17:19:00,21.9,52.5,87.9,47,4
2026-10-11T17:20:00,24.1,52.5,87.8,49,2
2026-10-11T17:21:00,23.2,52.8,88.2,44,0
2026-10-11T17:22:00,21.9,52.9,88.0,39,
2026-10-11T17:23:00,24.8,52.8,88.1,39,0
2026-10-11T17:24:00,25.1,51.4,88.1,40,0
2026-10-11T17:25:00,28.2,52.1,88.1,42,1
2026-10-11T17:26:00,27.2,52.9,87.8,38,0
2026-10-11T17:27:00,29.9,51.9,87.6,45,0
2026-10-11T17:28:00,28.3,53.9,87.8,46,2
2026-10-11T17:29:00,29.7,52.4,87.7,49,2
2026-10-11T17:30:00,26.2,51.7,87.8,51,1
2026-10-11T17:31:00,24.1,52.9,87.6,49,2
2026-10-11T17:32:00,27.2,53.7,88.1,46,0
2026-10-11T17:33:00,25.8,53.4,88.1,43,1
2026-10-11T17:34:00,24.9,52.2,88.0,41,2
2026-10-11T17:35:00,23.3,54.5,88.1,41,0
2026-10-11T17:36:00,24.6,53.8,88.1,38,1
2026-10-11T17:37:00,23.8,53.5,87.8,40,0
2026-10-11T17:38:00,26.0,53.3,87.6,37,0
2026-10-11T17:39:00,27.6,53.1,87.6,36,0
2026-10-11T17:40:00,27.3,53.7,87.9,,2
2026-10-11T17:41:00,24.9,52.4,87.9,39,0
2026-10-11T17:42:00,25.4,51.5,88.1,34,1
2026-10-11T17:43:00,21.7,52.9,88.3,32,1
2026-10-11T17:44:00,19.2,53.3,88.4,35,1
2026-10-11T17:45:00,18.1,51.1,88.1,40,2
2026-10-11T17:46:00,18.0,52.1,88.2,39,0
2026-10-11T17:47:00,22.1,53.5,88.0,45,0
2026-10-11T17:48:00,21.3,53.7,88.2,46,1
2026-10-11T17:49:00,21.8,50.9,88.4,42,0
2026-10-11T17:50:00,22.5,52.2,88.6,41,1
2026-10-11T17:51:00,20.9,,88.4,44,1
2026-10-11T17:52:00,22.0,50.1,88.3,49,1
2026-10-11T17:53:00,22.8,51.6,88.2,56,1
2026-10-11T17:54:00,25.0,51.2,88.3,53,2
2026-10-11T17:55:00,25.6,52.6,88.4,50,0
2026-10-11T17:56:00,25.6,51.0,88.5,60,1
2026-10-11T17:57:00,24.7,50.2,88.3,59,0
2026-10-11T17:58:00,25.0,49.7,88.0,52,0
2026-10-11T17:59:00,25.1,51.7,,48,0
2026-10-11T18:00:00,26.9,52.7,88.4,50,1
2026-10-11T18:01:00,25.4,52.7,88.3,47,2
2026-10-11T18:02:00,25.0,49.7,88.6,48,2
2026-10-11T18:03:00,27.8,49.8,88.7,56,1
2026-10-11T18:04:00,28.5,50.4,88.7,54,1
2026-10-11T18:05:00,29.7,52.4,88.4,54,0
2026-10-11T18:06:00,29.5,51.2,88.6,55,0
2026-10-11T18:07:00,30.0,52.4,88.6,54,0
2026-10-11T18:08:00,28.2,53.3,88.7,60,0
2026-10-11T18:09:00,29.0,52.5,88.6,64,1
2026-10-11T18:10:00,30.5,51.2,88.3,65,1
2026-10-11T18:11:00,26.6,51.3,88.6,58,0
2026-10-11T18:12:00,24.8,51.8,88.7,59,0
2026-10-11T18:13:00,22.8,53.0,88.7,53,2
2026-10-11T18:14:00,24.1,53.1,88.6,51,2
2026-10-11T18:15:00,24.3,53.3,88.9,57,0
2026-10-11T18:16:00,22.9,52.7,88.7,55,1
2026-10-11T18:17:00,25.9,51.8,88.9,57,0
2026-10-11T18:18:00,24.1,51.6,88.9,55,2
2026-10-11T18:19:00,21.8,53.2,88.8,53,1
2026-10-11T18:20:00,23.6,53.7,89.0,50,0
2026-10-11T18:21:00,19.5,54.4,88.9,47,1
2026-10-11T18:22:00,18.6,54.4,88.9,53,1
2026-10-11T18:23:00,23.6,53.6,89.3,49,2
2026-10-11T18:24:00,22.6,56.0,89.3,42,0
2026-10-11T18:25:00,20.6,,89.2,39,1
2026-10-11T18:26:00,20.9,53.4,89.4,47,1
2026-10-11T18:27:00,21.1,54.9,89.4,37,1
2026-10-11T18:28:00,19.9,54.2,89.5,36,0
2026-10-11T18:29:00,24.3,54.2,89.7,41,0
2026-10-11T18:30:00,23.4,52.7,89.3,42,0
2026-10-11T18:31:00,22.9,50.4,89.3,45,0
2026-10-11T18:32:00,26.0,49.5,89.3,49,2
2026-10-11T18:33:00,24.6,50.8,89.2,48,2
2026-10-11T18:34:00,24.6,51.8,89.0,46,4
2026-10-11T18:35:00,26.0,51.4,88.9,45,0
2026-10-11T18:36:00,26.0,53.1,89.3,32,1
2026-10-11T18:37:00,26.0,54.1,89.3,29,0
2026-10-11T18:38:00,23.4,54.0,89.4,34,1
2026-10-11T18:39:00,23.9,55.7,89.4,33,1
2026-10-11T18:40:00,27.5,55.7,89.4,38,1
2026-10-11T18:41:00,25.8,54.1,89.6,40,0
2026-10-11T18:42:00,28.9,56.0,89.6,44,0
2026-10-11T18:43:00,27.6,56.1,90.0,38,1
2026-10-11T18:44:00,28.9,55.9,90.0,40,0
2026-10-11T18:45:00,22.3,51.2,89.9,40,2
2026-10-11T18:46:00,21.2,50.7,89.9,39,1
2026-10-11T18:47:00,20.1,51.4,89.9,44,0
2026-10-11T18:48:00,19.9,52.0,89.5,36,0
2026-10-11T18:49:00,21.0,52.9,89.7,39,0
2026-10-11T18:50:00,26.1,53.1,89.8,41,0
2026-10-11T18:51:00,27.0,53.7,89.8,50,0
2026-10-11T18:52:00,23.8,54.7,89.5,52,1
2026-10-11T18:53:00,21.7,55.6,89.6,54,0
2026-10-11T18:54:00,20.1,55.8,89.9,53,0
2026-10-11T18:55:00,23.7,53.6,90.1,51,0
2026-10-11T18:56:00,27.0,54.2,90.1,53,2
2026-10-11T18:57:00,24.3,52.8,90.0,54,1
2026-10-11T18:58:00,26.6,51.2,90.1,60,1
2026-10-11T18:59:00,29.6,51.6,90.1,52,0
2026-10-11T19:00:00,24.3,50.3,89.9,47,2
2026-10-11T19:01:00,24.0,51.0,90.1,50,0
2026-10-11T19:02:00,24.3,51.0,90.5,55,1
2026-10-11T19:03:00,27.4,51.1,90.3,61,0
2026-10-11T19:04:00,27.4,51.7,90.4,58,1
2026-10-11T19:05:00,25.9,53.0,90.2,51,1
2026-10-11T19:06:00,26.6,52.7,90.1,39,1
2026-10-11T19:07:00,24.4,51.1,90.3,34,0
2026-10-11T19:08:00,22.8,50.2,90.2,41,1
2026-10-11T19:09:00,23.4,52.2,90.2,40,0
2026-10-11T19:10:00,20.3,51.5,90.5,47,0
2026-10-11T19:11:00,20.3,51.5,90.2,45,0
2026-10-11T19:12:00,23.1,52.2,89.8,48,0
2026-10-11T19:13:00,22.5,53.5,90.0,41,0
2026-10-11T19:14:00,23.2,54.8,90.1,38,1
2026-10-11T19:15:00,24.8,53.6,90.1,38,0
2026-10-11T19:16:00,29.7,53.1,90.0,36,1
2026-10-11T19:17:00,29.4,53.4,89.9,30,0
2026-10-11T19:18:00,28.8,52.4,90.0,34,0
2026-10-11T19:19:00,29.6,51.6,89.9,37,2
2026-10-11T19:20:00,28.1,52.8,90.2,41,1
2026-10-11T19:21:00,28.5,53.2,90.1,40,0
2026-10-11T19:22:00,27.9,51.9,90.1,44,1
2026-10-11T19:23:00,26.9,52.5,90.3,46,0
2026-10-11T19:24:00,26.2,53.2,90.3,49,0
2026-10-11T19:25:00,28.8,53.4,90.6,51,1
2026-10-11T19:26:00,30.8,53.7,90.8,57,1
2026-10-11T19:27:00,25.5,54.9,90.8,52,2
2026-10-11T19:28:00,24.4,53.7,90.9,48,
2026-10-11T19:29:00,24.6,54.3,90.6,48,1
2026-10-11T19:30:00,24.4,54.3,90.7,45,1
2026-10-11T19:31:00,24.4,54.5,90.9,41,1
2026-10-11T19:32:00,23.6,53.8,91.1,38,1
2026-10-11T19:33:00,22.9,53.8,91.0,41,2
2026-10-11T19:34:00,23.0,52.8,90.6,40,1
2026-10-11T19:35:00,27.9,53.5,90.7,40,2
2026-10-11T19:36:00,26.3,51.5,90.6,39,1
2026-10-11T19:37:00,27.2,53.4,90.8,46,0
2026-10-11T19:38:00,25.2,,90.9,39,0
2026-10-11T19:39:00,20.9,52.9,91.0,39,0
2026-10-11T19:40:00,19.3,53.8,91.2,46,1
2026-10-11T19:41:00,19.1,52.8,91.2,45,0
2026-10-11T19:42:00,18.6,52.7,91.5,50,0
2026-10-11T19:43:00,19.0,52.0,91.6,54,0
2026-10-11T19:44:00,21.0,53.7,91.5,47,1
2026-10-11T19:45:00,,53.9,91.2,47,1
2026-10-11T19:46:00,25.6,54.2,91.2,50,0
2026-10-11T19:47:00,23.1,54.8,91.2,49,0
2026-10-11T19:48:00,24.5,53.1,91.3,46,1
2026-10-11T19:49:00,26.2,54.8,91.2,37,1
2026-10-11T19:50:00,27.7,56.1,91.4,35,0
2026-10-11T19:51:00,28.4,56.2,91.2,46,
2026-10-11T19:52:00,24.0,55.6,91.6,42,0
2026-10-11T19:53:00,20.7,55.5,91.5,37,0
2026-10-11T19:54:00,27.3,54.7,91.6,45,0
2026-10-11T19:55:00,26.6,52.4,91.4,47,0
2026-10-11T19:56:00,27.3,54.3,91.6,45,0
2026-10-11T19:57:00,28.4,53.3,91.7,46,2
2026-10-11T19:58:00,26.8,50.9,91.7,55,3
2026-10-11T19:59:00,27.9,49.8,91.8,54,1
2026-10-11T20:00:00,24.4,48.8,91.4,57,2
2026-10-11T20:01:00,23.7,48.6,91.7,46,1
2026-10-11T20:02:00,26.7,50.0,91.7,48,1
2026-10-11T20:03:00,29.6,51.2,91.7,46,0
2026-10-11T20:04:00,28.3,51.6,91.6,40,2
2026-10-11T20:05:00,23.6,50.5,91.8,41,1
2026-10-11T20:06:00,23.8,51.0,92.0,44,0
2026-10-11T20:07:00,22.2,52.5,91.7,47,0
2026-10-11T20:08:00,22.9,53.1,92.1,44,0
2026-10-11T20:09:00,21.5,54.3,92.1,45,0
2026-10-11T20:10:00,24.4,53.2,92.3,44,0
2026-10-11T20:11:00,25.1,53.6,92.2,44,0
2026-10-11T20:12:00,25.9,52.3,92.3,54,3
2026-10-11T20:13:00,27.8,52.7,92.2,50,0
2026-10-11T20:14:00,24.2,53.1,92.5,44,0
2026-10-11T20:15:00,24.3,52.4,92.6,56,0
2026-10-11T20:16:00,25.3,54.1,92.5,54,1
2026-10-11T20:17:00,28.1,54.8,92.6,58,0
2026-10-11T20:18:00,26.2,53.3,92.4,55,0
2026-10-11T20:19:00,26.1,53.6,92.2,49,2
2026-10-11T20:20:00,27.0,54.1,92.2,53,1
2026-10-11T20:21:00,25.5,55.0,92.0,48,1
2026-10-11T20:22:00,26.3,52.8,92.0,43,0
2026-10-11T20:23:00,25.8,52.1,92.1,35,0
2026-10-11T20:24:00,25.6,54.3,92.2,45,0
2026-10-11T20:25:00,26.4,53.3,92.0,48,0
2026-10-11T20:26:00,22.3,53.9,92.0,50,0
2026-10-11T20:27:00,21.3,53.6,92.2,58,1
2026-10-11T20:28:00,21.4,52.2,92.3,52,0
2026-10-11T20:29:00,22.1,52.0,92.4,48,1
2026-10-11T20:30:00,23.6,52.1,92.1,44,1
2026-10-11T20:31:00,22.8,52.6,92.4,43,1
2026-10-11T20:32:00,20.7,51.2,92.4,36,0
2026-10-11T20:33:00,19.9,52.3,92.4,35,0
2026-10-11T20:34:00,23.5,53.2,92.6,36,0
2026-10-11T20:35:00,24.5,54.7,92.8,38,2
2026-10-11T20:36:00,24.7,56.1,92.5,42,1
2026-10-11T20:37:00,20.7,55.9,92.5,42,1
2026-10-11T20:38:00,20.1,53.7,92.6,42,0
2026-10-11T20:39:00,22.1,54.4,92.4,43,1
2026-10-11T20:40:00,20.1,55.1,,38,2
2026-10-11T20:41:00,20.3,55.7,92.6,42,0
2026-10-11T20:42:00,21.6,55.5,93.0,42,0
2026-10-11T20:43:00,21.3,55.1,92.9,41,3
2026-10-11T20:44:00,21.6,54.5,92.9,39,0
2026-10-11T20:45:00,20.2,56.9,93.0,41,1
2026-10-11T20:46:00,22.2,54.3,93.2,44,1
2026-10-11T20:47:00,23.2,53.1,93.2,46,1
2026-10-11T20:48:00,25.1,53.7,93.0,40,1
2026-10-11T20:49:00,26.8,53.4,93.0,47,0
2026-10-11T20:50:00,26.8,53.5,92.9,44,0
2026-10-11T20:51:00,25.9,53.1,92.9,48,0
2026-10-11T20:52:00,22.4,52.8,93.1,46,0
2026-10-11T20:53:00,23.1,50.7,92.9,48,1
2026-10-11T20:54:00,23.8,53.7,93.0,51,0
2026-10-11T20:55:00,21.0,55.6,93.1,50,1
2026-10-11T20:56:00,25.3,55.8,93.4,,1
2026-10-11T20:57:00,24.2,55.9,93.2,46,0
2026-10-11T20:58:00,23.2,56.1,93.4,47,2
2026-10-11T20:59:00,23.9,54.3,93.3,43,2
2026-10-11T21:00:00,26.7,53.9,93.3,37,1
2026-10-11T21:01:00,26.6,53.5,93.4,39,0
2026-10-11T21:02:00,24.4,52.9,93.2,38,1
2026-10-11T21:03:00,22.9,53.2,93.2,45,1
2026-10-11T21:04:00,23.2,54.1,93.1,42,1
2026-10-11T21:05:00,23.8,54.1,93.3,44,0
2026-10-11T21:06:00,24.3,54.6,93.5,47,2
2026-10-11T21:07:00,23.4,54.6,93.4,44,0
2026-10-11T21:08:00,24.5,56.1,93.5,57,0
2026-10-11T21:09:00,25.6,57.7,93.4,56,0
2026-10-11T21:10:00,25.1,56.7,93.6,55,0
2026-10-11T21:11:00,24.6,55.4,93.5,59,0
2026-10-11T21:12:00,24.1,54.6,93.6,62,0
2026-10-11T21:13:00,24.3,55.4,93.5,52,2
2026-10-11T21:14:00,22.1,54.6,93.8,47,2
2026-10-11T21:15:00,23.4,54.4,94.1,42,3
2026-10-11T21:16:00,24.1,52.6,93.9,51,0
2026-10-11T21:17:00,24.0,52.9,93.9,39,0
2026-10-11T21:18:00,24.4,54.0,94.0,43,2
2026-10-11T21:19:00,26.4,53.6,94.0,45,0
2026-10-11T21:20:00,27.7,53.0,93.7,35,2
2026-10-11T21:21:00,27.6,54.1,93.7,41,
2026-10-11T21:22:00,24.0,53.4,93.6,34,0
2026-10-11T21:23:00,25.3,52.5,93.7,37,0
2026-10-11T21:24:00,25.0,52.7,93.8,39,0
2026-10-11T21:25:00,21.0,52.0,93.7,47,3
2026-10-11T21:26:00,22.0,52.6,93.8,52,
2026-10-11T21:27:00,22.4,54.1,93.9,53,2
2026-10-11T21:28:00,22.1,52.5,93.9,49,0
2026-10-11T21:29:00,22.2,53.4,94.0,51,1
2026-10-11T21:30:00,24.0,54.4,94.1,57,1
2026-10-11T21:31:00,25.9,52.9,94.2,54,1
2026-10-11T21:32:00,27.4,51.4,94.2,51,0
2026-10-11T21:33:00,25.7,52.3,94.2,49,1
2026-10-11T21:34:00,30.8,51.3,94.3,53,0
2026-10-11T21:35:00,32.0,52.8,94.2,41,0
2026-10-11T21:36:00,31.6,53.1,94.3,43,1
2026-10-11T21:37:00,29.0,52.9,94.3,51,1
2026-10-11T21:38:00,27.9,53.0,94.3,51,0
2026-10-11T21:39:00,26.0,52.7,94.3,46,2
2026-10-11T21:40:00,27.4,52.9,94.7,50,1
2026-10-11T21:41:00,27.0,52.7,94.6,59,0
2026-10-11T21:42:00,24.8,52.1,94.9,59,0
2026-10-11T21:43:00,27.6,52.1,94.9,59,1
2026-10-11T21:44:00,20.8,50.9,94.8,46,2
2026-10-11T21:45:00,22.5,50.7,94.8,46,2
2026-10-11T21:46:00,20.3,48.7,94.9,39,1
2026-10-11T21:47:00,23.0,50.3,95.0,37,0
2026-10-11T21:48:00,21.4,51.5,95.2,38,1
2026-10-11T21:49:00,19.9,53.3,95.5,34,0
2026-10-11T21:50:00,22.0,52.2,95.1,30,0
2026-10-11T21:51:00,21.2,51.0,95.0,39,0
2026-10-11T21:52:00,23.7,51.7,94.8,46,3
2026-10-11T21:53:00,20.9,52.9,95.0,50,1
2026-10-11T21:54:00,18.1,52.0,95.0,58,1
2026-10-11T21:55:00,19.4,50.9,95.1,57,0
2026-10-11T21:56:00,19.4,,94.8,45,2
2026-10-11T21:57:00,18.1,49.8,94.9,55,0
2026-10-11T21:58:00,16.3,51.4,94.7,51,1
2026-10-11T21:59:00,14.9,51.6,94.6,53,1
2026-10-11T22:00:00,19.0,50.7,94.7,51,2
2026-10-11T22:01:00,23.5,51.2,94.6,56,1
2026-10-11T22:02:00,21.2,51.2,94.7,58,1
2026-10-11T22:03:00,21.5,51.9,95.1,58,0
2026-10-11T22:04:00,22.6,53.1,94.8,56,1
2026-10-11T22:05:00,26.5,53.4,94.6,60,1
2026-10-11T22:06:00,28.0,53.2,94.8,58,2
2026-10-11T22:07:00,27.5,52.4,94.9,64,0
2026-10-11T22:08:00,25.6,51.7,94.9,64,1
2026-10-11T22:09:00,26.1,54.0,94.9,56,1
2026-10-11T22:10:00,26.8,54.2,95.1,65,0
2026-10-11T22:11:00,25.3,54.0,95.1,71,0
2026-10-11T22:12:00,24.9,55.6,95.2,69,1
2026-10-11T22:13:00,25.3,55.0,95.4,71,1
2026-10-11T22:14:00,23.1,55.5,95.7,66,1
2026-10-11T22:15:00,18.5,56.2,95.6,62,0
2026-10-11T22:16:00,18.0,55.7,95.5,60,0
2026-10-11T22:17:00,19.8,56.1,95.5,58,0
2026-10-11T22:18:00,20.0,55.5,95.5,54,1
2026-10-11T22:19:00,19.1,55.3,95.5,55,1
2026-10-11T22:20:00,21.3,54.6,95.5,54,0
2026-10-11T22:21:00,22.1,54.8,95.7,55,4
2026-10-11T22:22:00,21.0,52.4,95.7,58,2
2026-10-11T22:23:00,25.2,52.0,95.7,59,1
2026-10-11T22:24:00,25.4,52.4,95.9,56,0
2026-10-11T22:25:00,27.7,53.3,96.0,55,0
2026-10-11T22:26:00,25.7,52.4,95.9,47,1
2026-10-11T22:27:00,23.7,51.7,95.9,49,1
2026-10-11T22:28:00,21.6,51.9,95.9,48,1
2026-10-11T22:29:00,23.6,53.7,95.6,39,1
2026-10-11T22:30:00,18.0,54.0,95.5,36,2
2026-10-11T22:31:00,21.9,53.6,95.4,31,1
2026-10-11T22:32:00,20.2,54.0,96.0,36,1
2026-10-11T22:33:00,18.1,55.3,96.0,35,1
2026-10-11T22:34:00,19.3,54.2,95.8,43,0
2026-10-11T22:35:00,24.4,52.6,96.1,50,0
2026-10-11T22:36:00,23.4,51.5,96.2,44,3
2026-10-11T22:37:00,23.4,52.8,96.2,41,0
2026-10-11T22:38:00,27.7,53.0,96.1,48,1
2026-10-11T22:39:00,25.0,52.2,96.1,55,2
2026-10-11T22:40:00,25.3,53.1,96.1,49,0
2026-10-11T22:41:00,24.9,51.5,96.1,50,0
2026-10-11T22:42:00,27.5,52.2,95.9,50,1
2026-10-11T22:43:00,23.2,53.4,96.2,49,0
2026-10-11T22:44:00,22.1,52.2,96.4,50,0
2026-10-11T22:45:00,23.4,51.1,96.5,48,2
2026-10-11T22:46:00,23.6,50.5,96.6,50,1
2026-10-11T22:47:00,23.4,51.2,96.6,54,0
2026-10-11T22:48:00,21.2,51.3,96.7,56,0
2026-10-11T22:49:00,19.0,52.5,96.9,57,1
2026-10-11T22:50:00,21.2,52.4,96.8,53,2
2026-10-11T22:51:00,21.5,51.0,96.5,56,1
2026-10-11T22:52:00,21.3,52.2,96.7,53,1
2026-10-11T22:53:00,22.1,51.1,96.9,55,2
2026-10-11T22:54:00,21.6,53.5,96.9,65,0
2026-10-11T22:55:00,20.1,54.3,96.8,65,1
2026-10-11T22:56:00,22.8,52.6,96.9,58,0
2026-10-11T22:57:00,22.5,53.6,97.2,51,0
2026-10-11T22:58:00,24.3,52.9,97.3,43,0
2026-10-11T22:59:00,23.4,52.2,97.3,44,1
2026-10-11T23:00:00,24.7,52.7,97.1,52,0
2026-10-11T23:01:00,30.8,52.6,97.1,62,0
2026-10-11T23:02:00,29.5,55.7,97.0,69,1
2026-10-11T23:03:00,31.1,57.7,96.8,65,0
2026-10-11T23:04:00,31.5,56.0,96.8,69,1
2026-10-11T23:05:00,36.1,54.1,96.9,69,1
2026-10-11T23:06:00,35.6,53.9,96.8,72,0
2026-10-11T23:07:00,36.9,51.2,96.5,63,0
2026-10-11T23:08:00,37.9,51.6,96.6,68,0
2026-10-11T23:09:00,40.4,51.8,96.6,67,1
2026-10-11T23:10:00,40.0,51.8,96.8,70,2
2026-10-11T23:11:00,38.7,51.4,97.0,69,0
2026-10-11T23:12:00,40.1,52.6,97.0,71,1
2026-10-11T23:13:00,40.4,51.4,96.9,80,0
2026-10-11T23:14:00,40.4,51.4,96.8,78,0
2026-10-11T23:15:00,39.8,49.7,96.9,66,2
2026-10-11T23:16:00,38.2,52.4,97.1,72,1
2026-10-11T23:17:00,36.7,52.8,96.8,75,0
2026-10-11T23:18:00,34.4,52.1,96.5,78,2
2026-10-11T23:19:00,37.6,51.2,96.6,80,0
2026-10-11T23:20:00,38.0,51.5,97.0,76,0
2026-10-11T23:21:00,37.5,52.8,96.7,,0
2026-10-11T23:22:00,37.8,53.1,96.9,76,2
2026-10-11T23:23:00,40.3,53.4,96.9,84,2
2026-10-11T23:24:00,40.4,53.6,97.0,81,2
2026-10-11T23:25:00,41.6,55.7,97.0,84,1
2026-10-11T23:26:00,39.5,57.9,97.0,86,0
2026-10-11T23:27:00,40.2,57.4,96.7,81,0
2026-10-11T23:28:00,39.2,54.8,96.9,85,0
2026-10-11T23:29:00,39.1,55.1,97.2,82,0
2026-10-11T23:30:00,39.2,56.4,97.1,80,0
2026-10-11T23:31:00,40.7,55.0,97.0,81,0
2026-10-11T23:32:00,35.3,53.4,97.3,80,2
2026-10-11T23:33:00,35.9,53.6,97.1,77,0
2026-10-11T23:34:00,38.1,53.4,97.1,76,0
2026-10-11T23:35:00,37.4,53.1,97.1,69,0
2026-10-11T23:36:00,35.0,53.0,97.1,61,3
2026-10-11T23:37:00,32.6,53.3,96.9,51,1
2026-10-11T23:38:00,29.6,52.7,96.8,42,1
2026-10-11T23:39:00,26.1,51.9,97.1,42,1
2026-10-11T23:40:00,21.7,52.1,97.4,47,0
2026-10-11T23:41:00,22.6,52.8,97.0,54,0
2026-10-11T23:42:00,23.3,52.7,96.8,52,1
2026-10-11T23:43:00,23.6,53.6,96.7,56,2
2026-10-11T23:44:00,22.5,51.6,96.7,60,0
2026-10-11T23:45:00,22.3,50.6,96.8,58,1
2026-10-11T23:46:00,20.8,49.2,96.9,58,1
2026-10-11T23:47:00,24.0,50.0,97.1,61,2
2026-10-11T23:48:00,24.8,51.3,97.2,60,0
2026-10-11T23:49:00,26.6,51.4,97.5,57,0
2026-10-11T23:50:00,29.6,51.8,97.4,74,0
2026-10-11T23:51:00,27.9,53.5,97.4,78,0
2026-10-11T23:52:00,26.0,53.0,97.3,73,0
2026-10-11T23:53:00,26.3,,97.1,58,1
2026-10-11T23:54:00,32.2,53.5,97.0,58,1
2026-10-11T23:55:00,30.2,54.4,96.9,47,1
2026-10-11T23:56:00,26.9,54.9,96.9,48,0
2026-10-11T23:57:00,26.1,55.3,96.7,46,0
2026-10-11T23:58:00,27.3,54.6,96.8,55,0
2026-10-11T23:59:00,30.0,53.3,97.0,55,3
2026-10-12T00:00:00,33.9,53.1,96.9,51,0
2026-10-12T00:01:00,28.5,55.1,97.1,49,1
2026-10-12T00:02:00,24.9,54.3,97.2,47,1
2026-10-12T00:03:00,27.5,53.2,97.6,49,0
2026-10-12T00:04:00,25.6,53.3,97.5,46,1
2026-10-12T00:05:00,23.4,53.1,97.6,48,0
2026-10-12T00:06:00,25.6,53.6,97.2,49,1
2026-10-12T00:07:00,23.2,54.6,97.2,58,0
2026-10-12T00:08:00,20.6,54.2,97.1,56,0
2026-10-12T00:09:00,22.6,55.5,97.1,52,0
2026-10-12T00:10:00,26.8,55.3,97.1,48,0
2026-10-12T00:11:00,21.9,53.6,96.9,44,1
2026-10-12T00:12:00,21.9,54.7,96.7,53,0
2026-10-12T00:13:00,24.1,53.2,97.0,52,4
2026-10-12T00:14:00,,54.3,97.4,50,0
2026-10-12T00:15:00,23.0,53.3,97.3,56,1
2026-10-12T00:16:00,22.0,53.9,97.4,56,0
2026-10-12T00:17:00,23.7,53.4,97.0,45,1
2026-10-12T00:18:00,25.4,53.1,97.0,47,1
2026-10-12T00:19:00,24.8,52.2,96.8,49,1
2026-10-12T00:20:00,27.4,53.8,97.0,53,1
2026-10-12T00:21:00,24.7,53.1,96.9,50,0
2026-10-12T00:22:00,23.8,54.8,96.9,58,1
2026-10-12T00:23:00,24.1,54.2,96.7,52,1
2026-10-12T00:24:00,24.9,54.1,96.5,54,0
2026-10-12T00:25:00,25.5,52.6,96.5,53,0
2026-10-12T00:26:00,22.2,51.7,96.7,51,1
2026-10-12T00:27:00,21.1,51.2,96.7,54,1
2026-10-12T00:28:00,24.8,52.6,96.6,51,2
2026-10-12T00:29:00,25.0,52.7,97.0,48,2
2026-10-12T00:30:00,22.2,51.5,58.1,29,0
2026-10-12T00:31:00,22.3,52.8,58.1,31,0
2026-10-12T00:32:00,19.5,53.0,57.9,32,0
2026-10-12T00:33:00,22.5,51.8,58.0,34,0
2026-10-12T00:34:00,22.3,51.9,57.8,31,0
2026-10-12T00:35:00,24.0,52.2,57.7,30,0
2026-10-12T00:36:00,23.3,53.7,58.1,32,0
2026-10-12T00:37:00,24.6,53.8,58.3,32,0
2026-10-12T00:38:00,26.2,51.7,58.3,27,0
2026-10-12T00:39:00,28.6,53.3,,27,0
2026-10-12T00:40:00,24.9,53.3,57.9,29,0
2026-10-12T00:41:00,23.3,54.0,57.8,38,0
2026-10-12T00:42:00,25.1,53.5,57.9,33,0
2026-10-12T00:43:00,24.1,52.3,57.8,40,0
2026-10-12T00:44:00,26.7,51.5,57.5,37,0
2026-10-12T00:45:00,21.8,51.1,57.7,45,0
2026-10-12T00:46:00,21.2,49.6,57.9,43,0
2026-10-12T00:47:00,21.5,49.2,57.9,42,0
2026-10-12T00:48:00,22.3,50.9,58.4,36,0
2026-10-12T00:49:00,21.7,50.7,58.3,33,0
2026-10-12T00:50:00,20.1,50.7,58.2,32,0
2026-10-12T00:51:00,,51.1,58.0,32,0
2026-10-12T00:52:00,22.2,54.4,57.7,30,0
2026-10-12T00:53:00,21.9,54.5,57.9,26,0
2026-10-12T00:54:00,22.6,54.7,58.0,20,0
2026-10-12T00:55:00,23.4,53.8,58.0,20,0
2026-10-12T00:56:00,21.4,54.5,57.8,23,2
2026-10-12T00:57:00,20.0,55.2,57.9,25,1
2026-10-12T00:58:00,22.8,55.4,57.8,25,0
2026-10-12T00:59:00,22.9,54.5,57.8,27,0
2026-10-12T01:00:00,21.9,54.8,57.9,31,0
2026-10-12T01:01:00,21.1,53.3,57.8,38,1
2026-10-12T01:02:00,21.9,53.4,57.8,45,0
2026-10-12T01:03:00,21.8,53.3,57.9,46,0
2026-10-12T01:04:00,25.8,53.1,58.0,45,0
2026-10-12T01:05:00,26.6,53.9,57.8,47,0
2026-10-12T01:06:00,26.1,53.6,57.7,49,0
2026-10-12T01:07:00,24.0,53.3,57.6,51,0
2026-10-12T01:08:00,22.4,55.1,57.8,46,1
2026-10-12T01:09:00,24.1,55.0,58.0,47,0
2026-10-12T01:10:00,23.4,54.9,57.9,48,
2026-10-12T01:11:00,23.3,55.9,57.9,48,0
2026-10-12T01:12:00,22.9,55.3,57.9,46,0
2026-10-12T01:13:00,23.7,53.9,57.9,48,0
2026-10-12T01:14:00,26.4,55.2,57.7,44,1
2026-10-12T01:15:00,19.4,53.7,57.8,51,0
2026-10-12T01:16:00,22.7,55.1,57.9,53,0
2026-10-12T01:17:00,22.8,53.7,57.8,45,0
2026-10-12T01:18:00,23.3,53.6,57.8,32,0
2026-10-12T01:19:00,22.2,53.3,57.8,31,0
2026-10-12T01:20:00,21.3,52.3,57.8,38,0
2026-10-12T01:21:00,21.0,53.5,57.6,35,0
2026-10-12T01:22:00,23.4,53.1,57.9,35,0
2026-10-12T01:23:00,25.7,53.9,57.9,30,0
2026-10-12T01:24:00,26.6,53.6,58.3,32,0
2026-10-12T01:25:00,25.0,54.1,58.3,33,1
2026-10-12T01:26:00,22.5,54.4,58.4,23,0
2026-10-12T01:27:00,23.1,54.3,58.2,31,0
2026-10-12T01:28:00,26.3,53.2,58.3,31,0
2026-10-12T01:29:00,26.0,52.9,58.1,37,0
2026-10-12T01:30:00,27.0,54.1,58.1,35,0
2026-10-12T01:31:00,29.1,53.1,57.8,36,0
2026-10-12T01:32:00,26.8,53.0,57.8,27,0
2026-10-12T01:33:00,,54.6,57.5,38,0
2026-10-12T01:34:00,25.2,55.8,58.0,42,0
2026-10-12T01:35:00,28.3,55.2,57.8,40,0
2026-10-12T01:36:00,27.5,56.0,57.7,41,0
2026-10-12T01:37:00,26.2,55.1,57.4,41,0
2026-10-12T01:38:00,28.0,54.1,57.4,44,0
2026-10-12T01:39:00,26.2,54.9,57.8,54,0
2026-10-12T01:40:00,25.8,52.4,57.9,48,0
2026-10-12T01:41:00,25.7,52.5,58.0,53,0
2026-10-12T01:42:00,26.5,52.2,57.8,46,0
2026-10-12T01:43:00,24.0,51.9,57.6,51,0
2026-10-12T01:44:00,24.8,,57.6,42,0
2026-10-12T01:45:00,25.6,52.8,57.7,39,0
2026-10-12T01:46:00,26.2,53.8,57.6,42,0
2026-10-12T01:47:00,25.1,52.2,57.9,37,0
2026-10-12T01:48:00,24.0,50.8,58.2,45,0
2026-10-12T01:49:00,28.4,51.1,58.1,38,1
2026-10-12T01:50:00,29.1,50.2,57.9,37,0
2026-10-12T01:51:00,28.0,50.2,58.0,40,1
2026-10-12T01:52:00,22.7,50.4,57.9,43,0
2026-10-12T01:53:00,24.8,49.4,58.0,40,0
2026-10-12T01:54:00,25.3,48.8,58.0,39,0
2026-10-12T01:55:00,25.2,50.2,58.0,37,1
2026-10-12T01:56:00,25.2,51.9,58.0,31,0
2026-10-12T01:57:00,27.6,52.0,57.8,36,0
2026-10-12T01:58:00,26.8,51.3,57.6,33,0
2026-10-12T01:59:00,21.2,53.3,57.7,33,0
2026-10-12T02:00:00,16.8,53.3,57.7,34,0
2026-10-12T02:01:00,16.7,53.3,57.5,36,0
2026-10-12T02:02:00,20.4,54.7,57.4,32,0
2026-10-12T02:03:00,22.4,56.0,57.7,34,0
2026-10-12T02:04:00,24.1,55.5,58.0,33,1
2026-10-12T02:05:00,22.7,57.1,57.9,37,0
2026-10-12T02:06:00,21.8,56.1,58.0,35,1
2026-10-12T02:07:00,21.4,54.4,58.3,38,1
2026-10-12T02:08:00,20.6,54.1,58.4,40,0
2026-10-12T02:09:00,23.1,54.1,58.4,44,0
2026-10-12T02:10:00,22.5,51.3,58.4,53,1
2026-10-12T02:11:00,17.3,51.4,58.1,48,0
2026-10-12T02:12:00,21.7,51.8,58.3,52,0
2026-10-12T02:13:00,21.7,52.1,58.1,44,0
2026-10-12T02:14:00,22.4,52.1,58.1,41,0
2026-10-12T02:15:00,22.3,52.9,57.9,32,0
2026-10-12T02:16:00,21.2,54.9,58.0,30,1
2026-10-12T02:17:00,19.8,53.4,57.9,35,0
2026-10-12T02:18:00,21.6,53.9,57.7,40,0
2026-10-12T02:19:00,23.6,53.6,57.8,36,0
2026-10-12T02:20:00,25.1,55.4,57.8,37,0
2026-10-12T02:21:00,20.7,55.9,57.7,28,0
2026-10-12T02:22:00,20.5,,58.1,30,0
2026-10-12T02:23:00,23.4,53.8,57.9,36,0
2026-10-12T02:24:00,26.9,54.5,57.8,34,1
2026-10-12T02:25:00,25.6,52.3,57.9,35,0
2026-10-12T02:26:00,26.2,51.1,57.9,28,0
2026-10-12T02:27:00,18.6,51.2,58.0,34,0
2026-10-12T02:28:00,20.2,51.5,58.0,36,0
2026-10-12T02:29:00,20.3,52.8,57.7,40,0
2026-10-12T02:30:00,19.9,52.1,57.5,40,0
2026-10-12T02:31:00,17.7,53.1,57.6,45,0
2026-10-12T02:32:00,19.2,,57.8,36,0
2026-10-12T02:33:00,22.3,53.1,57.9,42,0
2026-10-12T02:34:00,20.2,55.4,57.9,43,0
2026-10-12T02:35:00,21.3,53.9,57.8,43,0
2026-10-12T02:36:00,21.5,53.6,57.8,35,1
2026-10-12T02:37:00,18.4,52.8,57.9,28,1
2026-10-12T02:38:00,21.1,53.9,58.2,23,0
2026-10-12T02:39:00,21.3,54.4,58.0,28,0
2026-10-12T02:40:00,20.5,53.3,58.0,24,0
2026-10-12T02:41:00,21.5,52.3,58.0,29,0
2026-10-12T02:42:00,21.9,52.7,58.1,30,0
2026-10-12T02:43:00,23.7,52.1,58.2,34,0
2026-10-12T02:44:00,23.9,51.3,58.1,29,1
2026-10-12T02:45:00,23.5,52.2,58.1,36,0
2026-10-12T02:46:00,25.4,51.1,58.2,33,0
2026-10-12T02:47:00,21.1,51.5,58.0,29,0
2026-10-12T02:48:00,24.0,52.3,58.0,28,0
2026-10-12T02:49:00,24.1,53.9,58.1,28,0
2026-10-12T02:50:00,22.1,54.1,58.2,26,2
2026-10-12T02:51:00,23.3,51.5,58.0,28,0
2026-10-12T02:52:00,27.2,52.9,58.0,34,0
2026-10-12T02:53:00,26.5,53.6,57.8,26,0
2026-10-12T02:54:00,26.4,54.1,58.0,31,0
2026-10-12T02:55:00,28.1,53.7,,34,0
2026-10-12T02:56:00,24.7,54.3,57.8,38,0
2026-10-12T02:57:00,27.7,53.5,57.9,37,1
2026-10-12T02:58:00,30.0,53.4,58.1,34,1
2026-10-12T02:59:00,28.9,53.6,57.9,34,1
2026-10-12T03:00:00,27.0,54.0,57.9,38,0
2026-10-12T03:01:00,29.5,54.6,58.0,38,1
2026-10-12T03:02:00,28.7,55.6,58.0,43,0
2026-10-12T03:03:00,28.7,56.8,58.1,39,0
2026-10-12T03:04:00,27.6,57.0,58.0,38,1
2026-10-12T03:05:00,25.1,56.8,57.9,32,1
2026-10-12T03:06:00,25.0,56.4,57.8,39,0
2026-10-12T03:07:00,24.2,56.0,57.7,52,1
2026-10-12T03:08:00,,56.1,57.7,41,0
2026-10-12T03:09:00,20.6,55.5,57.9,37,0
2026-10-12T03:10:00,20.6,55.7,57.9,36,0
2026-10-12T03:11:00,22.3,55.9,57.9,34,0
2026-10-12T03:12:00,24.1,55.7,57.9,32,1
2026-10-12T03:13:00,23.5,55.6,58.0,36,1
2026-10-12T03:14:00,24.9,54.1,58.2,29,1
2026-10-12T03:15:00,27.6,54.2,58.2,27,0
2026-10-12T03:16:00,21.7,52.1,58.2,33,0
2026-10-12T03:17:00,20.1,53.4,58.1,33,1
2026-10-12T03:18:00,20.9,53.2,57.8,38,0
2026-10-12T03:19:00,21.1,53.6,58.1,33,0
2026-10-12T03:20:00,23.5,56.1,58.2,36,0
2026-10-12T03:21:00,24.7,55.3,57.8,32,0
2026-10-12T03:22:00,22.9,55.8,58.0,28,0
2026-10-12T03:23:00,23.2,55.8,57.7,37,0
2026-10-12T03:24:00,27.7,55.3,58.0,38,0
2026-10-12T03:25:00,26.0,55.9,57.6,41,0
2026-10-12T03:26:00,25.7,57.9,57.7,40,0
2026-10-12T03:27:00,21.3,55.7,57.8,39,1
2026-10-12T03:28:00,24.2,55.0,57.8,35,1
2026-10-12T03:29:00,18.5,51.7,57.8,33,0
2026-10-12T03:30:00,20.7,51.1,57.8,32,0
2026-10-12T03:31:00,24.3,51.5,57.9,32,1
2026-10-12T03:32:00,21.9,53.5,57.6,32,1
2026-10-12T03:33:00,17.9,53.7,57.9,41,0
2026-10-12T03:34:00,22.5,53.9,57.6,41,1
2026-10-12T03:35:00,23.8,51.6,57.7,33,0
2026-10-12T03:36:00,25.9,52.8,57.6,39,0
2026-10-12T03:37:00,27.2,53.0,57.5,37,0
2026-10-12T03:38:00,29.9,53.7,57.8,25,0
2026-10-12T03:39:00,27.9,53.9,58.0,18,0
2026-10-12T03:40:00,29.4,52.4,57.9,23,0
2026-10-12T03:41:00,27.2,51.7,58.0,29,1
2026-10-12T03:42:00,24.8,52.2,58.1,22,0
2026-10-12T03:43:00,24.3,53.6,58.0,33,0
2026-10-12T03:44:00,24.6,54.3,57.9,36,1
2026-10-12T03:45:00,24.9,55.8,58.0,36,0
2026-10-12T03:46:00,24.5,54.9,58.0,36,0
2026-10-12T03:47:00,25.8,54.7,58.2,36,0
2026-10-12T03:48:00,25.1,53.4,58.0,40,2
2026-10-12T03:49:00,23.9,53.1,58.1,34,0
2026-10-12T03:50:00,,53.6,58.0,27,0
2026-10-12T03:51:00,21.6,53.4,57.9,26,1
2026-10-12T03:52:00,21.8,54.5,58.1,24,0
2026-10-12T03:53:00,24.8,53.9,58.1,26,0
2026-10-12T03:54:00,23.5,54.2,57.8,20,0
2026-10-12T03:55:00,25.5,53.3,57.7,27,0
2026-10-12T03:56:00,27.5,54.1,57.4,28,0
2026-10-12T03:57:00,24.2,53.5,57.9,39,0
2026-10-12T03:58:00,24.9,52.6,58.0,40,0
2026-10-12T03:59:00,26.2,54.4,58.3,45,1
2026-10-12T04:00:00,23.4,53.9,58.2,46,0
2026-10-12T04:01:00,24.6,53.8,58.0,47,1
2026-10-12T04:02:00,26.2,53.4,57.8,51,0
2026-10-12T04:03:00,24.1,53.1,57.6,42,0
2026-10-12T04:04:00,22.1,52.1,57.4,37,0
2026-10-12T04:05:00,20.2,52.9,57.2,35,0
2026-10-12T04:06:00,18.8,53.4,57.5,32,0
2026-10-12T04:07:00,18.6,51.5,57.4,34,0
2026-10-12T04:08:00,23.0,51.5,57.9,31,0
2026-10-12T04:09:00,24.6,53.4,,35,0
2026-10-12T04:10:00,24.2,52.6,57.8,42,0
2026-10-12T04:11:00,25.3,52.8,57.6,38,0
2026-10-12T04:12:00,24.3,51.7,57.8,43,1
2026-10-12T04:13:00,24.8,52.5,57.9,42,0
2026-10-12T04:14:00,23.4,53.3,57.8,38,0
2026-10-12T04:15:00,22.5,53.4,57.9,36,0
2026-10-12T04:16:00,,53.9,57.7,37,0
2026-10-12T04:17:00,21.0,55.1,57.6,35,0
2026-10-12T04:18:00,22.8,53.0,57.3,28,1
2026-10-12T04:19:00,22.0,52.1,57.7,34,0
2026-10-12T04:20:00,20.9,53.5,57.7,32,0
2026-10-12T04:21:00,22.0,53.5,57.7,37,0
2026-10-12T04:22:00,22.5,53.7,57.6,34,0
2026-10-12T04:23:00,25.1,53.6,57.8,36,0
2026-10-12T04:24:00,22.9,51.7,57.6,33,0
2026-10-12T04:25:00,24.2,52.7,57.5,47,1
2026-10-12T04:26:00,25.1,53.7,57.6,46,0
2026-10-12T04:27:00,23.3,54.2,57.8,45,0
2026-10-12T04:28:00,23.0,52.8,58.1,45,0
2026-10-12T04:29:00,27.0,52.0,58.1,35,1
2026-10-12T04:30:00,24.8,52.2,58.1,28,0
2026-10-12T04:31:00,24.2,52.4,58.1,36,0
2026-10-12T04:32:00,25.3,53.8,58.3,41,2
2026-10-12T04:33:00,25.4,53.7,58.2,51,0
2026-10-12T04:34:00,24.3,52.7,58.2,41,0
2026-10-12T04:35:00,24.7,54.9,58.1,44,0
2026-10-12T04:36:00,25.1,55.3,57.9,45,0
2026-10-12T04:37:00,24.6,54.9,57.7,40,0
2026-10-12T04:38:00,25.2,56.3,58.2,43,1
2026-10-12T04:39:00,24.8,55.1,58.4,42,0
2026-10-12T04:40:00,22.5,54.2,58.1,42,1
2026-10-12T04:41:00,18.3,53.2,58.1,42,0
2026-10-12T04:42:00,18.7,52.4,57.8,40,0
2026-10-12T04:43:00,21.7,52.9,57.9,38,0
2026-10-12T04:44:00,19.4,53.4,57.9,32,1
2026-10-12T04:45:00,18.1,52.1,57.7,33,1
2026-10-12T04:46:00,21.3,53.8,57.8,26,0
2026-10-12T04:47:00,21.4,51.4,57.8,29,0
2026-10-12T04:48:00,23.8,50.7,57.8,38,1
2026-10-12T04:49:00,21.7,50.4,58.0,38,0
2026-10-12T04:50:00,22.4,52.7,57.7,35,0
2026-10-12T04:51:00,24.3,52.7,57.8,39,0
2026-10-12T04:52:00,24.7,53.1,57.8,30,0
2026-10-12T04:53:00,27.0,54.7,57.9,25,0
2026-10-12T04:54:00,26.3,53.6,57.8,29,1
2026-10-12T04:55:00,24.4,53.6,58.1,36,0
2026-10-12T04:56:00,22.2,53.8,58.2,37,0
2026-10-12T04:57:00,19.4,53.2,58.1,38,0
2026-10-12T04:58:00,19.7,52.2,58.0,49,0
2026-10-12T04:59:00,21.3,51.9,58.2,52,1
2026-10-12T05:00:00,25.9,51.0,58.3,40,0
2026-10-12T05:01:00,28.8,53.1,58.2,41,0
2026-10-12T05:02:00,27.8,53.9,58.1,43,0
2026-10-12T05:03:00,27.1,52.5,58.1,40,0
2026-10-12T05:04:00,28.0,53.3,57.9,42,1
2026-10-12T05:05:00,26.4,52.5,57.9,40,0
2026-10-12T05:06:00,23.6,52.8,58.0,41,1
2026-10-12T05:07:00,27.8,52.3,58.1,29,2
2026-10-12T05:08:00,24.8,52.3,58.0,27,1
2026-10-12T05:09:00,28.8,52.3,58.1,36,1
2026-10-12T05:10:00,29.5,53.1,58.0,35,0
2026-10-12T05:11:00,28.3,54.2,57.9,33,1
2026-10-12T05:12:00,26.7,53.9,57.8,41,0
2026-10-12T05:13:00,24.8,53.7,57.8,40,0
2026-10-12T05:14:00,24.6,52.6,57.7,44,1
2026-10-12T05:15:00,21.7,55.1,58.0,49,0
2026-10-12T05:16:00,23.8,53.3,57.9,50,0
2026-10-12T05:17:00,21.4,53.0,58.1,36,0
2026-10-12T05:18:00,20.8,54.0,58.2,39,1
2026-10-12T05:19:00,25.2,52.8,58.1,34,0
2026-10-12T05:20:00,21.6,53.4,57.9,38,0
2026-10-12T05:21:00,21.1,54.6,57.8,40,1
2026-10-12T05:22:00,25.4,53.6,57.8,45,0
2026-10-12T05:23:00,25.1,52.4,57.7,49,1
2026-10-12T05:24:00,25.6,51.8,57.9,47,0
2026-10-12T05:25:00,25.8,53.6,58.1,44,0
2026-10-12T05:26:00,24.9,51.9,58.1,40,0
2026-10-12T05:27:00,26.1,52.8,58.3,41,0
2026-10-12T05:28:00,24.7,52.5,58.1,34,0
2026-10-12T05:29:00,28.6,53.7,58.1,40,0
2026-10-12T05:30:00,24.7,52.0,58.4,30,1
2026-10-12T05:31:00,24.8,51.3,58.3,,0
2026-10-12T05:32:00,23.3,,58.3,32,0
2026-10-12T05:33:00,23.8,53.5,58.5,33,1
2026-10-12T05:34:00,28.2,51.8,58.6,29,0
2026-10-12T05:35:00,21.8,51.4,58.2,35,0
2026-10-12T05:36:00,23.0,52.2,58.3,31,0
2026-10-12T05:37:00,24.6,52.5,58.2,41,0
2026-10-12T05:38:00,23.3,51.9,58.0,45,0
2026-10-12T05:39:00,23.9,53.7,58.1,49,0
2026-10-12T05:40:00,18.9,53.0,57.8,50,0
2026-10-12T05:41:00,22.2,53.6,57.5,41,1
2026-10-12T05:42:00,24.9,52.2,57.9,43,0
2026-10-12T05:43:00,22.3,51.4,57.9,43,1
2026-10-12T05:44:00,24.2,52.1,58.0,45,0
2026-10-12T05:45:00,21.9,52.3,58.0,37,1
2026-10-12T05:46:00,21.8,53.2,57.9,42,0
2026-10-12T05:47:00,23.3,52.6,57.9,48,0
2026-10-12T05:48:00,24.0,53.2,58.0,49,0
2026-10-12T05:49:00,25.3,52.5,58.3,44,0
2026-10-12T05:50:00,23.1,53.2,58.3,46,0
2026-10-12T05:51:00,22.3,54.1,58.2,44,0
2026-10-12T05:52:00,22.0,53.6,57.9,42,1
2026-10-12T05:53:00,23.5,52.9,57.8,45,1
2026-10-12T05:54:00,26.1,52.3,57.8,45,2
2026-10-12T05:55:00,23.8,52.2,57.9,41,1
2026-10-12T05:56:00,24.6,52.6,57.9,42,1
2026-10-12T05:57:00,24.6,53.2,57.9,36,0
2026-10-12T05:58:00,26.0,53.0,57.6,34,1
2026-10-12T05:59:00,27.9,52.4,57.9,32,0
2026-10-12T06:00:00,26.0,52.1,58.1,30,0
2026-10-12T06:01:00,26.3,52.8,58.1,27,0
2026-10-12T06:02:00,27.5,52.5,58.4,34,0
2026-10-12T06:03:00,26.8,53.4,58.2,38,2
2026-10-12T06:04:00,30.1,53.8,58.1,36,0
2026-10-12T06:05:00,28.7,53.0,58.0,34,1
2026-10-12T06:06:00,25.1,53.8,57.8,40,1
2026-10-12T06:07:00,29.3,54.0,57.8,31,0
2026-10-12T06:08:00,26.0,52.9,58.0,26,0
2026-10-12T06:09:00,23.8,53.0,58.0,31,0
2026-10-12T06:10:00,28.3,52.5,57.7,37,1
2026-10-12T06:11:00,29.0,53.0,57.9,39,0
2026-10-12T06:12:00,29.5,54.1,57.9,35,0
2026-10-12T06:13:00,28.8,54.3,58.1,38,0
2026-10-12T06:14:00,27.5,52.7,58.3,35,0
2026-10-12T06:15:00,24.1,54.9,58.2,26,0
2026-10-12T06:16:00,25.3,55.6,58.3,27,0
2026-10-12T06:17:00,22.3,56.2,58.3,26,0
2026-10-12T06:18:00,22.4,55.1,58.0,,0
2026-10-12T06:19:00,22.1,55.5,58.0,36,0
2026-10-12T06:20:00,22.5,55.8,57.9,40,0
2026-10-12T06:21:00,25.8,56.3,57.7,39,0
2026-10-12T06:22:00,24.9,56.4,57.6,39,2
2026-10-12T06:23:00,27.9,54.1,57.4,33,0
2026-10-12T06:24:00,24.8,55.1,57.4,40,0
2026-10-12T06:25:00,26.6,54.2,57.5,39,0
2026-10-12T06:26:00,26.2,53.8,57.9,36,0
2026-10-12T06:27:00,24.7,54.8,57.9,,1
2026-10-12T06:28:00,23.2,53.8,57.8,27,0
2026-10-12T06:29:00,24.0,54.5,57.8,25,0
2026-10-12T06:30:00,23.0,51.2,57.7,36,0
2026-10-12T06:31:00,26.1,52.6,57.7,30,0
2026-10-12T06:32:00,32.7,52.1,57.7,32,0
2026-10-12T06:33:00,30.7,51.3,57.5,42,0
2026-10-12T06:34:00,29.3,51.3,57.2,43,0
2026-10-12T06:35:00,27.1,52.6,57.3,37,0
2026-10-12T06:36:00,28.1,49.8,57.7,36,0
2026-10-12T06:37:00,28.5,51.0,57.8,38,1
2026-10-12T06:38:00,27.3,,57.8,34,0
2026-10-12T06:39:00,26.6,51.3,57.7,28,0
2026-10-12T06:40:00,27.7,52.9,58.1,26,0
2026-10-12T06:41:00,28.0,52.3,57.9,36,0
2026-10-12T06:42:00,30.6,54.4,58.0,40,2
2026-10-12T06:43:00,29.6,54.3,57.7,42,0
2026-10-12T06:44:00,29.4,54.4,57.9,44,0
2026-10-12T06:45:00,28.4,54.1,57.7,41,0
2026-10-12T06:46:00,28.8,55.7,58.0,38,0
2026-10-12T06:47:00,30.7,,58.0,35,0
2026-10-12T06:48:00,33.9,54.7,58.1,37,0
2026-10-12T06:49:00,33.1,55.4,58.1,34,0
2026-10-12T06:50:00,32.2,54.0,57.9,38,0
2026-10-12T06:51:00,31.0,53.7,58.1,35,0
2026-10-12T06:52:00,31.9,53.4,58.3,33,0
2026-10-12T06:53:00,27.2,53.6,58.0,,1
2026-10-12T06:54:00,30.4,53.8,58.0,32,0
2026-10-12T06:55:00,31.9,53.8,58.1,38,0
2026-10-12T06:56:00,33.4,55.8,57.8,35,1
2026-10-12T06:57:00,31.5,53.7,57.9,35,0
2026-10-12T06:58:00,31.4,52.1,58.1,34,1
2026-10-12T06:59:00,28.4,51.6,58.1,30,0
2026-10-12T07:00:00,28.1,50.7,58.2,31,0
2026-10-12T07:01:00,28.6,51.3,58.0,26,1
2026-10-12T07:02:00,24.5,52.1,58.1,22,2
2026-10-12T07:03:00,22.2,55.3,57.9,40,0
2026-10-12T07:04:00,22.8,54.7,57.9,42,0
2026-10-12T07:05:00,26.2,53.6,58.0,49,0
2026-10-12T07:06:00,26.0,53.8,58.0,55,0
2026-10-12T07:07:00,24.7,54.2,58.2,58,0
2026-10-12T07:08:00,27.6,54.8,58.0,47,0
2026-10-12T07:09:00,29.7,53.9,58.0,43,0
2026-10-12T07:10:00,29.7,53.4,58.0,55,0
2026-10-12T07:11:00,29.0,52.5,58.3,48,0
2026-10-12T07:12:00,26.8,,58.4,51,0
2026-10-12T07:13:00,27.6,55.0,58.5,47,1
2026-10-12T07:14:00,28.0,54.9,58.3,40,0
2026-10-12T07:15:00,25.2,53.8,58.0,34,1
2026-10-12T07:16:00,26.2,54.5,57.7,39,0
2026-10-12T07:17:00,24.4,54.8,57.9,46,0
2026-10-12T07:18:00,29.0,55.7,57.8,38,0
2026-10-12T07:19:00,26.2,54.6,57.8,41,0
2026-10-12T07:20:00,25.8,55.7,58.1,36,0
2026-10-12T07:21:00,27.1,54.7,57.9,41,0
2026-10-12T07:22:00,26.1,54.0,57.9,43,0
2026-10-12T07:23:00,23.3,52.7,57.8,42,0
2026-10-12T07:24:00,25.6,53.2,57.8,45,0
2026-10-12T07:25:00,26.3,52.7,58.1,45,1
2026-10-12T07:26:00,23.3,53.2,58.1,46,0
2026-10-12T07:27:00,25.2,53.5,58.1,48,0
2026-10-12T07:28:00,26.9,52.8,58.2,39,0
2026-10-12T07:29:00,28.9,52.3,58.1,37,0
2026-10-12T07:30:00,26.1,53.9,57.9,39,0
2026-10-12T07:31:00,23.7,54.6,57.8,38,0
2026-10-12T07:32:00,22.6,54.3,57.8,47,0
2026-10-12T07:33:00,22.4,54.7,58.1,41,0
2026-10-12T07:34:00,21.7,54.3,57.9,35,0
2026-10-12T07:35:00,24.4,55.2,58.1,37,0
2026-10-12T07:36:00,26.9,54.4,58.0,33,0
2026-10-12T07:37:00,24.9,54.4,58.0,40,1
2026-10-12T07:38:00,20.0,53.9,58.2,46,0
2026-10-12T07:39:00,20.0,51.5,58.1,41,0
2026-10-12T07:40:00,22.2,52.0,58.0,36,0
2026-10-12T07:41:00,20.6,51.7,57.8,30,1
2026-10-12T07:42:00,20.2,53.2,57.8,34,0
2026-10-12T07:43:00,19.5,54.6,57.7,33,2
2026-10-12T07:44:00,20.3,55.1,57.7,36,0
2026-10-12T07:45:00,27.1,54.5,57.9,35,0
2026-10-12T07:46:00,28.8,54.4,58.1,35,0
2026-10-12T07:47:00,28.8,54.6,58.1,29,0
2026-10-12T07:48:00,29.5,53.1,58.2,37,0
2026-10-12T07:49:00,27.3,52.3,58.2,31,0
2026-10-12T07:50:00,25.7,50.8,58.1,40,0
2026-10-12T07:51:00,26.3,51.0,58.2,40,0
2026-10-12T07:52:00,25.6,51.8,57.6,40,0
2026-10-12T07:53:00,23.9,52.1,57.8,37,0
2026-10-12T07:54:00,21.7,53.7,57.6,40,0
2026-10-12T07:55:00,20.9,52.6,57.7,37,0
2026-10-12T07:56:00,22.6,53.4,57.9,37,1
2026-10-12T07:57:00,24.8,53.1,58.1,35,0
2026-10-12T07:58:00,21.8,53.1,58.1,39,0
2026-10-12T07:59:00,20.7,52.6,58.1,41,1
2026-10-12T08:00:00,18.5,53.1,58.1,40,0
2026-10-12T08:01:00,19.7,54.2,58.1,42,0
2026-10-12T08:02:00,21.0,51.7,57.7,41,2
2026-10-12T08:03:00,22.3,51.6,57.8,43,0
2026-10-12T08:04:00,22.7,51.5,57.6,36,0
2026-10-12T08:05:00,28.0,49.4,57.8,41,0
2026-10-12T08:06:00,26.3,48.8,57.7,34,0
2026-10-12T08:07:00,26.8,50.3,57.9,33,0
2026-10-12T08:08:00,22.9,50.0,58.0,36,2
2026-10-12T08:09:00,26.9,51.0,58.0,35,0
2026-10-12T08:10:00,28.4,51.9,58.0,44,0
2026-10-12T08:11:00,27.3,50.9,57.9,42,1
2026-10-12T08:12:00,29.3,49.9,57.9,40,0
2026-10-12T08:13:00,29.5,51.1,58.0,36,1
2026-10-12T08:14:00,25.8,51.2,57.9,24,0
2026-10-12T08:15:00,26.3,52.2,57.8,29,1
2026-10-12T08:16:00,29.2,50.5,57.7,31,1
2026-10-12T08:17:00,28.5,50.1,57.8,39,0
2026-10-12T08:18:00,29.2,50.9,58.1,45,0
2026-10-12T08:19:00,28.7,51.5,58.3,46,0
2026-10-12T08:20:00,24.7,52.1,58.2,40,0
2026-10-12T08:21:00,23.5,51.9,58.3,34,0
2026-10-12T08:22:00,25.4,52.5,,32,0
2026-10-12T08:23:00,26.5,54.0,58.0,29,0
2026-10-12T08:24:00,28.3,53.7,57.8,34,0
2026-10-12T08:25:00,27.5,54.3,58.0,37,1
2026-10-12T08:26:00,28.2,53.3,58.2,39,0
2026-10-12T08:27:00,29.0,52.8,57.9,46,0
2026-10-12T08:28:00,23.9,52.7,57.6,56,0
2026-10-12T08:29:00,24.7,53.2,57.6,48,2
2026-10-12T08:30:00,23.1,53.5,57.8,54,0
2026-10-12T08:31:00,24.5,54.3,58.0,56,2
2026-10-12T08:32:00,27.7,52.3,57.9,52,1
2026-10-12T08:33:00,28.0,52.8,58.1,51,0
2026-10-12T08:34:00,28.8,52.6,58.2,56,0
2026-10-12T08:35:00,28.2,53.4,58.2,46,1
2026-10-12T08:36:00,26.8,54.3,58.1,41,0
2026-10-12T08:37:00,28.2,55.2,57.9,40,0
2026-10-12T08:38:00,,54.7,58.0,41,0
2026-10-12T08:39:00,31.0,54.5,58.0,45,1
2026-10-12T08:40:00,30.4,53.3,57.7,47,0
2026-10-12T08:41:00,30.3,54.8,57.6,44,0
2026-10-12T08:42:00,31.0,53.6,57.8,46,0
2026-10-12T08:43:00,33.3,53.7,58.1,45,0
2026-10-12T08:44:00,31.8,53.1,58.3,48,1
2026-10-12T08:45:00,29.1,54.0,58.3,44,0
2026-10-12T08:46:00,29.3,55.5,58.2,41,0
2026-10-12T08:47:00,27.7,54.3,58.1,35,0
2026-10-12T08:48:00,27.2,53.8,57.8,38,0
2026-10-12T08:49:00,28.2,53.8,57.9,40,1
2026-10-12T08:50:00,28.4,52.6,,39,0
2026-10-12T08:51:00,27.0,54.4,58.2,37,0
2026-10-12T08:52:00,26.4,55.3,58.3,27,0
2026-10-12T08:53:00,26.4,55.9,58.0,35,0
2026-10-12T08:54:00,26.0,55.8,58.2,36,0
2026-10-12T08:55:00,24.7,54.1,57.9,31,0
2026-10-12T08:56:00,23.0,55.2,57.7,34,0
2026-10-12T08:57:00,26.3,54.5,57.7,33,0
2026-10-12T08:58:00,21.3,53.8,57.6,38,0
2026-10-12T08:59:00,19.8,53.5,57.6,32,1
2026-10-12T09:00:00,22.1,53.7,57.5,32,0
2026-10-12T09:01:00,20.9,53.4,57.6,29,0
2026-10-12T09:02:00,25.5,54.2,57.2,25,0
2026-10-12T09:03:00,23.6,54.9,57.4,16,0
2026-10-12T09:04:00,24.3,53.7,57.7,21,1
2026-10-12T09:05:00,25.9,54.4,57.9,29,0
2026-10-12T09:06:00,22.9,54.5,57.8,32,0
2026-10-12T09:07:00,22.2,52.8,57.5,36,0
2026-10-12T09:08:00,26.5,52.3,57.6,34,0
2026-10-12T09:09:00,27.2,52.8,57.5,45,0
2026-10-12T09:10:00,25.4,54.1,57.8,37,1
2026-10-12T09:11:00,24.8,55.4,58.0,33,0
2026-10-12T09:12:00,26.4,55.8,57.9,40,0
2026-10-12T09:13:00,24.0,56.2,57.8,41,0
2026-10-12T09:14:00,20.4,54.7,57.8,39,0
2026-10-12T09:15:00,21.2,54.9,58.0,45,0
2026-10-12T09:16:00,22.9,53.9,57.8,36,0
2026-10-12T09:17:00,25.3,54.9,57.8,37,0
2026-10-12T09:18:00,23.5,53.2,57.9,37,0
2026-10-12T09:19:00,21.9,53.2,58.2,42,1
2026-10-12T09:20:00,24.7,52.2,58.0,39,0
2026-10-12T09:21:00,26.4,54.0,58.0,37,0
2026-10-12T09:22:00,29.6,54.5,58.1,34,0
2026-10-12T09:23:00,29.4,53.9,57.8,34,1
2026-10-12T09:24:00,26.8,53.6,57.9,31,0
2026-10-12T09:25:00,23.6,52.7,57.5,43,1
2026-10-12T09:26:00,26.2,54.3,58.0,38,0
2026-10-12T09:27:00,28.5,54.3,58.3,39,0
2026-10-12T09:28:00,27.7,54.0,58.3,37,1
2026-10-12T09:29:00,29.8,53.2,58.3,39,0
2026-10-12T09:30:00,31.9,54.2,58.4,36,0
2026-10-12T09:31:00,31.1,53.3,58.3,48,0
2026-10-12T09:32:00,33.4,53.7,58.0,49,0
2026-10-12T09:33:00,30.1,56.0,57.7,48,0
2026-10-12T09:34:00,28.4,57.6,58.0,50,0
2026-10-12T09:35:00,25.5,55.4,58.2,48,0
2026-10-12T09:36:00,29.4,54.5,57.8,47,1
2026-10-12T09:37:00,30.5,54.3,58.1,47,0
2026-10-12T09:38:00,28.3,52.2,58.4,49,0
2026-10-12T09:39:00,28.4,53.0,58.4,49,0
2026-10-12T09:40:00,28.1,52.3,58.3,52,0
2026-10-12T09:41:00,27.7,52.0,58.2,47,0
2026-10-12T09:42:00,30.5,54.5,58.2,46,0
2026-10-12T09:43:00,32.8,54.7,58.2,38,0
2026-10-12T09:44:00,31.7,55.2,58.1,44,1
2026-10-12T09:45:00,29.7,55.5,58.2,41,1
2026-10-12T09:46:00,29.1,54.6,58.3,37,0
2026-10-12T09:47:00,28.4,53.6,58.4,34,0
2026-10-12T09:48:00,29.5,53.8,58.1,38,0
2026-10-12T09:49:00,25.9,53.4,58.1,46,0
2026-10-12T09:50:00,25.6,52.7,58.1,43,1
2026-10-12T09:51:00,26.9,51.0,58.0,41,1
2026-10-12T09:52:00,27.3,52.0,58.2,45,0
2026-10-12T09:53:00,26.8,51.8,58.0,38,0
2026-10-12T09:54:00,27.1,52.3,57.8,47,0
2026-10-12T09:55:00,25.2,,58.0,48,1
2026-10-12T09:56:00,25.1,52.0,57.9,50,0
2026-10-12T09:57:00,26.4,52.4,57.8,48,0
2026-10-12T09:58:00,26.3,51.7,57.8,43,1
2026-10-12T09:59:00,22.1,52.0,57.5,39,0
2026-10-12T10:00:00,24.3,54.4,57.6,45,1
2026-10-12T10:01:00,27.3,55.0,57.7,46,0
2026-10-12T10:02:00,25.3,55.9,57.9,50,1
2026-10-12T10:03:00,30.1,54.5,58.0,46,1
2026-10-12T10:04:00,33.2,54.6,58.0,50,0
2026-10-12T10:05:00,34.7,54.5,58.1,69,1
2026-10-12T10:06:00,35.7,55.1,57.8,72,0
2026-10-12T10:07:00,36.8,54.9,57.9,81,1
2026-10-12T10:08:00,37.7,57.0,58.0,95,0
2026-10-12T10:09:00,35.2,55.9,57.8,101,1
2026-10-12T10:10:00,33.9,55.0,58.0,115,1
2026-10-12T10:11:00,34.9,53.4,58.0,120,1
2026-10-12T10:12:00,39.2,53.4,57.9,125,2
2026-10-12T10:13:00,42.4,53.8,57.9,131,2
2026-10-12T10:14:00,44.3,53.1,58.0,129,2
2026-10-12T10:15:00,45.5,52.2,57.8,126,4
2026-10-12T10:16:00,43.9,52.5,58.1,126,3
2026-10-12T10:17:00,42.4,55.2,58.3,124,1
2026-10-12T10:18:00,43.6,55.5,58.3,131,1
2026-10-12T10:19:00,45.8,56.3,58.7,130,2
2026-10-12T10:20:00,45.6,54.6,58.5,130,2
2026-10-12T10:21:00,47.2,54.3,58.7,129,1
2026-10-12T10:22:00,47.0,55.0,58.7,125,3
2026-10-12T10:23:00,42.6,53.5,58.6,122,3
2026-10-12T10:24:00,44.0,54.1,58.3,120,3
2026-10-12T10:25:00,47.9,54.4,58.6,128,4
2026-10-12T10:26:00,43.1,55.0,58.4,123,2
2026-10-12T10:27:00,42.6,53.6,58.4,126,3
2026-10-12T10:28:00,38.1,53.8,58.0,131,3
2026-10-12T10:29:00,41.9,,58.1,138,1
2026-10-12T10:30:00,44.7,52.0,58.2,139,0
2026-10-12T10:31:00,40.5,52.2,58.1,144,3
2026-10-12T10:32:00,43.9,53.2,58.0,139,3
2026-10-12T10:33:00,45.0,53.8,58.2,144,1
2026-10-12T10:34:00,45.8,54.2,58.1,150,2
2026-10-12T10:35:00,44.9,55.1,58.2,134,2
2026-10-12T10:36:00,44.4,54.2,58.0,131,3
2026-10-12T10:37:00,44.3,53.2,58.2,133,2
2026-10-12T10:38:00,46.0,53.4,58.0,127,1
2026-10-12T10:39:00,43.5,53.5,58.2,139,2
2026-10-12T10:40:00,46.4,54.1,58.1,137,5
2026-10-12T10:41:00,51.7,55.7,58.1,146,0
2026-10-12T10:42:00,49.6,55.1,58.3,145,1
2026-10-12T10:43:00,48.0,55.2,58.2,139,2
2026-10-12T10:44:00,48.2,54.9,58.0,137,0
2026-10-12T10:45:00,47.3,54.7,57.8,140,2
2026-10-12T10:46:00,45.1,54.8,58.2,138,3
2026-10-12T10:47:00,42.3,54.3,58.0,137,1
2026-10-12T10:48:00,39.1,52.9,57.9,135,2
2026-10-12T10:49:00,39.6,51.6,58.3,135,0
2026-10-12T10:50:00,44.1,53.2,58.2,134,3
2026-10-12T10:51:00,44.9,53.6,58.2,141,1
2026-10-12T10:52:00,42.8,52.5,58.3,142,0
2026-10-12T10:53:00,41.9,52.8,58.2,135,3
2026-10-12T10:54:00,39.1,52.1,58.0,134,5
2026-10-12T10:55:00,39.5,54.1,57.9,126,1
2026-10-12T10:56:00,40.6,54.1,58.0,127,4
2026-10-12T10:57:00,42.7,54.7,57.8,119,1
2026-10-12T10:58:00,41.1,54.2,57.6,118,1
2026-10-12T10:59:00,37.1,54.1,57.7,118,5
2026-10-12T11:00:00,40.6,55.4,57.8,123,1
2026-10-12T11:01:00,43.1,57.0,57.9,124,3
2026-10-12T11:02:00,41.6,54.0,57.7,124,2
2026-10-12T11:03:00,40.8,54.8,57.7,128,3
2026-10-12T11:04:00,41.9,53.3,57.8,123,1
2026-10-12T11:05:00,43.3,52.3,57.6,123,1
2026-10-12T11:06:00,44.8,51.9,57.7,127,1
2026-10-12T11:07:00,45.6,52.6,57.8,130,5
2026-10-12T11:08:00,45.4,52.6,57.8,136,2
2026-10-12T11:09:00,49.7,52.3,57.8,138,0
2026-10-12T11:10:00,46.4,53.6,57.6,131,2
2026-10-12T11:11:00,43.8,53.1,57.9,126,4
2026-10-12T11:12:00,44.7,52.2,57.8,134,3
2026-10-12T11:13:00,44.0,50.7,57.6,141,2
2026-10-12T11:14:00,41.6,53.1,57.6,138,3
2026-10-12T11:15:00,43.9,54.4,57.9,135,1
2026-10-12T11:16:00,40.7,55.1,58.0,130,1
2026-10-12T11:17:00,41.5,54.1,58.0,128,3
2026-10-12T11:18:00,43.8,53.4,57.8,126,0
2026-10-12T11:19:00,43.8,53.0,57.8,133,5
2026-10-12T11:20:00,44.1,54.0,58.0,130,2
2026-10-12T11:21:00,42.6,53.9,57.9,124,2
2026-10-12T11:22:00,40.4,55.0,58.2,129,2
2026-10-12T11:23:00,41.9,54.8,58.5,129,0
2026-10-12T11:24:00,41.5,55.3,58.6,130,2
2026-10-12T11:25:00,44.4,54.9,58.8,127,2
2026-10-12T11:26:00,45.8,54.6,58.6,129,4
2026-10-12T11:27:00,48.3,54.4,58.4,122,0
2026-10-12T11:28:00,46.3,55.2,58.3,119,2
2026-10-12T11:29:00,46.0,54.1,58.1,126,6
2026-10-12T11:30:00,45.3,54.3,57.9,130,1
2026-10-12T11:31:00,49.7,55.3,57.8,130,1
2026-10-12T11:32:00,50.2,56.4,58.1,127,1
2026-10-12T11:33:00,49.2,55.9,58.1,122,2
2026-10-12T11:34:00,48.1,54.3,57.9,128,3
2026-10-12T11:35:00,46.7,53.9,58.1,125,1
2026-10-12T11:36:00,43.8,56.0,57.9,134,3
2026-10-12T11:37:00,46.2,55.1,58.1,137,2
2026-10-12T11:38:00,47.1,55.5,58.2,140,1
2026-10-12T11:39:00,43.9,55.0,58.2,140,3
2026-10-12T11:40:00,48.8,56.8,58.0,139,3
2026-10-12T11:41:00,47.7,54.4,57.8,139,4
2026-10-12T11:42:00,42.6,55.4,58.2,142,4
2026-10-12T11:43:00,41.7,55.8,58.0,129,1
2026-10-12T11:44:00,41.9,54.2,57.9,127,3
2026-10-12T11:45:00,42.5,53.9,58.0,132,1
2026-10-12T11:46:00,42.6,55.0,58.0,131,2
2026-10-12T11:47:00,40.5,53.8,57.9,130,2
2026-10-12T11:48:00,42.3,55.6,57.9,136,0
2026-10-12T11:49:00,44.4,55.8,58.0,140,0
2026-10-12T11:50:00,43.6,56.8,58.1,138,3
2026-10-12T11:51:00,47.2,56.6,58.2,132,3
2026-10-12T11:52:00,46.8,56.8,58.5,134,0
2026-10-12T11:53:00,50.7,56.1,58.4,126,2
2026-10-12T11:54:00,46.8,56.8,58.1,129,2
2026-10-12T11:55:00,46.3,54.0,58.1,128,4
2026-10-12T11:56:00,43.3,55.0,58.0,120,1
2026-10-12T11:57:00,41.6,52.6,58.1,123,1
2026-10-12T11:58:00,40.9,53.0,57.9,133,2
2026-10-12T11:59:00,44.2,51.7,58.0,127,2
2026-10-12T12:00:00,44.6,53.0,57.8,127,2
2026-10-12T12:01:00,43.6,53.5,58.1,124,0
2026-10-12T12:02:00,47.6,52.6,58.2,130,0
2026-10-12T12:03:00,44.1,53.5,58.3,133,4
2026-10-12T12:04:00,42.9,53.0,58.2,139,7
2026-10-12T12:05:00,44.3,54.4,57.9,137,4
2026-10-12T12:06:00,46.5,54.5,58.1,145,3
2026-10-12T12:07:00,44.8,54.6,58.2,143,3
2026-10-12T12:08:00,44.8,56.1,58.0,131,2
2026-10-12T12:09:00,42.3,56.6,58.2,132,3
2026-10-12T12:10:00,42.9,57.2,58.1,141,2
2026-10-12T12:11:00,45.1,56.0,58.0,135,1
2026-10-12T12:12:00,40.7,57.6,57.7,133,0
2026-10-12T12:13:00,41.4,57.4,58.0,126,2
2026-10-12T12:14:00,44.7,54.5,58.1,125,1
2026-10-12T12:15:00,49.4,54.9,58.0,131,1
2026-10-12T12:16:00,45.1,53.5,57.9,125,2
2026-10-12T12:17:00,41.9,52.7,58.1,128,1
2026-10-12T12:18:00,42.6,53.2,58.2,136,3
2026-10-12T12:19:00,43.5,53.8,58.3,140,0
2026-10-12T12:20:00,43.1,54.6,58.1,131,1
2026-10-12T12:21:00,42.8,56.3,58.2,127,0
2026-10-12T12:22:00,41.3,58.0,58.2,127,2
2026-10-12T12:23:00,42.2,58.4,58.2,131,1
2026-10-12T12:24:00,42.9,57.1,57.9,137,2
2026-10-12T12:25:00,43.6,55.5,57.7,143,3
2026-10-12T12:26:00,43.3,55.2,57.9,143,3
2026-10-12T12:27:00,43.6,55.0,57.8,150,1
2026-10-12T12:28:00,47.4,55.9,58.2,150,2
2026-10-12T12:29:00,48.2,55.7,58.4,142,4
2026-10-12T12:30:00,46.1,55.5,58.3,137,3
2026-10-12T12:31:00,43.5,54.4,57.9,131,3
2026-10-12T12:32:00,44.0,53.6,57.7,127,2
2026-10-12T12:33:00,45.6,52.3,58.0,126,3
2026-10-12T12:34:00,47.3,54.5,58.2,131,0
2026-10-12T12:35:00,46.9,55.2,58.3,135,3
2026-10-12T12:36:00,42.2,55.9,58.2,131,2
2026-10-12T12:37:00,43.3,57.7,58.1,136,2
2026-10-12T12:38:00,44.8,58.1,57.8,133,3
2026-10-12T12:39:00,42.5,54.9,58.0,134,5
2026-10-12T12:40:00,41.9,55.7,58.0,138,2
2026-10-12T12:41:00,42.6,55.4,57.7,133,1
2026-10-12T12:42:00,42.6,54.5,57.9,137,0
2026-10-12T12:43:00,42.1,55.4,57.8,128,3
2026-10-12T12:44:00,41.6,55.0,57.6,129,1
2026-10-12T12:45:00,45.5,55.6,57.6,129,4
2026-10-12T12:46:00,47.8,54.6,57.4,124,4
2026-10-12T12:47:00,45.8,54.1,57.6,130,2
2026-10-12T12:48:00,44.1,52.8,57.8,127,1
2026-10-12T12:49:00,43.2,52.4,57.7,129,8
2026-10-12T12:50:00,46.1,52.2,57.8,127,1
2026-10-12T12:51:00,45.6,50.6,57.9,131,1
2026-10-12T12:52:00,44.7,50.9,58.1,132,2
2026-10-12T12:53:00,48.6,51.2,58.0,132,2
2026-10-12T12:54:00,47.6,50.8,57.7,126,0
2026-10-12T12:55:00,46.5,52.6,57.7,127,4
2026-10-12T12:56:00,42.0,52.0,58.1,128,1
2026-10-12T12:57:00,44.9,50.9,58.5,135,2
2026-10-12T12:58:00,47.3,51.1,58.2,142,3
2026-10-12T12:59:00,44.8,50.7,58.5,140,3
2026-10-12T13:00:00,47.3,51.7,58.5,139,2
2026-10-12T13:01:00,45.4,52.2,58.6,137,0
2026-10-12T13:02:00,48.1,52.9,58.7,138,5
2026-10-12T13:03:00,46.8,53.8,58.4,135,0
2026-10-12T13:04:00,46.6,52.6,58.2,134,1
2026-10-12T13:05:00,45.7,52.4,58.3,133,5
2026-10-12T13:06:00,45.0,53.9,58.0,137,0
2026-10-12T13:07:00,45.3,54.4,57.7,139,3
2026-10-12T13:08:00,43.7,,57.8,141,3
2026-10-12T13:09:00,43.5,52.7,57.8,148,4
2026-10-12T13:10:00,46.3,54.6,58.1,136,4
2026-10-12T13:11:00,48.9,54.2,58.1,131,2
2026-10-12T13:12:00,44.6,55.1,57.9,142,2
2026-10-12T13:13:00,45.4,55.1,57.9,143,3
2026-10-12T13:14:00,42.0,55.6,58.0,143,2
2026-10-12T13:15:00,45.2,56.8,58.0,133,2
2026-10-12T13:16:00,46.5,54.5,58.0,135,1
2026-10-12T13:17:00,43.4,53.5,58.1,134,3
2026-10-12T13:18:00,47.2,53.7,57.8,137,5
2026-10-12T13:19:00,46.4,54.1,58.1,131,5
2026-10-12T13:20:00,46.0,56.3,58.0,129,3
2026-10-12T13:21:00,42.3,55.3,57.8,122,0
2026-10-12T13:22:00,45.9,54.5,58.0,125,2
2026-10-12T13:23:00,46.2,55.6,58.1,125,1
2026-10-12T13:24:00,51.0,55.6,58.0,133,0
2026-10-12T13:25:00,50.8,55.8,58.0,138,2
2026-10-12T13:26:00,47.7,57.8,58.0,141,3
2026-10-12T13:27:00,44.0,57.1,58.2,132,2
2026-10-12T13:28:00,46.9,54.7,58.4,130,1
2026-10-12T13:29:00,38.5,54.9,58.2,125,0
2026-10-12T13:30:00,39.7,56.1,58.1,134,5
2026-10-12T13:31:00,42.8,55.9,58.2,125,2
2026-10-12T13:32:00,40.9,55.7,58.2,130,3
2026-10-12T13:33:00,43.7,56.6,58.5,134,4
2026-10-12T13:34:00,43.2,57.2,58.6,134,2
2026-10-12T13:35:00,40.4,57.6,58.4,139,2
2026-10-12T13:36:00,40.5,57.5,58.2,132,2
2026-10-12T13:37:00,38.3,57.0,58.1,125,0
2026-10-12T13:38:00,42.6,56.2,58.0,126,4
2026-10-12T13:39:00,45.2,55.0,58.2,124,0
2026-10-12T13:40:00,42.5,55.1,58.5,124,1
2026-10-12T13:41:00,41.9,55.5,58.3,126,0
2026-10-12T13:42:00,41.0,55.5,58.4,129,1
2026-10-12T13:43:00,44.7,54.0,58.1,136,2
2026-10-12T13:44:00,45.3,51.9,58.2,135,2
2026-10-12T13:45:00,44.0,53.0,58.0,125,2
2026-10-12T13:46:00,39.8,54.0,58.2,123,4
2026-10-12T13:47:00,40.4,56.6,58.2,121,2
2026-10-12T13:48:00,39.3,56.4,58.3,116,2
2026-10-12T13:49:00,38.2,55.7,58.1,105,3
2026-10-12T13:50:00,36.7,54.1,58.1,100,1
2026-10-12T13:51:00,38.4,54.4,58.4,96,1
2026-10-12T13:52:00,38.0,53.4,58.4,88,1
2026-10-12T13:53:00,37.2,53.4,58.2,85,0
2026-10-12T13:54:00,33.8,53.3,57.8,88,0
2026-10-12T13:55:00,31.2,54.3,58.1,79,1
2026-10-12T13:56:00,29.1,54.8,58.2,74,0
2026-10-12T13:57:00,29.6,53.6,58.2,71,0
2026-10-12T13:58:00,28.3,55.2,58.1,60,0
2026-10-12T13:59:00,29.8,56.3,58.0,52,0
2026-10-12T14:00:00,30.2,53.9,58.3,35,0
2026-10-12T14:01:00,30.9,55.0,58.2,40,0
2026-10-12T14:02:00,26.4,55.9,58.4,42,1
2026-10-12T14:03:00,26.7,56.1,58.6,48,0
2026-10-12T14:04:00,25.7,55.7,58.4,48,0
2026-10-12T14:05:00,24.6,55.6,58.1,43,1
2026-10-12T14:06:00,25.2,56.5,58.0,44,0
2026-10-12T14:07:00,22.4,58.5,57.8,42,0
2026-10-12T14:08:00,24.7,56.6,57.8,46,0
2026-10-12T14:09:00,21.9,55.5,58.1,53,0
2026-10-12T14:10:00,22.2,55.5,58.1,53,0
2026-10-12T14:11:00,23.8,56.1,57.8,47,0
2026-10-12T14:12:00,25.9,54.9,57.8,40,0
2026-10-12T14:13:00,25.9,54.8,57.9,38,0
2026-10-12T14:14:00,27.0,54.5,57.7,37,1
2026-10-12T14:15:00,26.6,53.4,57.9,30,0
2026-10-12T14:16:00,27.5,53.4,57.7,30,1
2026-10-12T14:17:00,26.6,54.9,57.8,30,1
2026-10-12T14:18:00,27.9,53.3,58.0,32,0
2026-10-12T14:19:00,26.0,53.3,58.3,33,0
2026-10-12T14:20:00,26.0,54.1,58.3,31,1
2026-10-12T14:21:00,26.2,56.9,57.9,38,0
2026-10-12T14:22:00,27.0,55.3,57.9,43,0
2026-10-12T14:23:00,25.9,54.6,58.2,47,0
2026-10-12T14:24:00,27.3,56.0,58.2,50,0
2026-10-12T14:25:00,28.3,53.4,58.0,45,0
2026-10-12T14:26:00,24.4,54.4,58.0,47,0
2026-10-12T14:27:00,25.6,55.5,58.1,52,0
2026-10-12T14:28:00,24.6,56.0,58.2,44,0
2026-10-12T14:29:00,25.3,54.0,58.2,47,0
2026-10-12T14:30:00,24.0,55.6,58.2,46,0
2026-10-12T14:31:00,24.9,54.9,58.1,41,0
2026-10-12T14:32:00,24.9,54.3,57.9,47,0
2026-10-12T14:33:00,24.2,54.0,58.0,50,0
2026-10-12T14:34:00,22.2,55.6,57.7,46,0
2026-10-12T14:35:00,24.7,56.3,57.9,46,0
2026-10-12T14:36:00,25.4,54.8,58.3,50,0
2026-10-12T14:37:00,28.1,53.4,58.3,51,0
2026-10-12T14:38:00,26.5,54.2,58.2,52,0
2026-10-12T14:39:00,27.7,53.7,58.3,48,2
2026-10-12T14:40:00,29.2,54.6,58.1,46,0
2026-10-12T14:41:00,30.2,55.8,58.0,48,0
2026-10-12T14:42:00,28.6,54.7,58.0,36,0
2026-10-12T14:43:00,26.7,55.6,58.0,41,0
2026-10-12T14:44:00,26.4,56.5,57.9,37,0
2026-10-12T14:45:00,29.4,53.4,57.9,46,0
2026-10-12T14:46:00,30.6,53.7,57.8,43,0
2026-10-12T14:47:00,32.2,55.4,57.9,42,0
2026-10-12T14:48:00,31.2,57.5,58.1,37,1
2026-10-12T14:49:00,30.1,57.2,58.2,32,0
2026-10-12T14:50:00,31.8,54.6,58.1,37,0
2026-10-12T14:51:00,27.5,54.9,58.0,41,0
2026-10-12T14:52:00,28.7,52.5,58.3,37,0
2026-10-12T14:53:00,26.1,53.4,58.4,,0
2026-10-12T14:54:00,30.6,54.8,58.4,39,0
2026-10-12T14:55:00,30.4,55.0,58.0,33,2
2026-10-12T14:56:00,30.1,56.5,57.8,30,0
2026-10-12T14:57:00,27.0,55.9,57.7,32,0
2026-10-12T14:58:00,29.1,55.1,57.8,28,0
2026-10-12T14:59:00,27.8,54.2,58.2,32,0
2026-10-12T15:00:00,24.5,55.4,58.3,36,1
2026-10-12T15:01:00,26.3,53.7,58.1,42,0
2026-10-12T15:02:00,29.1,53.1,57.9,47,0
2026-10-12T15:03:00,29.1,53.0,57.8,51,1
2026-10-12T15:04:00,24.7,53.3,58.2,34,0
2026-10-12T15:05:00,21.9,54.0,58.1,38,0
2026-10-12T15:06:00,17.2,53.1,58.4,43,1
2026-10-12T15:07:00,20.4,52.8,58.3,47,0
2026-10-12T15:08:00,18.7,53.5,57.9,51,0
2026-10-12T15:09:00,19.0,53.9,57.9,50,1
2026-10-12T15:10:00,20.5,55.9,58.1,53,0
2026-10-12T15:11:00,22.7,55.7,58.2,43,0
2026-10-12T15:12:00,26.5,54.6,58.2,45,0
2026-10-12T15:13:00,27.5,56.0,58.4,44,0
2026-10-12T15:14:00,28.1,55.0,58.3,38,1
2026-10-12T15:15:00,25.8,55.7,58.3,44,0
2026-10-12T15:16:00,29.8,54.8,58.3,48,0
2026-10-12T15:17:00,27.1,56.5,58.1,39,1
2026-10-12T15:18:00,28.9,55.7,57.9,34,0
2026-10-12T15:19:00,28.7,56.0,58.0,34,1
2026-10-12T15:20:00,28.7,55.7,58.3,27,0
2026-10-12T15:21:00,29.5,56.9,58.0,31,0
2026-10-12T15:22:00,30.7,56.7,58.2,40,0
2026-10-12T15:23:00,29.7,53.1,58.1,36,0
2026-10-12T15:24:00,31.8,54.8,57.8,38,2
2026-10-12T15:25:00,29.5,55.1,57.7,47,1
2026-10-12T15:26:00,30.5,55.1,57.7,43,1
2026-10-12T15:27:00,31.3,56.8,57.9,41,0
2026-10-12T15:28:00,32.3,56.7,58.1,52,1
2026-10-12T15:29:00,30.2,55.5,58.0,53,0
2026-10-12T15:30:00,28.8,52.9,58.1,43,1
2026-10-12T15:31:00,31.9,51.4,57.9,40,0
2026-10-12T15:32:00,31.9,50.2,57.9,45,0
2026-10-12T15:33:00,28.1,51.9,57.9,44,1
2026-10-12T15:34:00,27.9,49.9,58.0,41,1
2026-10-12T15:35:00,29.4,50.6,57.6,49,0
2026-10-12T15:36:00,30.7,51.1,57.9,49,1
2026-10-12T15:37:00,30.1,50.5,58.0,36,0
2026-10-12T15:38:00,30.2,51.3,58.4,40,0
2026-10-12T15:39:00,28.3,50.2,58.5,36,0
2026-10-12T15:40:00,29.2,50.7,58.1,39,0
2026-10-12T15:41:00,28.5,51.3,58.0,44,0
2026-10-12T15:42:00,26.9,52.5,,39,1
2026-10-12T15:43:00,27.1,53.1,57.8,31,1
2026-10-12T15:44:00,27.1,51.8,57.7,32,0
2026-10-12T15:45:00,28.2,52.1,58.1,28,0
2026-10-12T15:46:00,26.1,51.4,57.8,29,0
2026-10-12T15:47:00,23.4,52.8,58.2,32,1
2026-10-12T15:48:00,25.8,52.7,58.2,31,0
2026-10-12T15:49:00,27.8,53.9,58.2,30,0
2026-10-12T15:50:00,26.9,52.9,58.1,26,0
2026-10-12T15:51:00,26.0,52.6,57.8,40,1
2026-10-12T15:52:00,21.4,53.2,57.5,39,2
2026-10-12T15:53:00,24.0,53.6,57.6,40,1
2026-10-12T15:54:00,27.9,51.8,57.7,43,0
2026-10-12T15:55:00,,,,,
2026-10-12T15:56:00,,,,,
2026-10-12T15:57:00,,,,,
2026-10-12T15:58:00,,,,,
2026-10-12T15:59:00,,,,,
2026-10-12T16:00:00,26.9,52.3,58.1,55,1
2026-10-12T16:01:00,26.5,52.6,58.3,54,1
2026-10-12T16:02:00,24.8,53.4,58.1,56,0
2026-10-12T16:03:00,25.0,53.0,58.3,52,1
2026-10-12T16:04:00,25.9,53.0,58.2,46,1
2026-10-12T16:05:00,24.8,53.7,58.1,45,0
2026-10-12T16:06:00,28.0,53.3,58.1,45,0
2026-10-12T16:07:00,31.0,53.9,57.9,45,0
2026-10-12T16:08:00,32.2,55.0,57.8,56,0
2026-10-12T16:09:00,31.7,53.6,57.6,53,0
2026-10-12T16:10:00,29.9,52.2,58.0,45,1
2026-10-12T16:11:00,30.0,52.8,58.1,46,0
2026-10-12T16:12:00,26.5,52.9,58.2,48,0
2026-10-12T16:13:00,26.3,53.0,58.1,55,0
2026-10-12T16:14:00,24.6,53.2,58.2,59,0
2026-10-12T16:15:00,23.6,52.2,58.4,60,0
2026-10-12T16:16:00,24.5,53.1,58.2,59,0
2026-10-12T16:17:00,25.6,52.8,58.3,60,0
2026-10-12T16:18:00,28.6,54.2,58.3,51,1
2026-10-12T16:19:00,25.0,53.7,58.1,38,0
2026-10-12T16:20:00,25.5,54.3,57.9,43,0
2026-10-12T16:21:00,24.7,54.8,58.1,39,0
2026-10-12T16:22:00,26.4,53.1,58.2,43,0
2026-10-12T16:23:00,26.2,51.3,58.3,37,0
2026-10-12T16:24:00,26.4,53.9,58.0,45,0
2026-10-12T16:25:00,25.6,54.9,57.6,42,1
2026-10-12T16:26:00,27.2,52.8,57.8,38,0
2026-10-12T16:27:00,30.1,51.4,57.9,43,0
2026-10-12T16:28:00,35.8,53.6,57.9,42,0
2026-10-12T16:29:00,34.0,54.0,58.0,41,1
2026-10-12T16:30:00,35.2,53.8,58.0,47,0
2026-10-12T16:31:00,34.5,54.4,58.0,48,0
2026-10-12T16:32:00,32.5,53.3,57.9,44,0
2026-10-12T16:33:00,29.8,52.7,58.1,45,1
2026-10-12T16:34:00,23.1,53.3,58.2,42,0
2026-10-12T16:35:00,25.1,51.8,58.1,47,2
2026-10-12T16:36:00,25.6,52.0,58.1,43,0
2026-10-12T16:37:00,24.0,52.9,58.2,45,1
2026-10-12T16:38:00,24.7,54.6,58.4,48,0
2026-10-12T16:39:00,26.1,53.8,58.4,46,0
2026-10-12T16:40:00,28.4,53.5,58.1,44,0
2026-10-12T16:41:00,30.3,52.6,58.2,50,0
2026-10-12T16:42:00,27.4,53.5,58.5,44,0
2026-10-12T16:43:00,24.3,55.0,58.6,38,1
2026-10-12T16:44:00,27.7,53.5,58.2,42,0
2026-10-12T16:45:00,31.4,53.5,58.3,46,0
2026-10-12T16:46:00,27.7,53.7,58.4,45,0
2026-10-12T16:47:00,28.7,52.5,58.4,55,0
2026-10-12T16:48:00,26.2,51.6,58.2,51,0
2026-10-12T16:49:00,27.1,50.9,58.2,57,0
2026-10-12T16:50:00,25.7,51.5,58.3,51,0
2026-10-12T16:51:00,25.7,51.7,58.2,40,1
2026-10-12T16:52:00,,53.2,58.3,37,0
2026-10-12T16:53:00,22.5,53.0,58.1,34,0
2026-10-12T16:54:00,23.2,54.5,58.1,36,0
2026-10-12T16:55:00,24.2,55.3,58.4,34,0
2026-10-12T16:56:00,22.9,54.2,58.0,38,0
2026-10-12T16:57:00,26.0,54.5,57.7,41,0
2026-10-12T16:58:00,26.0,56.1,57.7,42,1
2026-10-12T16:59:00,24.1,56.4,57.7,44,1
2026-10-12T17:00:00,26.4,56.9,57.9,42,0
2026-10-12T17:01:00,27.5,55.7,58.0,44,1
2026-10-12T17:02:00,26.5,55.4,57.9,47,0
2026-10-12T17:03:00,26.3,55.1,58.0,45,1
2026-10-12T17:04:00,27.5,54.8,58.1,41,2
2026-10-12T17:05:00,29.6,53.5,58.1,49,0
2026-10-12T17:06:00,26.6,53.1,58.0,55,0
2026-10-12T17:07:00,25.8,51.5,57.7,50,1
2026-10-12T17:08:00,29.1,52.1,57.7,43,0
2026-10-12T17:09:00,28.7,51.0,57.8,46,0
2026-10-12T17:10:00,28.4,52.6,57.9,40,0
2026-10-12T17:11:00,27.8,54.3,58.0,41,0
2026-10-12T17:12:00,28.5,53.8,58.0,37,0
2026-10-12T17:13:00,29.0,54.6,58.1,36,0
2026-10-12T17:14:00,27.1,54.3,58.0,38,0
2026-10-12T17:15:00,23.0,55.3,57.9,39,0
2026-10-12T17:16:00,20.0,54.1,58.1,31,1
2026-10-12T17:17:00,22.3,55.8,58.5,37,0
2026-10-12T17:18:00,21.6,55.7,58.2,42,0
2026-10-12T17:19:00,22.1,57.6,58.4,38,0
2026-10-12T17:20:00,23.4,58.2,58.2,42,0
2026-10-12T17:21:00,25.0,57.3,58.2,44,1
2026-10-12T17:22:00,25.3,55.9,58.2,41,0
2026-10-12T17:23:00,25.9,55.6,57.9,32,0
2026-10-12T17:24:00,28.7,54.1,57.8,39,
2026-10-12T17:25:00,27.3,53.3,57.7,34,0
2026-10-12T17:26:00,32.9,51.6,58.0,36,0
2026-10-12T17:27:00,34.1,51.5,58.2,46,0
2026-10-12T17:28:00,32.7,51.2,58.0,43,0
2026-10-12T17:29:00,32.1,53.2,57.9,46,0
2026-10-12T17:30:00,29.1,54.3,57.8,47,0
2026-10-12T17:31:00,28.7,52.7,57.6,51,0
2026-10-12T17:32:00,26.1,54.6,57.4,64,0
2026-10-12T17:33:00,25.0,52.2,57.4,59,1
2026-10-12T17:34:00,22.9,54.3,57.6,49,1
2026-10-12T17:35:00,19.1,55.3,57.6,44,0
2026-10-12T17:36:00,20.0,55.0,57.9,43,0
2026-10-12T17:37:00,21.9,54.1,58.0,40,0
2026-10-12T17:38:00,19.9,55.2,58.1,46,0
2026-10-12T17:39:00,18.8,54.3,58.0,47,0
2026-10-12T17:40:00,19.2,53.8,58.0,40,1
2026-10-12T17:41:00,19.2,54.6,,38,0
2026-10-12T17:42:00,20.1,55.8,57.6,40,1
2026-10-12T17:43:00,22.0,55.4,57.6,47,3
2026-10-12T17:44:00,23.8,53.9,57.6,46,0
2026-10-12T17:45:00,24.8,55.1,57.4,46,2
2026-10-12T17:46:00,24.4,53.7,,39,0
2026-10-12T17:47:00,25.1,54.2,57.6,39,0
2026-10-12T17:48:00,24.7,54.7,57.5,30,0
2026-10-12T17:49:00,27.0,53.5,57.5,40,0
2026-10-12T17:50:00,23.5,54.5,58.1,37,0
2026-10-12T17:51:00,24.5,54.6,58.2,30,0
2026-10-12T17:52:00,24.7,53.6,58.2,35,0
2026-10-12T17:53:00,22.9,51.9,57.8,44,0
2026-10-12T17:54:00,27.4,52.1,58.1,48,1
2026-10-12T17:55:00,24.9,52.0,58.1,35,1
2026-10-12T17:56:00,22.5,51.9,57.9,40,0
2026-10-12T17:57:00,24.1,54.1,57.9,34,0
2026-10-12T17:58:00,25.2,53.3,57.9,36,0
2026-10-12T17:59:00,27.2,52.8,58.1,36,0
2026-10-12T18:00:00,28.3,54.1,58.2,33,0
2026-10-12T18:01:00,26.5,53.7,58.1,36,1
2026-10-12T18:02:00,27.5,52.8,57.8,37,0
2026-10-12T18:03:00,29.4,53.5,57.9,29,1
2026-10-12T18:04:00,30.9,53.3,57.9,32,1
2026-10-12T18:05:00,30.9,53.5,57.8,37,0
2026-10-12T18:06:00,30.1,53.1,58.1,40,0
2026-10-12T18:07:00,26.9,53.4,58.0,39,0
2026-10-12T18:08:00,28.4,55.4,58.1,35,0
2026-10-12T18:09:00,29.3,55.0,58.1,46,1
2026-10-12T18:10:00,24.8,55.8,57.9,43,0
2026-10-12T18:11:00,26.8,54.7,57.9,,0
2026-10-12T18:12:00,27.6,53.6,57.9,46,0
2026-10-12T18:13:00,25.2,53.1,57.9,42,1
2026-10-12T18:14:00,23.9,52.9,57.8,44,0
2026-10-12T18:15:00,27.1,52.7,57.6,42,1
2026-10-12T18:16:00,23.5,51.7,57.7,46,0
2026-10-12T18:17:00,26.1,53.8,57.9,33,0
2026-10-12T18:18:00,25.9,54.5,58.0,38,0
2026-10-12T18:19:00,28.6,52.1,58.1,36,0
2026-10-12T18:20:00,27.4,53.2,58.0,34,0
2026-10-12T18:21:00,26.8,54.0,58.0,37,1
2026-10-12T18:22:00,26.3,52.1,57.9,24,0
2026-10-12T18:23:00,26.3,50.9,57.8,29,0
2026-10-12T18:24:00,26.3,49.9,57.6,27,1
2026-10-12T18:25:00,26.4,51.6,57.4,34,0
2026-10-12T18:26:00,25.7,51.9,57.6,36,0
2026-10-12T18:27:00,25.3,52.5,57.3,37,0
2026-10-12T18:28:00,24.3,49.8,57.4,46,1
2026-10-12T18:29:00,22.3,48.1,57.6,48,0
2026-10-12T18:30:00,23.1,49.7,57.8,36,0
2026-10-12T18:31:00,23.6,50.7,57.6,31,0
2026-10-12T18:32:00,25.4,50.8,57.9,38,0
2026-10-12T18:33:00,24.2,52.4,57.9,35,0
2026-10-12T18:34:00,23.4,51.3,57.9,38,0
2026-10-12T18:35:00,27.2,51.2,57.9,39,0
2026-10-12T18:36:00,25.8,52.0,57.9,42,0
2026-10-12T18:37:00,24.1,53.3,57.9,41,0
2026-10-12T18:38:00,22.5,52.5,57.9,43,0
2026-10-12T18:39:00,22.3,53.9,58.1,35,0
2026-10-12T18:40:00,21.8,54.2,57.9,31,0
2026-10-12T18:41:00,21.1,52.7,57.8,40,0
2026-10-12T18:42:00,24.8,54.1,57.8,42,1
2026-10-12T18:43:00,25.6,53.1,57.9,44,0
2026-10-12T18:44:00,26.0,52.9,57.8,42,0
2026-10-12T18:45:00,24.7,52.1,57.9,42,0
2026-10-12T18:46:00,28.3,52.6,57.8,42,0
2026-10-12T18:47:00,25.5,53.7,58.0,39,0
2026-10-12T18:48:00,24.5,52.9,57.9,45,0
2026-10-12T18:49:00,24.7,51.6,58.1,42,0
2026-10-12T18:50:00,24.1,51.9,58.5,43,0
2026-10-12T18:51:00,23.7,51.6,58.4,44,0
2026-10-12T18:52:00,23.7,50.5,58.1,39,0
2026-10-12T18:53:00,24.4,51.9,58.2,26,1
2026-10-12T18:54:00,23.7,51.8,58.0,25,2
2026-10-12T18:55:00,21.6,52.6,58.0,32,0
2026-10-12T18:56:00,22.5,53.4,57.8,27,0
2026-10-12T18:57:00,22.7,52.1,57.8,30,0
2026-10-12T18:58:00,24.4,51.8,57.8,37,0
2026-10-12T18:59:00,26.7,51.1,57.9,39,1
2026-10-12T19:00:00,26.7,53.3,58.2,41,0
2026-10-12T19:01:00,27.7,53.7,58.1,42,0
2026-10-12T19:02:00,24.4,54.1,58.1,37,0
2026-10-12T19:03:00,25.9,56.7,58.2,37,0
2026-10-12T19:04:00,25.1,55.5,58.0,31,2
2026-10-12T19:05:00,27.1,56.8,57.9,38,0
2026-10-12T19:06:00,25.4,56.7,57.7,48,0
2026-10-12T19:07:00,25.4,53.4,57.9,46,0
2026-10-12T19:08:00,23.1,51.7,57.8,45,0
2026-10-12T19:09:00,24.4,51.6,58.1,46,0
2026-10-12T19:10:00,23.4,51.9,57.8,41,0
2026-10-12T19:11:00,26.8,53.1,57.8,46,1
2026-10-12T19:12:00,23.8,52.8,58.1,37,0
2026-10-12T19:13:00,27.7,53.7,57.9,34,0
2026-10-12T19:14:00,28.9,54.8,58.0,36,0
2026-10-12T19:15:00,30.9,54.8,58.0,33,1
2026-10-12T19:16:00,28.7,53.3,58.0,30,0
2026-10-12T19:17:00,25.8,53.5,57.9,28,0
2026-10-12T19:18:00,23.1,51.4,57.8,33,0
2026-10-12T19:19:00,20.1,51.3,57.4,39,0
2026-10-12T19:20:00,23.2,53.2,57.5,40,0
2026-10-12T19:21:00,23.2,53.5,57.8,35,1
2026-10-12T19:22:00,22.4,53.7,57.7,44,0
2026-10-12T19:23:00,24.1,52.7,58.0,46,1
2026-10-12T19:24:00,23.6,51.4,58.2,50,0
2026-10-12T19:25:00,25.1,50.9,58.1,47,0
2026-10-12T19:26:00,23.2,52.3,58.1,49,0
2026-10-12T19:27:00,21.7,53.9,58.0,41,0
2026-10-12T19:28:00,23.5,53.6,58.0,40,1
2026-10-12T19:29:00,27.9,52.1,57.9,46,0
2026-10-12T19:30:00,24.7,52.3,57.7,38,1
2026-10-12T19:31:00,25.4,51.7,57.8,34,2
2026-10-12T19:32:00,24.2,52.9,57.8,28,0
2026-10-12T19:33:00,22.2,51.2,57.8,26,0
2026-10-12T19:34:00,24.0,53.6,58.1,23,0
2026-10-12T19:35:00,23.1,53.5,58.1,25,1
2026-10-12T19:36:00,23.1,52.7,58.1,32,0
2026-10-12T19:37:00,23.0,51.9,58.2,27,0
2026-10-12T19:38:00,22.3,50.8,58.2,33,1
2026-10-12T19:39:00,25.8,52.8,58.3,39,1
2026-10-12T19:40:00,24.9,54.3,58.0,39,0
2026-10-12T19:41:00,24.3,53.6,57.8,35,1
2026-10-12T19:42:00,25.0,55.8,58.2,37,0
2026-10-12T19:43:00,26.0,54.8,58.1,31,0
2026-10-12T19:44:00,25.8,53.8,58.1,36,0
2026-10-12T19:45:00,25.1,53.8,58.2,35,0
2026-10-12T19:46:00,24.4,51.9,58.0,40,0
2026-10-12T19:47:00,23.4,53.0,57.8,44,0
2026-10-12T19:48:00,24.3,54.0,57.7,49,0
2026-10-12T19:49:00,26.2,53.9,57.7,44,0
2026-10-12T19:50:00,26.0,54.1,57.9,40,0
2026-10-12T19:51:00,24.1,54.1,57.9,43,0
2026-10-12T19:52:00,27.3,54.6,58.2,44,0
2026-10-12T19:53:00,27.7,55.2,58.0,48,0
2026-10-12T19:54:00,23.5,55.2,57.7,51,0
2026-10-12T19:55:00,23.4,54.5,57.9,43,0
2026-10-12T19:56:00,25.3,53.4,58.0,44,0
2026-10-12T19:57:00,23.8,54.1,58.0,47,0
2026-10-12T19:58:00,21.8,53.2,57.9,41,0
2026-10-12T19:59:00,21.6,52.3,58.1,42,0
2026-10-12T20:00:00,21.6,52.3,58.2,44,1
2026-10-12T20:01:00,22.1,52.5,58.2,39,0
2026-10-12T20:02:00,,52.2,58.1,33,0
2026-10-12T20:03:00,23.4,52.2,,34,0
2026-10-12T20:04:00,23.8,53.8,58.0,34,0
2026-10-12T20:05:00,23.9,53.9,58.1,36,0
2026-10-12T20:06:00,24.7,54.6,58.2,37,0
2026-10-12T20:07:00,22.8,55.8,58.0,34,0
2026-10-12T20:08:00,22.9,54.9,57.9,35,0
2026-10-12T20:09:00,22.7,54.6,58.2,32,0
2026-10-12T20:10:00,23.6,55.5,58.1,35,1
2026-10-12T20:11:00,22.1,56.6,58.2,43,0
2026-10-12T20:12:00,24.0,54.2,58.3,46,0
2026-10-12T20:13:00,22.0,52.8,57.9,51,0
2026-10-12T20:14:00,22.9,54.8,58.1,55,0
2026-10-12T20:15:00,24.6,57.4,57.9,40,1
2026-10-12T20:16:00,23.0,55.4,57.9,46,1
2026-10-12T20:17:00,22.4,53.7,58.0,44,0
2026-10-12T20:18:00,23.0,54.9,58.0,40,0
2026-10-12T20:19:00,20.2,55.6,58.0,44,0
2026-10-12T20:20:00,19.9,56.5,57.7,40,0
2026-10-12T20:21:00,16.3,55.7,58.0,42,0
2026-10-12T20:22:00,17.4,54.5,58.2,41,1
2026-10-12T20:23:00,15.0,56.8,58.2,47,0
2026-10-12T20:24:00,14.8,54.7,57.9,42,1
2026-10-12T20:25:00,17.0,55.6,57.9,40,1
2026-10-12T20:26:00,18.4,54.8,57.8,46,0
2026-10-12T20:27:00,20.5,54.0,57.9,49,0
2026-10-12T20:28:00,22.1,52.6,57.7,48,0
2026-10-12T20:29:00,21.4,53.5,57.8,49,0
2026-10-12T20:30:00,20.4,53.1,58.0,42,0
2026-10-12T20:31:00,22.4,51.8,58.0,39,0
2026-10-12T20:32:00,23.9,53.6,57.9,41,0
2026-10-12T20:33:00,23.1,52.2,57.8,33,0
2026-10-12T20:34:00,22.1,53.3,57.9,32,1
2026-10-12T20:35:00,26.3,53.5,57.9,30,0
2026-10-12T20:36:00,26.9,53.2,57.6,29,0
2026-10-12T20:37:00,25.7,54.6,58.0,27,0
2026-10-12T20:38:00,24.0,53.9,57.9,35,0
2026-10-12T20:39:00,28.0,53.3,58.1,39,0
2026-10-12T20:40:00,26.7,52.2,57.5,41,0
2026-10-12T20:41:00,24.2,50.9,57.7,43,0
2026-10-12T20:42:00,23.4,50.3,57.7,43,0
2026-10-12T20:43:00,23.1,50.7,57.8,47,1
2026-10-12T20:44:00,22.9,51.6,57.8,42,0
2026-10-12T20:45:00,22.5,52.4,57.8,38,0
2026-10-12T20:46:00,26.3,52.5,57.7,33,0
2026-10-12T20:47:00,26.1,53.8,57.9,39,0
2026-10-12T20:48:00,27.6,51.2,58.0,38,0
2026-10-12T20:49:00,30.9,51.7,57.9,33,1
2026-10-12T20:50:00,29.3,49.0,57.7,35,3
2026-10-12T20:51:00,26.7,50.5,57.9,42,2
2026-10-12T20:52:00,29.2,49.8,57.8,42,0
2026-10-12T20:53:00,30.3,50.5,58.1,39,0
2026-10-12T20:54:00,26.2,51.3,57.8,34,1
2026-10-12T20:55:00,24.7,50.7,57.9,32,0
2026-10-12T20:56:00,21.5,50.9,57.9,24,0
2026-10-12T20:57:00,24.3,50.4,58.0,22,0
2026-10-12T20:58:00,26.0,51.9,57.9,38,0
2026-10-12T20:59:00,25.7,53.1,58.0,36,0
2026-10-12T21:00:00,25.3,53.0,58.1,38,0
2026-10-12T21:01:00,24.3,53.5,58.0,36,0
2026-10-12T21:02:00,26.8,53.1,58.0,42,0
2026-10-12T21:03:00,25.6,53.5,57.9,48,1
2026-10-12T21:04:00,22.2,53.6,58.0,33,0
2026-10-12T21:05:00,21.3,52.9,58.0,43,0
2026-10-12T21:06:00,21.1,51.7,58.0,49,0
2026-10-12T21:07:00,18.7,50.1,57.9,47,0
2026-10-12T21:08:00,16.8,49.9,57.9,49,0
2026-10-12T21:09:00,17.6,52.1,57.8,49,2
2026-10-12T21:10:00,20.9,52.9,57.8,38,0
2026-10-12T21:11:00,20.5,52.6,57.7,35,0
2026-10-12T21:12:00,24.8,52.5,57.6,33,0
2026-10-12T21:13:00,25.5,52.4,57.8,40,1
2026-10-12T21:14:00,29.5,53.6,58.0,44,0
2026-10-12T21:15:00,29.1,54.9,58.0,47,0
2026-10-12T21:16:00,29.7,53.9,58.0,45,0
2026-10-12T21:17:00,26.8,53.5,58.1,41,0
2026-10-12T21:18:00,27.0,54.5,58.1,49,0
2026-10-12T21:19:00,26.7,54.8,58.3,43,1
2026-10-12T21:20:00,27.9,54.8,58.2,37,1
2026-10-12T21:21:00,25.3,55.3,,43,1
2026-10-12T21:22:00,28.8,53.6,58.3,37,0
2026-10-12T21:23:00,25.0,53.8,58.0,29,0
2026-10-12T21:24:00,26.6,55.5,58.1,32,0
2026-10-12T21:25:00,29.6,56.3,58.1,21,0
2026-10-12T21:26:00,30.5,57.3,58.1,22,0
2026-10-12T21:27:00,28.6,56.7,58.0,23,0
2026-10-12T21:28:00,26.8,56.6,58.0,23,0
2026-10-12T21:29:00,23.9,56.2,58.0,16,0
2026-10-12T21:30:00,24.2,53.6,58.0,17,2
2026-10-12T21:31:00,21.6,51.5,58.1,17,0
2026-10-12T21:32:00,22.9,52.5,58.1,19,0
2026-10-12T21:33:00,25.1,52.1,58.1,26,0
2026-10-12T21:34:00,24.6,53.9,58.1,28,0
2026-10-12T21:35:00,25.4,54.2,58.2,34,1
2026-10-12T21:36:00,27.1,53.6,58.3,38,0
2026-10-12T21:37:00,28.7,54.2,58.4,35,1
2026-10-12T21:38:00,27.7,52.7,58.4,33,1
2026-10-12T21:39:00,26.7,51.8,58.2,37,0
2026-10-12T21:40:00,21.1,51.5,58.1,40,0
2026-10-12T21:41:00,22.5,51.0,58.2,28,2
2026-10-12T21:42:00,23.1,51.2,58.0,25,0
2026-10-12T21:43:00,24.1,53.6,58.0,30,0
2026-10-12T21:44:00,24.6,53.7,58.0,32,0
2026-10-12T21:45:00,25.3,54.9,58.2,39,1
2026-10-12T21:46:00,28.1,52.8,58.1,30,0
2026-10-12T21:47:00,28.9,53.2,58.1,30,1
2026-10-12T21:48:00,29.1,52.4,58.1,36,0
2026-10-12T21:49:00,29.6,53.4,57.9,40,0
2026-10-12T21:50:00,27.9,54.5,58.0,37,0
2026-10-12T21:51:00,22.8,54.5,58.2,33,0
2026-10-12T21:52:00,24.7,55.5,58.4,44,0
2026-10-12T21:53:00,24.5,56.7,58.1,44,1
2026-10-12T21:54:00,26.6,55.4,58.0,43,1
2026-10-12T21:55:00,28.1,54.8,58.3,38,1
2026-10-12T21:56:00,27.5,56.5,58.1,40,0
2026-10-12T21:57:00,22.6,55.8,58.1,40,0
2026-10-12T21:58:00,21.5,54.2,58.1,35,2
2026-10-12T21:59:00,22.7,54.8,58.2,36,1
2026-10-12T22:00:00,19.8,55.4,58.2,39,0
2026-10-12T22:01:00,22.9,54.1,58.1,33,1
2026-10-12T22:02:00,24.4,52.6,58.2,35,1
2026-10-12T22:03:00,24.2,52.6,58.1,31,0
2026-10-12T22:04:00,24.0,52.4,57.8,36,0
2026-10-12T22:05:00,22.6,52.2,58.1,32,3
2026-10-12T22:06:00,26.0,53.5,58.2,45,2
2026-10-12T22:07:00,26.6,51.4,58.0,49,1
2026-10-12T22:08:00,25.7,53.4,58.0,44,0
2026-10-12T22:09:00,28.0,54.6,58.2,40,1
2026-10-12T22:10:00,30.7,53.2,58.3,43,0
2026-10-12T22:11:00,29.8,53.2,57.8,38,0
2026-10-12T22:12:00,28.9,53.4,57.7,29,0
2026-10-12T22:13:00,28.5,53.8,57.8,31,0
2026-10-12T22:14:00,23.0,53.4,57.7,29,1
2026-10-12T22:15:00,25.0,54.4,57.7,34,2
2026-10-12T22:16:00,24.4,54.5,57.5,36,0
2026-10-12T22:17:00,20.8,55.2,57.4,36,1
2026-10-12T22:18:00,23.8,54.3,57.7,30,2
2026-10-12T22:19:00,24.7,53.1,57.8,27,0
2026-10-12T22:20:00,23.6,53.8,57.8,32,0
2026-10-12T22:21:00,24.3,54.6,57.8,30,1
2026-10-12T22:22:00,25.1,55.3,57.7,33,0
2026-10-12T22:23:00,24.5,53.0,57.5,27,3
2026-10-12T22:24:00,27.5,52.0,57.7,31,1
2026-10-12T22:25:00,31.7,50.5,57.9,34,0
2026-10-12T22:26:00,28.8,51.5,58.0,36,1
2026-10-12T22:27:00,27.4,50.8,58.0,33,1
2026-10-12T22:28:00,27.4,53.5,58.0,39,1
2026-10-12T22:29:00,25.4,54.1,57.7,41,1
2026-10-12T22:30:00,27.0,53.2,57.7,43,0
2026-10-12T22:31:00,29.1,52.1,57.8,45,0
2026-10-12T22:32:00,25.6,51.4,57.9,53,0
2026-10-12T22:33:00,25.0,51.7,57.8,54,0
2026-10-12T22:34:00,28.7,51.6,57.7,42,0
2026-10-12T22:35:00,27.0,51.6,57.8,46,0
2026-10-12T22:36:00,22.1,51.6,57.8,41,1
2026-10-12T22:37:00,21.3,51.6,57.9,37,0
2026-10-12T22:38:00,23.7,53.7,57.7,34,0
2026-10-12T22:39:00,21.7,54.4,57.7,36,2
2026-10-12T22:40:00,21.8,53.5,57.9,34,0
2026-10-12T22:41:00,24.1,52.9,58.1,31,1
2026-10-12T22:42:00,25.1,54.7,58.0,36,1
2026-10-12T22:43:00,24.9,54.0,58.0,38,0
2026-10-12T22:44:00,26.3,54.6,58.0,32,0
2026-10-12T22:45:00,27.0,55.6,58.1,41,1
2026-10-12T22:46:00,25.6,56.0,58.0,46,0
2026-10-12T22:47:00,26.2,55.5,57.7,,0
2026-10-12T22:48:00,25.0,56.3,57.4,45,1
2026-10-12T22:49:00,25.0,55.4,57.4,35,2
2026-10-12T22:50:00,25.5,55.7,57.5,33,0
2026-10-12T22:51:00,25.9,54.9,57.9,38,0
2026-10-12T22:52:00,29.0,53.9,57.8,35,2
2026-10-12T22:53:00,30.8,54.3,57.8,27,0
2026-10-12T22:54:00,28.2,54.2,57.8,27,2
2026-10-12T22:55:00,26.5,54.6,58.0,30,0
2026-10-12T22:56:00,26.8,55.1,58.0,33,0
2026-10-12T22:57:00,29.2,55.9,58.0,35,1
2026-10-12T22:58:00,29.3,56.1,57.6,31,0
2026-10-12T22:59:00,28.0,56.4,57.7,35,2
2026-10-12T23:00:00,28.9,55.6,57.5,41,3
2026-10-12T23:01:00,30.2,54.3,57.6,41,2
2026-10-12T23:02:00,31.9,52.9,58.0,47,3
2026-10-12T23:03:00,37.0,52.0,58.1,58,0
2026-10-12T23:04:00,40.5,52.3,57.9,65,1
2026-10-12T23:05:00,43.6,53.3,58.2,70,0
2026-10-12T23:06:00,42.6,52.2,58.2,71,1
2026-10-12T23:07:00,40.5,52.9,58.1,70,2
2026-10-12T23:08:00,43.3,52.5,58.2,71,0
2026-10-12T23:09:00,44.0,51.8,58.1,74,0
2026-10-12T23:10:00,40.7,52.6,57.9,71,1
2026-10-12T23:11:00,41.7,51.7,57.9,70,0
2026-10-12T23:12:00,43.9,52.9,58.0,71,1
2026-10-12T23:13:00,42.1,52.0,58.2,60,1
2026-10-12T23:14:00,41.5,53.4,58.2,57,2
2026-10-12T23:15:00,40.9,53.8,58.2,55,0
2026-10-12T23:16:00,40.1,52.7,57.9,57,1
2026-10-12T23:17:00,40.6,52.4,58.1,50,1
2026-10-12T23:18:00,41.2,53.6,58.1,48,0
2026-10-12T23:19:00,37.6,52.1,58.5,48,1
2026-10-12T23:20:00,38.6,53.3,58.3,47,2
2026-10-12T23:21:00,37.4,52.6,58.1,57,1
2026-10-12T23:22:00,34.8,52.6,57.6,52,1
2026-10-12T23:23:00,33.0,54.0,57.6,55,2
2026-10-12T23:24:00,33.8,53.8,57.4,55,1
2026-10-12T23:25:00,35.4,54.8,57.7,58,2
2026-10-12T23:26:00,35.5,54.1,57.6,68,0
2026-10-12T23:27:00,36.6,54.5,57.8,66,3
2026-10-12T23:28:00,38.3,54.8,58.0,66,0
2026-10-12T23:29:00,40.2,52.9,57.9,66,1
2026-10-12T23:30:00,41.4,52.8,57.9,62,2
2026-10-12T23:31:00,42.2,51.3,58.0,59,1
2026-10-12T23:32:00,44.1,53.2,58.1,63,0
2026-10-12T23:33:00,44.9,53.1,58.3,73,2
2026-10-12T23:34:00,40.4,51.1,,73,1
2026-10-12T23:35:00,40.5,52.2,58.2,67,1
2026-10-12T23:36:00,39.2,52.8,57.9,62,3
2026-10-12T23:37:00,34.1,53.3,57.8,56,3
2026-10-12T23:38:00,32.4,52.1,57.6,38,2
2026-10-12T23:39:00,29.2,51.8,57.2,34,3
2026-10-12T23:40:00,26.3,52.2,57.3,31,1
2026-10-12T23:41:00,28.9,51.2,57.7,34,2
2026-10-12T23:42:00,30.8,51.6,57.8,35,0
2026-10-12T23:43:00,29.3,51.4,57.4,29,1
2026-10-12T23:44:00,29.3,51.6,57.3,29,0
2026-10-12T23:45:00,,51.4,57.3,29,2
2026-10-12T23:46:00,31.2,51.5,57.7,35,3
2026-10-12T23:47:00,31.0,50.6,57.3,36,1
2026-10-12T23:48:00,28.4,52.3,57.5,42,1
2026-10-12T23:49:00,29.6,51.7,57.5,38,2
2026-10-12T23:50:00,27.1,51.1,57.6,37,2
2026-10-12T23:51:00,25.0,51.6,57.6,43,0
2026-10-12T23:52:00,24.3,52.5,57.6,36,1
2026-10-12T23:53:00,26.5,52.9,57.6,42,0
2026-10-12T23:54:00,25.3,53.9,57.5,35,0
2026-10-12T23:55:00,28.3,54.5,57.8,36,1
2026-10-12T23:56:00,26.9,52.5,57.8,40,1
2026-10-12T23:57:00,26.4,54.2,58.2,44,0
2026-10-12T23:58:00,25.2,53.5,58.1,43,1
2026-10-12T23:59:00,19.9,52.5,58.1,46,1
2026-10-13T00:00:00,24.2,53.2,57.9,47,4
2026-10-13T00:01:00,24.4,53.0,57.7,49,2
2026-10-13T00:02:00,24.6,53.6,57.8,46,1
2026-10-13T00:03:00,29.5,55.1,57.6,46,1
2026-10-13T00:04:00,29.1,53.8,57.7,53,2
2026-10-13T00:05:00,25.4,53.8,57.7,47,2
2026-10-13T00:06:00,23.3,52.5,58.0,43,0
2026-10-13T00:07:00,23.2,52.7,57.8,50,1
2026-10-13T00:08:00,24.0,52.8,57.8,47,3
2026-10-13T00:09:00,22.5,53.2,57.7,50,0
2026-10-13T00:10:00,21.7,53.0,57.9,53,0
2026-10-13T00:11:00,21.4,53.0,57.8,56,1
2026-10-13T00:12:00,22.0,53.0,57.8,52,0
2026-10-13T00:13:00,21.1,52.9,58.0,53,1
2026-10-13T00:14:00,22.9,52.9,57.7,53,0
2026-10-13T00:15:00,22.2,50.6,57.7,51,4
2026-10-13T00:16:00,22.3,50.9,57.7,43,1
2026-10-13T00:17:00,26.4,53.2,57.7,45,5
2026-10-13T00:18:00,28.5,53.7,57.9,40,2
2026-10-13T00:19:00,24.6,53.3,58.0,44,2
2026-10-13T00:20:00,26.4,53.6,58.1,36,4
2026-10-13T00:21:00,28.2,51.4,58.2,36,2
2026-10-13T00:22:00,26.4,52.2,58.3,33,0
2026-10-13T00:23:00,27.1,52.1,58.1,27,2
2026-10-13T00:24:00,28.9,50.4,58.0,34,0
2026-10-13T00:25:00,29.9,51.2,58.1,41,0
2026-10-13T00:26:00,33.2,52.2,58.2,34,2
2026-10-13T00:27:00,30.1,53.5,58.0,36,0
2026-10-13T00:28:00,31.4,52.4,57.9,38,1
2026-10-13T00:29:00,32.9,51.6,57.9,41,0
2026-10-13T00:30:00,29.6,50.5,57.7,50,0
2026-10-13T00:31:00,29.9,52.0,57.9,51,1
2026-10-13T00:32:00,29.5,52.7,57.7,57,1
2026-10-13T00:33:00,27.0,51.9,57.8,45,1
2026-10-13T00:34:00,26.3,52.8,57.9,50,0
2026-10-13T00:35:00,24.9,52.7,58.2,47,3
2026-10-13T00:36:00,,52.9,58.2,41,0
2026-10-13T00:37:00,27.9,52.1,58.3,47,2
2026-10-13T00:38:00,25.4,52.5,58.4,35,2
2026-10-13T00:39:00,25.7,52.4,58.2,41,0
2026-10-13T00:40:00,26.9,53.5,57.8,39,3
2026-10-13T00:41:00,22.6,53.6,57.7,44,1
2026-10-13T00:42:00,24.1,52.9,58.0,43,0
2026-10-13T00:43:00,23.8,51.6,58.3,42,1
2026-10-13T00:44:00,27.1,51.1,58.2,36,1
2026-10-13T00:45:00,27.6,51.5,58.2,39,3
2026-10-13T00:46:00,27.8,51.9,58.0,38,2
2026-10-13T00:47:00,26.8,53.6,57.8,42,0
2026-10-13T00:48:00,29.8,54.5,58.0,36,0
2026-10-13T00:49:00,32.3,55.7,57.9,28,0
2026-10-13T00:50:00,27.8,55.6,57.9,27,1
2026-10-13T00:51:00,28.1,53.8,57.7,29,1
2026-10-13T00:52:00,29.6,52.0,58.0,35,0
2026-10-13T00:53:00,27.3,52.1,58.0,31,5
2026-10-13T00:54:00,29.8,53.0,58.2,36,1
2026-10-13T00:55:00,29.0,52.3,58.3,33,0
2026-10-13T00:56:00,25.7,52.8,58.6,35,3
2026-10-13T00:57:00,24.3,51.1,58.7,31,1
2026-10-13T00:58:00,22.0,50.7,58.4,37,1
2026-10-13T00:59:00,28.6,51.8,58.2,32,1
2026-10-13T01:00:00,29.7,54.2,58.1,28,1
2026-10-13T01:01:00,28.5,53.3,58.0,31,1
2026-10-13T01:02:00,27.6,52.3,57.8,32,3
2026-10-13T01:03:00,26.1,52.8,57.7,37,3
2026-10-13T01:04:00,27.2,52.3,57.9,46,
2026-10-13T01:05:00,32.6,53.3,58.0,45,1
2026-10-13T01:06:00,28.1,53.0,58.2,42,0
2026-10-13T01:07:00,25.9,54.2,58.0,38,1
2026-10-13T01:08:00,23.6,54.6,58.2,38,2
2026-10-13T01:09:00,25.8,52.9,57.9,40,1
2026-10-13T01:10:00,29.9,53.5,57.9,34,1
2026-10-13T01:11:00,30.8,53.0,58.0,40,2
2026-10-13T01:12:00,27.0,53.8,58.1,43,2
2026-10-13T01:13:00,30.0,54.0,58.2,39,1
2026-10-13T01:14:00,26.3,53.3,58.3,44,0
2026-10-13T01:15:00,24.7,51.2,58.2,43,1
2026-10-13T01:16:00,27.5,53.8,58.1,45,
2026-10-13T01:17:00,29.9,52.8,58.1,47,1
2026-10-13T01:18:00,28.8,53.5,58.1,46,5
2026-10-13T01:19:00,29.0,52.7,57.9,43,1
2026-10-13T01:20:00,28.2,53.0,58.2,43,1
2026-10-13T01:21:00,28.7,51.4,58.1,40,2
2026-10-13T01:22:00,27.4,51.7,58.1,27,2
2026-10-13T01:23:00,24.1,53.9,58.3,36,2
2026-10-13T01:24:00,26.9,52.4,58.0,34,2
2026-10-13T01:25:00,25.6,52.7,58.3,36,1
2026-10-13T01:26:00,28.1,52.2,58.2,41,2
2026-10-13T01:27:00,25.2,54.2,58.1,46,3
2026-10-13T01:28:00,25.4,54.9,57.8,48,1
2026-10-13T01:29:00,29.7,55.5,58.1,49,2
2026-10-13T01:30:00,27.6,54.8,58.2,37,0
2026-10-13T01:31:00,26.6,54.4,57.8,36,0
2026-10-13T01:32:00,25.7,55.4,57.9,33,1
2026-10-13T01:33:00,25.1,54.1,58.0,38,2
2026-10-13T01:34:00,27.8,55.3,58.1,41,1
2026-10-13T01:35:00,25.9,55.6,58.1,41,2
2026-10-13T01:36:00,24.4,53.7,58.0,42,5
2026-10-13T01:37:00,27.2,54.2,58.0,42,1
2026-10-13T01:38:00,28.7,54.9,57.7,49,2
2026-10-13T01:39:00,28.4,54.3,57.8,,2
2026-10-13T01:40:00,27.9,52.7,58.2,47,1
2026-10-13T01:41:00,26.4,52.0,58.2,39,3
2026-10-13T01:42:00,27.9,51.6,58.3,36,1
2026-10-13T01:43:00,27.7,52.8,58.2,35,0
2026-10-13T01:44:00,25.6,50.6,58.2,36,0
2026-10-13T01:45:00,28.7,50.4,58.1,41,1
2026-10-13T01:46:00,26.6,51.6,58.2,42,1
2026-10-13T01:47:00,27.3,51.6,57.9,30,2
2026-10-13T01:48:00,26.9,52.6,57.9,32,2
2026-10-13T01:49:00,26.4,54.1,57.8,33,1
2026-10-13T01:50:00,24.9,55.2,57.9,33,4
2026-10-13T01:51:00,26.1,55.5,58.0,28,3
2026-10-13T01:52:00,27.6,55.0,58.1,38,1
2026-10-13T01:53:00,24.4,53.2,58.2,50,1
2026-10-13T01:54:00,24.5,52.4,58.1,47,2
2026-10-13T01:55:00,25.9,52.6,58.2,45,1
2026-10-13T01:56:00,24.4,53.7,58.0,37,2
2026-10-13T01:57:00,25.1,55.6,57.7,36,2
2026-10-13T01:58:00,26.0,56.6,57.5,34,1
2026-10-13T01:59:00,25.1,54.3,57.7,27,1
2026-10-13T02:00:00,25.4,53.6,57.9,26,1
2026-10-13T02:01:00,26.1,52.2,58.0,27,0
2026-10-13T02:02:00,26.2,50.6,58.0,31,0
2026-10-13T02:03:00,25.1,51.7,58.0,33,0
2026-10-13T02:04:00,22.5,52.6,58.0,27,0
2026-10-13T02:05:00,21.5,53.0,58.2,32,0
2026-10-13T02:06:00,22.0,53.2,58.3,38,0
2026-10-13T02:07:00,22.8,54.3,58.3,34,0
2026-10-13T02:08:00,24.8,55.8,58.0,39,0
2026-10-13T02:09:00,28.6,54.6,58.0,31,0
2026-10-13T02:10:00,32.0,53.2,58.2,32,0
2026-10-13T02:11:00,31.8,52.9,58.3,24,0
2026-10-13T02:12:00,30.4,55.3,58.2,29,0
2026-10-13T02:13:00,29.2,53.8,58.1,33,0
2026-10-13T02:14:00,25.0,53.1,58.2,33,0
2026-10-13T02:15:00,21.5,52.9,58.2,35,1
2026-10-13T02:16:00,23.0,52.0,58.2,32,0
2026-10-13T02:17:00,25.7,52.2,58.4,38,0
2026-10-13T02:18:00,28.0,48.6,58.3,43,0
2026-10-13T02:19:00,27.8,48.3,58.2,45,0
2026-10-13T02:20:00,28.5,50.4,58.0,45,0
2026-10-13T02:21:00,21.7,50.6,57.7,43,1
2026-10-13T02:22:00,25.1,51.5,57.9,39,0
2026-10-13T02:23:00,26.4,52.1,58.1,36,1
2026-10-13T02:24:00,24.5,51.8,58.4,35,0
2026-10-13T02:25:00,22.8,53.8,58.1,39,0
2026-10-13T02:26:00,24.5,54.7,58.0,35,0
2026-10-13T02:27:00,23.2,51.8,58.0,35,0
2026-10-13T02:28:00,24.7,52.2,58.1,37,0
2026-10-13T02:29:00,27.6,51.6,57.7,44,0
2026-10-13T02:30:00,27.8,53.4,57.8,38,1
2026-10-13T02:31:00,25.6,53.8,58.0,36,0
2026-10-13T02:32:00,24.9,53.7,58.0,38,1
2026-10-13T02:33:00,23.6,53.1,57.9,32,0
2026-10-13T02:34:00,24.2,52.1,57.7,37,0
2026-10-13T02:35:00,26.2,52.9,57.8,36,0
2026-10-13T02:36:00,25.1,52.7,57.9,38,0
2026-10-13T02:37:00,26.3,54.8,57.8,36,0
2026-10-13T02:38:00,22.8,56.3,58.3,34,1
2026-10-13T02:39:00,21.2,53.5,58.3,40,0
2026-10-13T02:40:00,19.8,52.7,58.3,41,0
2026-10-13T02:41:00,19.6,52.9,58.3,45,0
2026-10-13T02:42:00,19.6,53.9,58.2,44,0
2026-10-13T02:43:00,18.3,54.4,58.1,45,2
2026-10-13T02:44:00,19.4,54.7,58.2,39,2
2026-10-13T02:45:00,17.5,53.1,58.2,34,0
2026-10-13T02:46:00,20.1,53.1,58.7,30,0
2026-10-13T02:47:00,19.1,54.4,58.6,31,0
2026-10-13T02:48:00,21.2,54.6,58.4,38,0
2026-10-13T02:49:00,22.9,55.2,57.9,37,0
2026-10-13T02:50:00,24.4,51.4,58.1,45,0
2026-10-13T02:51:00,26.3,51.5,58.1,45,0
2026-10-13T02:52:00,28.2,51.5,57.8,43,0
2026-10-13T02:53:00,26.6,51.1,57.9,45,1
2026-10-13T02:54:00,25.0,52.2,58.0,42,0
2026-10-13T02:55:00,26.6,52.7,57.9,39,0
2026-10-13T02:56:00,26.7,53.4,58.0,37,0
2026-10-13T02:57:00,24.1,51.7,58.0,38,0
2026-10-13T02:58:00,20.9,51.4,58.0,41,0
2026-10-13T02:59:00,18.8,50.3,58.1,44,0
2026-10-13T03:00:00,19.2,51.4,58.2,41,0
2026-10-13T03:01:00,17.8,52.1,58.1,39,1
2026-10-13T03:02:00,15.8,52.5,58.2,36,2
2026-10-13T03:03:00,17.9,52.3,58.2,44,0
2026-10-13T03:04:00,22.4,53.6,58.2,45,0
2026-10-13T03:05:00,24.1,54.7,58.2,42,0
2026-10-13T03:06:00,19.7,54.7,58.1,40,0
2026-10-13T03:07:00,16.5,53.0,58.1,41,0
2026-10-13T03:08:00,17.7,53.5,57.9,43,0
2026-10-13T03:09:00,20.4,52.8,57.9,41,0
2026-10-13T03:10:00,21.0,53.3,58.0,41,0
2026-10-13T03:11:00,21.0,53.9,58.2,36,0
2026-10-13T03:12:00,24.4,54.1,58.2,29,0
2026-10-13T03:13:00,23.3,53.8,58.2,24,1
2026-10-13T03:14:00,24.5,53.4,58.1,34,0
2026-10-13T03:15:00,22.4,53.6,57.9,31,1
2026-10-13T03:16:00,21.3,53.0,58.1,30,0
2026-10-13T03:17:00,20.6,53.0,58.0,29,1
2026-10-13T03:18:00,15.3,52.3,58.0,31,0
2026-10-13T03:19:00,15.4,51.7,57.7,29,1
2026-10-13T03:20:00,15.7,54.6,57.7,35,0
2026-10-13T03:21:00,18.7,54.2,57.8,28,0
2026-10-13T03:22:00,18.4,55.1,57.9,28,0
2026-10-13T03:23:00,24.9,53.1,58.0,33,0
2026-10-13T03:24:00,25.8,54.5,57.7,38,0
2026-10-13T03:25:00,24.6,53.7,57.5,42,0
2026-10-13T03:26:00,26.3,52.5,57.8,37,0
2026-10-13T03:27:00,24.8,52.3,57.5,38,
2026-10-13T03:28:00,25.4,52.8,57.8,31,0
2026-10-13T03:29:00,22.1,51.2,57.6,41,0
2026-10-13T03:30:00,23.7,52.4,57.7,38,0
2026-10-13T03:31:00,26.8,52.9,57.9,34,0
2026-10-13T03:32:00,24.6,53.0,58.3,27,0
2026-10-13T03:33:00,22.6,52.4,58.3,13,0
2026-10-13T03:34:00,23.1,54.1,58.3,17,1
2026-10-13T03:35:00,27.3,53.5,57.9,17,0
2026-10-13T03:36:00,23.9,52.6,58.1,19,0
2026-10-13T03:37:00,26.0,54.1,57.9,20,0
2026-10-13T03:38:00,25.2,53.4,57.7,20,0
2026-10-13T03:39:00,22.4,52.6,57.3,21,1
2026-10-13T03:40:00,23.3,53.1,57.5,22,0
2026-10-13T03:41:00,25.0,53.3,57.3,31,0
2026-10-13T03:42:00,28.3,53.3,57.6,31,0
2026-10-13T03:43:00,29.3,54.3,57.4,34,0
2026-10-13T03:44:00,29.8,55.4,57.6,31,0
2026-10-13T03:45:00,31.0,55.7,57.9,31,0
2026-10-13T03:46:00,31.4,55.0,57.9,25,0
2026-10-13T03:47:00,26.6,54.8,57.6,29,0
2026-10-13T03:48:00,26.4,57.5,58.0,31,0
2026-10-13T03:49:00,28.5,55.2,58.0,30,0
2026-10-13T03:50:00,27.3,54.4,58.0,28,0
2026-10-13T03:51:00,26.3,54.6,58.0,36,0
2026-10-13T03:52:00,26.2,55.0,58.2,39,0
2026-10-13T03:53:00,31.1,54.6,58.3,41,0
2026-10-13T03:54:00,30.9,55.1,58.1,43,0
2026-10-13T03:55:00,28.5,52.8,58.0,44,0
2026-10-13T03:56:00,28.0,51.8,58.2,38,1
2026-10-13T03:57:00,29.8,51.1,58.0,40,0
2026-10-13T03:58:00,27.1,52.5,58.0,40,0
2026-10-13T03:59:00,25.7,51.0,58.2,42,0
2026-10-13T04:00:00,23.8,51.9,58.5,41,0
2026-10-13T04:01:00,25.8,50.6,58.4,33,0
2026-10-13T04:02:00,23.0,51.2,58.5,45,
2026-10-13T04:03:00,22.4,52.0,58.1,54,0
2026-10-13T04:04:00,20.8,52.5,58.2,55,0
2026-10-13T04:05:00,21.9,52.9,57.9,45,0
2026-10-13T04:06:00,21.2,54.0,57.8,46,0
2026-10-13T04:07:00,22.7,52.2,57.8,49,1
2026-10-13T04:08:00,23.8,53.3,58.0,49,1
2026-10-13T04:09:00,26.9,52.1,57.9,48,0
2026-10-13T04:10:00,27.8,51.8,57.9,38,0
2026-10-13T04:11:00,28.7,55.3,57.9,33,0
2026-10-13T04:12:00,26.7,55.3,57.9,31,0
2026-10-13T04:13:00,26.4,53.5,58.0,28,0
2026-10-13T04:14:00,25.3,51.0,57.9,36,1
2026-10-13T04:15:00,25.1,50.3,57.8,38,1
2026-10-13T04:16:00,25.0,51.7,57.9,34,0
2026-10-13T04:17:00,28.2,51.0,57.7,36,0
2026-10-13T04:18:00,25.3,53.0,57.6,35,1
2026-10-13T04:19:00,25.2,55.7,57.9,36,0
2026-10-13T04:20:00,21.8,56.2,58.0,37,0
2026-10-13T04:21:00,20.2,53.9,58.0,38,0
2026-10-13T04:22:00,19.9,54.5,58.0,39,0
2026-10-13T04:23:00,19.9,52.5,58.0,44,1
2026-10-13T04:24:00,21.8,54.0,57.7,36,0
2026-10-13T04:25:00,23.3,53.8,57.6,33,0
2026-10-13T04:26:00,24.0,52.0,58.1,33,0
2026-10-13T04:27:00,23.1,53.4,57.8,35,0
2026-10-13T04:28:00,22.3,53.3,58.0,44,0
2026-10-13T04:29:00,23.3,53.7,57.7,43,0
2026-10-13T04:30:00,22.2,54.1,57.9,50,0
2026-10-13T04:31:00,21.3,56.5,58.0,37,0
2026-10-13T04:32:00,20.8,55.2,57.9,38,0
2026-10-13T04:33:00,22.7,55.3,57.9,33,0
2026-10-13T04:34:00,20.2,54.6,58.0,31,0
2026-10-13T04:35:00,23.4,55.9,58.1,27,1
2026-10-13T04:36:00,22.5,55.0,58.0,29,0
2026-10-13T04:37:00,22.6,53.9,58.0,27,0
2026-10-13T04:38:00,22.0,53.2,57.9,25,0
2026-10-13T04:39:00,18.7,54.4,58.0,25,0
2026-10-13T04:40:00,17.4,53.8,58.3,34,0
2026-10-13T04:41:00,23.4,54.8,58.4,37,0
2026-10-13T04:42:00,24.0,54.0,58.3,41,0
2026-10-13T04:43:00,27.3,54.2,58.2,40,0
2026-10-13T04:44:00,28.3,52.4,58.1,46,0
2026-10-13T04:45:00,24.7,51.9,58.3,43,0
2026-10-13T04:46:00,22.2,50.5,58.3,42,0
2026-10-13T04:47:00,25.1,51.5,58.4,43,0
2026-10-13T04:48:00,25.4,53.2,57.8,38,0
2026-10-13T04:49:00,25.9,52.4,58.0,32,0
2026-10-13T04:50:00,27.4,52.6,57.9,30,0
2026-10-13T04:51:00,23.7,53.9,58.0,30,0
2026-10-13T04:52:00,22.4,54.5,58.2,18,0
2026-10-13T04:53:00,21.3,54.8,58.0,13,0
2026-10-13T04:54:00,21.8,53.3,57.8,14,0
2026-10-13T04:55:00,21.8,51.8,57.8,22,0
2026-10-13T04:56:00,22.3,53.1,57.9,28,0
2026-10-13T04:57:00,22.0,51.1,57.6,22,0
2026-10-13T04:58:00,21.5,52.1,57.9,17,0
2026-10-13T04:59:00,22.5,52.7,57.8,21,1
2026-10-13T05:00:00,20.5,51.8,57.6,24,1
2026-10-13T05:01:00,23.0,52.7,57.8,24,0
2026-10-13T05:02:00,21.5,51.9,58.0,32,0
2026-10-13T05:03:00,21.2,55.3,57.9,31,1
2026-10-13T05:04:00,23.4,54.8,57.8,31,0
2026-10-13T05:05:00,24.5,52.3,57.9,37,0
2026-10-13T05:06:00,24.6,52.6,58.1,40,1
2026-10-13T05:07:00,23.3,52.4,58.0,41,2
2026-10-13T05:08:00,22.6,52.3,58.4,40,1
2026-10-13T05:09:00,27.3,52.5,58.2,37,0
2026-10-13T05:10:00,26.9,53.7,58.1,40,0
2026-10-13T05:11:00,29.4,53.5,58.0,31,1
2026-10-13T05:12:00,28.2,54.4,57.8,29,0
2026-10-13T05:13:00,29.1,52.5,58.0,30,0
2026-10-13T05:14:00,24.4,52.0,57.9,39,0
2026-10-13T05:15:00,24.1,52.0,58.0,45,0
2026-10-13T05:16:00,23.5,51.2,57.8,37,0
2026-10-13T05:17:00,24.3,51.0,57.7,42,0
2026-10-13T05:18:00,23.2,51.4,58.1,36,0
2026-10-13T05:19:00,20.3,52.5,57.8,50,0
2026-10-13T05:20:00,21.2,53.4,57.8,47,0
2026-10-13T05:21:00,21.1,53.3,57.7,42,1
2026-10-13T05:22:00,21.3,54.6,57.8,37,0
2026-10-13T05:23:00,25.8,54.1,57.8,42,0
2026-10-13T05:24:00,25.9,55.1,57.8,40,0
2026-10-13T05:25:00,22.1,54.1,57.9,44,0
2026-10-13T05:26:00,21.4,54.3,57.9,38,0
2026-10-13T05:27:00,20.2,52.6,57.9,35,1
2026-10-13T05:28:00,22.1,52.8,58.0,42,0
2026-10-13T05:29:00,24.2,54.6,58.0,43,0
2026-10-13T05:30:00,22.0,55.3,58.3,46,0
2026-10-13T05:31:00,21.4,55.2,58.2,41,0
2026-10-13T05:32:00,21.7,53.3,58.1,46,0
2026-10-13T05:33:00,22.4,53.0,57.9,45,0
2026-10-13T05:34:00,27.2,52.7,58.1,50,0
2026-10-13T05:35:00,26.4,53.1,58.5,47,0
2026-10-13T05:36:00,27.7,52.6,58.6,46,0
2026-10-13T05:37:00,28.6,53.6,58.6,45,
2026-10-13T05:38:00,28.1,53.6,58.4,47,1
2026-10-13T05:39:00,27.1,54.4,58.2,49,0
2026-10-13T05:40:00,28.3,53.1,58.1,46,0
2026-10-13T05:41:00,29.8,52.8,58.2,42,1
2026-10-13T05:42:00,30.2,53.3,57.8,50,0
2026-10-13T05:43:00,26.5,54.0,57.6,42,0
2026-10-13T05:44:00,27.0,53.4,57.7,39,0
2026-10-13T05:45:00,22.6,53.7,57.9,40,0
2026-10-13T05:46:00,24.3,53.1,57.8,43,0
2026-10-13T05:47:00,24.5,54.6,58.1,45,0
2026-10-13T05:48:00,25.9,54.9,58.1,50,2
2026-10-13T05:49:00,27.9,55.3,57.8,50,0
2026-10-13T05:50:00,22.8,56.9,57.8,44,0
2026-10-13T05:51:00,21.4,58.2,57.8,34,0
2026-10-13T05:52:00,22.0,55.5,58.1,36,0
2026-10-13T05:53:00,23.8,55.5,58.1,34,0
2026-10-13T05:54:00,22.7,56.5,58.0,35,0
2026-10-13T05:55:00,22.6,56.7,57.5,39,0
2026-10-13T05:56:00,26.3,57.1,57.4,40,0
2026-10-13T05:57:00,25.8,54.2,57.6,33,1
2026-10-13T05:58:00,22.6,53.6,57.4,39,0
2026-10-13T05:59:00,21.3,53.3,57.6,39,0
2026-10-13T06:00:00,22.4,52.2,57.6,33,0
2026-10-13T06:01:00,21.1,53.2,57.8,38,1
2026-10-13T06:02:00,22.0,53.1,58.0,43,1
2026-10-13T06:03:00,22.8,53.7,57.8,42,0
2026-10-13T06:04:00,23.1,52.3,,35,0
2026-10-13T06:05:00,20.6,53.6,58.0,41,0
2026-10-13T06:06:00,20.5,53.5,57.8,40,0
2026-10-13T06:07:00,19.5,54.0,58.0,31,0
2026-10-13T06:08:00,20.1,54.7,58.1,38,0
2026-10-13T06:09:00,22.6,55.2,58.2,46,1
2026-10-13T06:10:00,22.0,54.9,58.0,41,0
2026-10-13T06:11:00,21.5,55.4,58.0,36,0
2026-10-13T06:12:00,20.3,54.4,58.0,36,0
2026-10-13T06:13:00,21.7,54.5,58.4,35,0
2026-10-13T06:14:00,19.4,55.2,58.4,35,0
2026-10-13T06:15:00,20.2,55.5,58.4,33,0
2026-10-13T06:16:00,20.7,55.3,58.3,27,0
2026-10-13T06:17:00,23.3,54.8,58.3,30,0
2026-10-13T06:18:00,16.9,54.3,58.2,32,0
2026-10-13T06:19:00,19.1,55.1,58.4,37,0
2026-10-13T06:20:00,19.9,53.7,58.2,42,0
2026-10-13T06:21:00,21.4,53.4,58.1,41,0
2026-10-13T06:22:00,24.6,52.9,57.9,44,0
2026-10-13T06:23:00,21.7,53.2,57.9,48,0
2026-10-13T06:24:00,20.7,52.8,58.0,42,1
2026-10-13T06:25:00,19.5,52.5,57.9,39,0
2026-10-13T06:26:00,21.2,53.5,58.0,37,0
2026-10-13T06:27:00,23.7,54.5,58.0,45,0
2026-10-13T06:28:00,22.1,54.8,57.9,31,1
2026-10-13T06:29:00,27.7,54.7,57.8,32,1
2026-10-13T06:30:00,25.0,54.4,58.2,29,1
2026-10-13T06:31:00,22.4,53.6,58.4,30,1
2026-10-13T06:32:00,,52.7,58.2,31,0
2026-10-13T06:33:00,20.2,52.8,58.2,31,0
2026-10-13T06:34:00,22.6,52.4,58.1,31,0
2026-10-13T06:35:00,18.6,54.0,58.1,35,1
2026-10-13T06:36:00,23.3,55.4,58.2,48,0
2026-10-13T06:37:00,23.2,53.3,58.2,54,0
2026-10-13T06:38:00,20.9,52.8,58.5,56,0
2026-10-13T06:39:00,22.9,54.1,58.6,48,0
2026-10-13T06:40:00,21.8,56.0,58.4,46,0
2026-10-13T06:41:00,21.5,54.9,58.2,42,0
2026-10-13T06:42:00,23.4,54.7,58.4,38,0
2026-10-13T06:43:00,20.5,56.5,58.5,42,0
2026-10-13T06:44:00,21.8,55.1,58.6,28,2
2026-10-13T06:45:00,22.3,56.0,58.7,30,0
2026-10-13T06:46:00,26.9,54.9,58.6,37,0
2026-10-13T06:47:00,28.5,55.8,58.5,37,0
2026-10-13T06:48:00,28.1,55.9,58.5,42,0
2026-10-13T06:49:00,28.2,55.3,58.4,36,0
2026-10-13T06:50:00,25.8,55.9,58.3,31,0
2026-10-13T06:51:00,23.2,56.5,58.3,41,0
2026-10-13T06:52:00,23.5,55.3,,39,1
2026-10-13T06:53:00,25.9,54.1,58.0,39,0
2026-10-13T06:54:00,24.6,54.3,58.3,35,2
2026-10-13T06:55:00,21.0,53.0,58.2,44,0
2026-10-13T06:56:00,21.5,52.3,58.0,45,0
2026-10-13T06:57:00,23.0,51.1,57.9,43,1
2026-10-13T06:58:00,23.4,52.0,57.6,39,3
2026-10-13T06:59:00,24.0,53.3,57.6,46,1
2026-10-13T07:00:00,24.2,50.3,57.8,41,0
2026-10-13T07:01:00,20.8,51.0,57.9,37,1
2026-10-13T07:02:00,25.4,50.8,58.0,39,0
2026-10-13T07:03:00,24.2,52.6,58.0,38,0
2026-10-13T07:04:00,25.5,54.6,58.0,30,1
2026-10-13T07:05:00,22.6,54.4,58.1,30,1
2026-10-13T07:06:00,21.7,52.4,58.3,31,0
2026-10-13T07:07:00,22.2,53.8,58.1,24,0
2026-10-13T07:08:00,23.4,52.0,57.7,29,0
2026-10-13T07:09:00,20.6,52.4,57.8,27,0
2026-10-13T07:10:00,25.6,52.9,57.9,34,0
2026-10-13T07:11:00,27.8,54.5,57.8,26,1
2026-10-13T07:12:00,25.3,54.5,57.7,30,0
2026-10-13T07:13:00,25.9,54.3,57.6,29,0
2026-10-13T07:14:00,27.7,53.9,57.6,28,0
2026-10-13T07:15:00,26.7,55.9,57.7,27,1
2026-10-13T07:16:00,24.0,56.8,57.9,29,0
2026-10-13T07:17:00,26.5,56.3,57.6,29,0
2026-10-13T07:18:00,24.5,54.6,57.8,20,0
2026-10-13T07:19:00,26.2,52.5,57.8,27,0
2026-10-13T07:20:00,23.8,52.6,57.8,28,0
2026-10-13T07:21:00,25.9,53.2,57.6,23,0
2026-10-13T07:22:00,28.7,54.8,57.7,24,0
2026-10-13T07:23:00,26.9,53.0,57.6,25,0
2026-10-13T07:24:00,27.8,52.6,57.6,31,0
2026-10-13T07:25:00,27.6,52.5,57.8,32,0
2026-10-13T07:26:00,30.2,52.6,57.7,28,0
2026-10-13T07:27:00,32.6,53.9,57.8,35,0
2026-10-13T07:28:00,30.8,53.7,57.9,40,1
2026-10-13T07:29:00,29.9,51.4,58.1,36,0
2026-10-13T07:30:00,30.7,53.4,57.9,37,0
2026-10-13T07:31:00,29.4,54.5,57.7,37,0
2026-10-13T07:32:00,27.2,53.9,58.1,35,0
2026-10-13T07:33:00,27.5,53.0,58.0,45,0
2026-10-13T07:34:00,31.9,51.3,58.0,40,0
2026-10-13T07:35:00,30.1,51.8,58.1,42,1
2026-10-13T07:36:00,33.1,51.4,58.0,48,0
2026-10-13T07:37:00,27.2,52.2,58.0,44,0
2026-10-13T07:38:00,27.3,51.5,58.0,38,1
2026-10-13T07:39:00,22.4,51.2,58.0,37,0
2026-10-13T07:40:00,,52.7,57.9,40,1
2026-10-13T07:41:00,21.1,52.6,57.9,36,1
2026-10-13T07:42:00,23.4,53.7,57.9,38,0
2026-10-13T07:43:00,25.0,54.2,57.9,31,0
2026-10-13T07:44:00,23.9,53.8,57.7,33,0
2026-10-13T07:45:00,28.3,53.9,57.7,40,0
2026-10-13T07:46:00,27.2,55.5,57.9,37,0
2026-10-13T07:47:00,32.4,56.3,57.8,35,0
2026-10-13T07:48:00,29.1,58.5,57.8,40,0
2026-10-13T07:49:00,28.6,58.3,57.6,33,1
2026-10-13T07:50:00,24.4,58.0,57.9,30,0
2026-10-13T07:51:00,26.2,58.4,57.9,41,0
2026-10-13T07:52:00,25.5,56.8,57.8,35,1
2026-10-13T07:53:00,24.9,55.3,57.9,36,0
2026-10-13T07:54:00,28.1,54.8,57.6,39,2
2026-10-13T07:55:00,30.8,53.7,57.5,28,1
2026-10-13T07:56:00,28.1,51.6,58.0,28,0
2026-10-13T07:57:00,30.2,50.4,58.2,28,1
2026-10-13T07:58:00,28.4,51.6,58.2,34,0
2026-10-13T07:59:00,26.5,53.3,58.0,33,0
2026-10-13T08:00:00,24.6,52.7,58.2,39,0
2026-10-13T08:01:00,26.6,52.7,58.1,41,0
2026-10-13T08:02:00,23.1,52.5,58.2,39,2
2026-10-13T08:03:00,24.2,50.7,58.1,38,1
2026-10-13T08:04:00,25.0,52.1,58.1,44,0
2026-10-13T08:05:00,24.7,51.5,58.1,48,0
2026-10-13T08:06:00,25.5,52.8,58.2,41,2
2026-10-13T08:07:00,27.1,54.1,58.4,44,0
2026-10-13T08:08:00,28.1,54.0,58.6,38,0
2026-10-13T08:09:00,26.7,54.8,58.6,36,0
2026-10-13T08:10:00,26.5,54.2,58.3,32,0
2026-10-13T08:11:00,23.2,53.9,58.4,34,0
2026-10-13T08:12:00,22.0,54.4,58.3,41,0
2026-10-13T08:13:00,20.7,54.5,58.2,36,0
2026-10-13T08:14:00,21.0,53.6,58.1,37,0
2026-10-13T08:15:00,20.7,53.0,58.3,36,0
2026-10-13T08:16:00,20.9,53.7,58.0,39,1
2026-10-13T08:17:00,23.8,54.8,57.9,45,0
2026-10-13T08:18:00,25.1,53.9,58.1,38,1
2026-10-13T08:19:00,25.1,52.3,58.1,34,0
2026-10-13T08:20:00,26.9,51.4,57.9,36,0
2026-10-13T08:21:00,26.2,51.1,57.8,36,0
2026-10-13T08:22:00,25.3,51.2,58.0,38,1
2026-10-13T08:23:00,25.9,50.2,57.5,39,0
2026-10-13T08:24:00,23.3,51.0,57.6,32,0
2026-10-13T08:25:00,24.1,55.1,58.0,27,0
2026-10-13T08:26:00,23.6,54.6,58.0,27,0
2026-10-13T08:27:00,20.6,53.2,57.9,30,0
2026-10-13T08:28:00,21.1,52.9,58.1,31,0
2026-10-13T08:29:00,28.1,53.4,57.9,39,0
2026-10-13T08:30:00,27.2,53.2,58.1,40,0
2026-10-13T08:31:00,27.5,53.3,58.2,32,1
2026-10-13T08:32:00,29.4,52.1,58.3,35,0
2026-10-13T08:33:00,28.6,53.1,57.9,24,0
2026-10-13T08:34:00,26.9,52.5,57.8,29,0
2026-10-13T08:35:00,27.6,52.8,58.0,29,0
2026-10-13T08:36:00,27.3,50.5,58.0,36,2
2026-10-13T08:37:00,22.2,51.1,57.9,36,0
2026-10-13T08:38:00,23.6,52.9,58.1,34,0
2026-10-13T08:39:00,24.2,54.8,57.8,32,0
2026-10-13T08:40:00,27.5,55.0,57.7,33,1
2026-10-13T08:41:00,28.2,54.5,58.0,39,0
2026-10-13T08:42:00,30.9,54.6,58.0,36,0
2026-10-13T08:43:00,34.1,55.0,58.1,38,1
2026-10-13T08:44:00,32.7,54.2,58.0,30,0
2026-10-13T08:45:00,28.6,53.3,57.9,35,0
2026-10-13T08:46:00,29.3,52.9,57.9,41,1
2026-10-13T08:47:00,27.5,52.3,58.0,36,0
2026-10-13T08:48:00,26.8,53.4,57.9,26,0
2026-10-13T08:49:00,25.4,53.5,57.4,22,0
2026-10-13T08:50:00,22.5,55.0,57.6,35,0
2026-10-13T08:51:00,25.1,53.2,57.7,40,0
2026-10-13T08:52:00,28.3,51.0,57.6,40,0
2026-10-13T08:53:00,30.4,52.8,57.7,35,0
2026-10-13T08:54:00,27.3,52.2,57.7,33,1
2026-10-13T08:55:00,25.5,53.6,57.9,29,0
2026-10-13T08:56:00,28.0,52.2,57.8,28,1
2026-10-13T08:57:00,28.9,53.0,57.5,30,1
2026-10-13T08:58:00,26.7,53.9,57.4,26,2
2026-10-13T08:59:00,27.1,55.5,57.3,29,0
2026-10-13T09:00:00,24.3,54.0,57.4,27,1
2026-10-13T09:01:00,26.0,53.1,57.5,36,1
2026-10-13T09:02:00,24.7,52.7,57.9,33,1
2026-10-13T09:03:00,24.7,53.3,57.4,39,0
2026-10-13T09:04:00,22.1,54.9,57.3,34,1
2026-10-13T09:05:00,24.4,54.6,57.5,36,0
2026-10-13T09:06:00,23.8,55.6,57.5,39,1
2026-10-13T09:07:00,23.9,53.8,57.9,38,0
2026-10-13T09:08:00,24.5,53.2,58.2,35,0
2026-10-13T09:09:00,27.6,52.3,58.1,37,0
2026-10-13T09:10:00,25.3,52.2,58.2,37,0
2026-10-13T09:11:00,24.4,53.6,58.0,40,1
2026-10-13T09:12:00,25.8,52.8,57.7,42,0
2026-10-13T09:13:00,24.3,51.9,58.1,35,0
2026-10-13T09:14:00,24.2,51.9,58.1,34,0
2026-10-13T09:15:00,27.1,51.3,58.5,38,
2026-10-13T09:16:00,27.1,50.9,58.3,37,0
2026-10-13T09:17:00,28.2,51.6,58.5,39,0
2026-10-13T09:18:00,27.9,52.6,58.5,46,1
2026-10-13T09:19:00,30.1,52.9,58.5,44,0
2026-10-13T09:20:00,31.0,53.5,58.5,43,1
2026-10-13T09:21:00,32.0,54.0,58.4,31,0
2026-10-13T09:22:00,33.1,54.0,58.3,37,0
2026-10-13T09:23:00,31.1,53.5,58.2,38,1
2026-10-13T09:24:00,32.3,56.4,58.3,40,0
2026-10-13T09:25:00,31.2,56.2,58.1,46,0
2026-10-13T09:26:00,32.4,57.0,57.8,44,0
2026-10-13T09:27:00,30.8,56.9,58.0,45,0
2026-10-13T09:28:00,32.2,56.0,58.1,44,0
2026-10-13T09:29:00,29.3,56.1,58.1,44,1
2026-10-13T09:30:00,31.4,56.1,57.9,42,1
2026-10-13T09:31:00,30.0,56.2,58.0,42,0
2026-10-13T09:32:00,29.1,56.2,58.1,47,1
2026-10-13T09:33:00,26.2,56.2,58.1,37,0
2026-10-13T09:34:00,28.9,56.7,58.2,38,0
2026-10-13T09:35:00,31.2,54.6,57.8,45,1
2026-10-13T09:36:00,30.5,53.6,57.8,47,0
2026-10-13T09:37:00,31.3,54.4,57.9,47,0
2026-10-13T09:38:00,26.9,53.8,57.9,43,0
2026-10-13T09:39:00,28.4,54.3,58.0,40,0
2026-10-13T09:40:00,26.3,53.6,58.2,37,1
2026-10-13T09:41:00,26.5,54.2,58.0,37,0
2026-10-13T09:42:00,25.7,54.7,58.2,31,0
2026-10-13T09:43:00,24.5,52.8,58.2,32,1
2026-10-13T09:44:00,26.4,52.4,58.1,36,0
2026-10-13T09:45:00,26.8,53.0,58.1,38,0
2026-10-13T09:46:00,27.7,54.2,58.0,32,2
2026-10-13T09:47:00,25.2,52.6,58.0,40,0
2026-10-13T09:48:00,25.9,51.5,58.4,51,1
2026-10-13T09:49:00,26.5,52.3,57.9,49,0
2026-10-13T09:50:00,26.0,50.4,57.9,43,0
2026-10-13T09:51:00,24.4,51.0,57.9,44,1
2026-10-13T09:52:00,23.3,52.5,58.2,45,1
2026-10-13T09:53:00,22.8,54.3,58.4,43,0
2026-10-13T09:54:00,23.6,54.2,58.3,43,0
2026-10-13T09:55:00,22.8,53.8,58.1,37,0
2026-10-13T09:56:00,22.7,53.5,58.0,33,0
2026-10-13T09:57:00,21.2,54.4,58.2,42,1
2026-10-13T09:58:00,21.0,54.1,58.3,48,2
2026-10-13T09:59:00,18.1,52.3,58.2,48,0
2026-10-13T10:00:00,22.5,53.0,58.1,45,1
2026-10-13T10:01:00,23.7,53.6,58.0,46,0
2026-10-13T10:02:00,26.2,52.9,58.0,38,0
2026-10-13T10:03:00,28.2,54.0,58.1,46,1
2026-10-13T10:04:00,28.7,55.1,58.3,49,2
2026-10-13T10:05:00,26.2,55.1,58.5,43,0
2026-10-13T10:06:00,26.0,54.6,58.5,37,1
2026-10-13T10:07:00,29.4,54.2,58.4,34,1
2026-10-13T10:08:00,27.8,55.0,58.4,42,1
2026-10-13T10:09:00,27.3,54.2,58.1,42,0
2026-10-13T10:10:00,26.1,54.9,58.2,41,0
2026-10-13T10:11:00,26.7,53.9,58.1,40,0
2026-10-13T10:12:00,26.1,54.1,58.1,48,0
2026-10-13T10:13:00,29.2,53.9,58.2,47,1
2026-10-13T10:14:00,29.7,55.2,58.0,54,0
2026-10-13T10:15:00,30.5,56.3,58.0,49,0
2026-10-13T10:16:00,31.3,55.5,57.9,48,1
2026-10-13T10:17:00,29.5,56.8,,49,2
2026-10-13T10:18:00,32.0,56.2,58.2,45,0
2026-10-13T10:19:00,29.0,56.9,58.0,45,0
2026-10-13T10:20:00,30.5,55.5,57.9,44,0
2026-10-13T10:21:00,31.4,55.6,57.9,36,1
2026-10-13T10:22:00,28.9,55.2,58.0,37,0
2026-10-13T10:23:00,27.1,55.5,57.7,35,0
2026-10-13T10:24:00,31.6,55.2,57.8,30,1
2026-10-13T10:25:00,33.6,53.1,57.9,32,1
2026-10-13T10:26:00,31.4,54.2,58.0,28,0
2026-10-13T10:27:00,28.5,54.4,58.0,32,0
2026-10-13T10:28:00,28.1,53.9,57.5,31,1
2026-10-13T10:29:00,26.2,52.9,57.6,37,0
2026-10-13T10:30:00,25.8,54.1,57.7,35,0
2026-10-13T10:31:00,26.8,53.0,57.8,40,1
2026-10-13T10:32:00,28.0,51.6,57.7,39,0
2026-10-13T10:33:00,28.2,53.1,58.0,31,1
2026-10-13T10:34:00,27.7,53.8,58.3,39,0
2026-10-13T10:35:00,30.6,53.5,58.0,44,0
2026-10-13T10:36:00,28.0,54.3,58.1,41,1
2026-10-13T10:37:00,23.1,55.1,57.9,40,0
2026-10-13T10:38:00,24.1,51.6,58.1,41,0
2026-10-13T10:39:00,23.6,54.2,58.2,49,0
2026-10-13T10:40:00,24.7,54.2,58.2,52,1
2026-10-13T10:41:00,26.5,54.6,58.3,50,0
2026-10-13T10:42:00,24.4,53.6,58.2,45,1
2026-10-13T10:43:00,21.6,56.0,58.0,52,0
2026-10-13T10:44:00,24.6,54.6,58.1,50,0
2026-10-13T10:45:00,26.4,53.9,58.0,42,0
2026-10-13T10:46:00,28.6,53.7,57.9,50,0
2026-10-13T10:47:00,25.7,53.5,58.2,46,0
2026-10-13T10:48:00,29.2,52.8,58.5,46,0
2026-10-13T10:49:00,31.6,51.9,58.2,41,0
2026-10-13T10:50:00,30.5,50.7,58.3,48,0
2026-10-13T10:51:00,31.4,51.8,58.4,45,0
2026-10-13T10:52:00,30.0,53.4,58.4,39,1
2026-10-13T10:53:00,28.6,54.0,58.2,35,2
2026-10-13T10:54:00,27.5,55.2,58.4,39,0
2026-10-13T10:55:00,25.9,56.4,58.0,35,0
2026-10-13T10:56:00,27.2,55.0,58.0,40,0
2026-10-13T10:57:00,21.7,53.6,58.0,30,0
2026-10-13T10:58:00,24.3,54.5,58.3,29,0
2026-10-13T10:59:00,21.9,54.1,57.7,24,1
2026-10-13T11:00:00,23.4,53.0,57.9,26,0
2026-10-13T11:01:00,20.7,52.9,58.0,33,1
2026-10-13T11:02:00,23.6,53.1,58.1,43,0
2026-10-13T11:03:00,25.5,51.1,58.2,44,0
2026-10-13T11:04:00,25.6,54.7,58.3,42,0
2026-10-13T11:05:00,25.8,53.6,58.0,42,0
2026-10-13T11:06:00,25.1,53.7,58.0,46,1
2026-10-13T11:07:00,25.7,53.4,57.7,45,0
2026-10-13T11:08:00,24.0,52.0,57.9,29,0
2026-10-13T11:09:00,24.9,49.9,57.8,37,0
2026-10-13T11:10:00,26.0,50.9,58.0,40,0
2026-10-13T11:11:00,23.5,51.0,58.1,36,0
2026-10-13T11:12:00,23.6,51.0,58.2,39,1
2026-10-13T11:13:00,28.3,49.8,58.2,37,0
2026-10-13T11:14:00,29.5,51.3,58.1,36,0
2026-10-13T11:15:00,28.7,51.8,58.2,44,1
2026-10-13T11:16:00,27.3,54.5,58.0,35,0
2026-10-13T11:17:00,24.8,55.0,57.8,32,1
2026-10-13T11:18:00,21.5,54.6,57.8,38,1
2026-10-13T11:19:00,22.3,53.2,58.1,38,1
2026-10-13T11:20:00,26.4,52.9,58.1,38,0
2026-10-13T11:21:00,26.5,52.7,57.9,37,0
2026-10-13T11:22:00,24.4,53.3,57.6,28,1
2026-10-13T11:23:00,22.8,53.7,57.5,23,1
2026-10-13T11:24:00,22.6,55.9,57.4,30,0
2026-10-13T11:25:00,23.5,56.9,57.5,34,3
2026-10-13T11:26:00,23.7,57.4,57.5,32,0
2026-10-13T11:27:00,25.1,57.3,57.7,32,1
2026-10-13T11:28:00,29.2,57.4,57.5,32,0
2026-10-13T11:29:00,27.8,57.3,57.5,42,0
2026-10-13T11:30:00,32.5,55.5,57.7,35,0
2026-10-13T11:31:00,30.2,54.0,57.8,39,0
2026-10-13T11:32:00,30.9,55.0,57.9,48,1
2026-10-13T11:33:00,27.7,52.7,58.3,52,0
2026-10-13T11:34:00,27.6,52.0,58.3,46,0
2026-10-13T11:35:00,28.9,53.6,58.3,44,1
2026-10-13T11:36:00,29.3,53.1,58.2,40,1
2026-10-13T11:37:00,26.5,51.9,58.1,45,0
2026-10-13T11:38:00,27.2,52.0,58.1,46,0
2026-10-13T11:39:00,26.2,52.9,58.0,44,0
2026-10-13T11:40:00,27.0,55.1,58.0,35,0
2026-10-13T11:41:00,26.8,56.1,58.1,38,1
2026-10-13T11:42:00,27.0,55.2,58.0,41,1
2026-10-13T11:43:00,24.8,54.9,58.2,43,0
2026-10-13T11:44:00,21.4,54.9,58.1,43,0
2026-10-13T11:45:00,22.2,55.8,57.8,43,0
2026-10-13T11:46:00,19.4,56.1,58.2,36,0
2026-10-13T11:47:00,20.0,54.4,58.2,51,0
2026-10-13T11:48:00,20.9,55.1,58.3,54,0
2026-10-13T11:49:00,22.3,55.0,58.5,41,1
2026-10-13T11:50:00,21.9,53.4,58.6,41,0
2026-10-13T11:51:00,23.3,54.4,58.7,47,1
2026-10-13T11:52:00,20.8,53.2,58.5,46,0
2026-10-13T11:53:00,21.6,51.9,58.3,38,1
2026-10-13T11:54:00,22.4,54.6,58.3,38,0
2026-10-13T11:55:00,25.2,55.7,58.1,39,1
2026-10-13T11:56:00,29.3,56.9,58.0,37,0
2026-10-13T11:57:00,29.1,55.4,58.1,42,0
2026-10-13T11:58:00,28.3,57.3,58.0,39,0
2026-10-13T11:59:00,26.4,54.9,58.0,32,0
2026-10-13T12:00:00,27.8,55.4,58.2,36,0
2026-10-13T12:01:00,27.2,53.5,58.3,37,0
2026-10-13T12:02:00,26.4,52.4,58.2,34,0
2026-10-13T12:03:00,24.9,53.4,58.0,27,0
2026-10-13T12:04:00,24.0,53.7,58.2,24,
2026-10-13T12:05:00,26.0,52.5,57.9,27,0
2026-10-13T12:06:00,28.2,52.9,57.8,34,2
2026-10-13T12:07:00,27.9,53.8,57.8,35,1
2026-10-13T12:08:00,27.5,54.5,57.9,32,1
2026-10-13T12:09:00,26.6,55.0,58.2,27,0
2026-10-13T12:10:00,26.2,54.2,58.2,22,0
2026-10-13T12:11:00,22.9,53.5,58.1,21,1
2026-10-13T12:12:00,21.5,54.1,,24,1
2026-10-13T12:13:00,21.6,52.6,58.3,26,1
2026-10-13T12:14:00,24.8,54.7,58.3,26,2
2026-10-13T12:15:00,24.9,55.0,58.2,35,1
2026-10-13T12:16:00,25.3,56.3,57.9,35,0
2026-10-13T12:17:00,24.8,56.2,57.9,,0
2026-10-13T12:18:00,23.9,57.3,57.7,43,1
2026-10-13T12:19:00,21.7,56.8,58.0,45,1
2026-10-13T12:20:00,22.3,57.3,58.0,40,0
2026-10-13T12:21:00,22.9,55.9,58.0,47,0
2026-10-13T12:22:00,22.0,55.6,58.0,44,0
2026-10-13T12:23:00,22.7,56.7,58.0,43,0
2026-10-13T12:24:00,25.3,55.4,58.1,46,1
2026-10-13T12:25:00,25.8,56.7,58.0,40,0
2026-10-13T12:26:00,24.8,55.4,58.0,37,0
2026-10-13T12:27:00,26.1,54.5,57.9,31,0
2026-10-13T12:28:00,25.1,51.9,58.1,29,2
2026-10-13T12:29:00,28.0,51.6,58.0,36,0
2026-10-13T12:30:00,26.9,52.8,58.0,44,0
2026-10-13T12:31:00,23.8,54.9,57.8,37,0
2026-10-13T12:32:00,26.3,54.6,58.1,48,0
2026-10-13T12:33:00,28.7,55.4,58.3,44,0
2026-10-13T12:34:00,28.3,54.6,58.2,47,0
2026-10-13T12:35:00,28.1,52.8,58.0,42,2
2026-10-13T12:36:00,30.3,53.7,57.9,39,0
2026-10-13T12:37:00,33.0,53.3,57.7,39,1
2026-10-13T12:38:00,34.0,55.8,57.5,40,0
2026-10-13T12:39:00,27.2,55.7,57.6,51,0
2026-10-13T12:40:00,23.8,54.6,57.8,42,0
2026-10-13T12:41:00,24.6,54.1,57.8,31,0
2026-10-13T12:42:00,26.2,54.2,57.7,35,0
2026-10-13T12:43:00,26.5,55.9,57.6,44,0
2026-10-13T12:44:00,28.0,56.4,57.9,41,1
2026-10-13T12:45:00,27.4,55.4,58.0,39,0
2026-10-13T12:46:00,26.6,53.6,57.9,42,1
2026-10-13T12:47:00,23.9,53.5,58.3,35,1
2026-10-13T12:48:00,27.2,53.2,58.1,34,0
2026-10-13T12:49:00,27.7,52.7,58.0,36,0
2026-10-13T12:50:00,28.1,54.1,58.2,32,0
2026-10-13T12:51:00,27.3,52.7,58.3,33,0
2026-10-13T12:52:00,27.7,53.4,58.2,36,0
2026-10-13T12:53:00,28.1,52.8,58.4,40,1
2026-10-13T12:54:00,26.4,53.6,58.1,37,1
2026-10-13T12:55:00,26.2,55.4,57.8,39,0
2026-10-13T12:56:00,28.9,55.6,57.8,44,0
2026-10-13T12:57:00,30.2,54.5,58.0,55,0
2026-10-13T12:58:00,26.8,54.0,58.4,55,0
2026-10-13T12:59:00,23.8,55.6,58.3,54,1
2026-10-13T13:00:00,28.0,55.2,58.4,56,0
2026-10-13T13:01:00,26.8,54.6,58.6,44,0
2026-10-13T13:02:00,28.2,55.4,58.3,39,1
2026-10-13T13:03:00,28.7,55.3,58.0,40,0
2026-10-13T13:04:00,30.0,55.1,58.3,42,0
2026-10-13T13:05:00,29.3,55.1,58.5,39,0
2026-10-13T13:06:00,29.1,54.3,58.6,37,1
2026-10-13T13:07:00,28.8,55.2,58.2,26,0
2026-10-13T13:08:00,28.2,54.5,58.1,33,1
2026-10-13T13:09:00,25.7,54.9,57.9,31,1
2026-10-13T13:10:00,25.1,56.0,57.7,21,0
2026-10-13T13:11:00,27.9,55.7,57.9,26,0
2026-10-13T13:12:00,26.9,56.2,58.2,23,0
2026-10-13T13:13:00,29.5,54.2,57.8,27,4
2026-10-13T13:14:00,31.0,54.5,57.9,34,0
2026-10-13T13:15:00,29.9,53.5,57.8,36,1
2026-10-13T13:16:00,29.8,53.2,57.9,35,0
2026-10-13T13:17:00,31.8,53.8,57.8,39,0
2026-10-13T13:18:00,28.3,54.4,57.7,37,1
2026-10-13T13:19:00,32.8,54.9,57.8,43,2
2026-10-13T13:20:00,29.4,54.9,57.8,36,0
2026-10-13T13:21:00,29.5,53.4,57.7,,1
2026-10-13T13:22:00,28.3,53.8,57.8,48,0
2026-10-13T13:23:00,31.8,56.1,57.5,39,0
2026-10-13T13:24:00,32.8,54.5,57.6,30,0
2026-10-13T13:25:00,30.3,55.2,57.6,38,0
2026-10-13T13:26:00,28.1,56.1,57.5,38,0
2026-10-13T13:27:00,32.9,54.6,57.6,36,1
2026-10-13T13:28:00,37.0,56.2,57.8,42,0
2026-10-13T13:29:00,33.3,55.5,57.9,38,0
2026-10-13T13:30:00,29.5,54.9,57.8,38,0
2026-10-13T13:31:00,29.1,54.9,58.1,39,0
2026-10-13T13:32:00,26.8,54.2,58.3,29,0
2026-10-13T13:33:00,26.9,54.3,57.8,38,0
2026-10-13T13:34:00,28.6,54.8,57.7,37,0
2026-10-13T13:35:00,27.6,53.9,57.6,41,0
2026-10-13T13:36:00,29.6,53.4,58.0,39,1
2026-10-13T13:37:00,29.0,55.5,57.9,42,0
2026-10-13T13:38:00,28.6,54.6,58.2,42,1
2026-10-13T13:39:00,26.8,54.4,57.9,46,1
2026-10-13T13:40:00,29.3,54.1,58.1,40,0
2026-10-13T13:41:00,30.6,52.9,58.0,43,1
2026-10-13T13:42:00,28.6,52.2,58.3,45,0
2026-10-13T13:43:00,29.4,53.8,58.3,42,0
2026-10-13T13:44:00,32.3,53.7,58.2,35,1
2026-10-13T13:45:00,30.5,55.1,58.3,40,0
2026-10-13T13:46:00,29.0,54.6,58.2,37,1
2026-10-13T13:47:00,25.8,53.4,58.3,42,0
2026-10-13T13:48:00,27.6,53.3,57.9,39,1
2026-10-13T13:49:00,27.7,52.7,57.8,37,1
2026-10-13T13:50:00,24.6,55.0,,44,0
2026-10-13T13:51:00,23.8,54.3,58.0,47,0
2026-10-13T13:52:00,25.9,54.2,58.0,49,0
2026-10-13T13:53:00,24.7,54.6,58.1,49,0
2026-10-13T13:54:00,23.4,55.4,57.9,45,2
2026-10-13T13:55:00,24.5,53.3,57.8,50,0
2026-10-13T13:56:00,24.8,55.3,58.0,51,0
2026-10-13T13:57:00,28.1,52.8,57.7,45,1
2026-10-13T13:58:00,26.6,52.3,57.5,43,0
2026-10-13T13:59:00,28.6,52.2,57.7,34,0
2026-10-13T14:00:00,25.0,53.9,58.0,37,0
2026-10-13T14:01:00,26.6,54.3,58.2,35,0
2026-10-13T14:02:00,28.8,53.2,58.3,37,0
2026-10-13T14:03:00,26.3,53.5,57.9,36,2
2026-10-13T14:04:00,24.8,52.6,57.4,37,1
2026-10-13T14:05:00,26.2,52.5,57.6,31,0
2026-10-13T14:06:00,27.8,52.3,57.7,30,0
2026-10-13T14:07:00,29.8,53.4,58.0,29,0
2026-10-13T14:08:00,27.7,53.0,58.0,20,0
2026-10-13T14:09:00,27.8,55.1,57.9,29,0
2026-10-13T14:10:00,26.9,54.5,57.7,23,0
2026-10-13T14:11:00,25.9,54.0,57.8,29,0
2026-10-13T14:12:00,21.8,55.2,,31,1
2026-10-13T14:13:00,22.6,55.1,57.9,25,0
2026-10-13T14:14:00,24.7,55.5,58.1,25,0
2026-10-13T14:15:00,26.4,56.5,58.1,27,1
2026-10-13T14:16:00,27.0,55.3,57.9,30,0
2026-10-13T14:17:00,24.8,55.2,57.8,35,0
2026-10-13T14:18:00,24.9,54.6,57.8,34,1
2026-10-13T14:19:00,24.7,55.7,58.0,45,1
2026-10-13T14:20:00,22.7,54.8,58.3,33,1
2026-10-13T14:21:00,23.9,52.7,58.1,49,0
2026-10-13T14:22:00,21.8,51.0,57.7,57,0
2026-10-13T14:23:00,24.9,52.5,57.9,54,0
2026-10-13T14:24:00,24.4,53.4,57.9,52,1
2026-10-13T14:25:00,25.7,52.4,58.0,47,1
2026-10-13T14:26:00,28.1,54.1,58.0,47,0
2026-10-13T14:27:00,28.8,53.2,58.2,47,0
2026-10-13T14:28:00,30.0,53.6,58.4,50,0
2026-10-13T14:29:00,27.4,53.4,58.0,46,0
2026-10-13T14:30:00,29.4,53.0,58.1,43,0
2026-10-13T14:31:00,27.4,54.1,57.9,50,0
2026-10-13T14:32:00,27.7,55.3,57.8,49,1
2026-10-13T14:33:00,28.5,55.2,57.9,42,1
2026-10-13T14:34:00,28.2,53.5,57.9,33,0
2026-10-13T14:35:00,27.6,53.0,57.9,32,0
2026-10-13T14:36:00,29.1,53.1,57.7,39,1
2026-10-13T14:37:00,28.3,52.6,57.7,37,0
2026-10-13T14:38:00,32.3,53.1,57.8,42,0
2026-10-13T14:39:00,34.5,54.3,57.8,36,0
2026-10-13T14:40:00,32.0,54.4,57.8,38,1
2026-10-13T14:41:00,27.1,53.7,58.1,39,2
2026-10-13T14:42:00,27.8,53.1,58.0,38,0
2026-10-13T14:43:00,28.4,53.1,57.8,38,0
2026-10-13T14:44:00,24.1,53.1,57.7,42,0
2026-10-13T14:45:00,27.5,55.1,57.8,44,0
2026-10-13T14:46:00,30.3,54.5,57.6,41,0
2026-10-13T14:47:00,31.5,54.0,58.0,38,1
2026-10-13T14:48:00,28.5,53.7,58.0,39,1
2026-10-13T14:49:00,26.0,54.7,58.1,38,1
2026-10-13T14:50:00,25.2,54.4,58.2,37,1
2026-10-13T14:51:00,24.5,54.6,58.4,34,0
2026-10-13T14:52:00,26.7,54.9,58.4,35,0
2026-10-13T14:53:00,27.7,53.4,58.5,44,1
2026-10-13T14:54:00,28.1,53.6,58.2,54,0
2026-10-13T14:55:00,27.2,53.6,58.3,56,1
2026-10-13T14:56:00,29.4,53.8,58.1,50,0
2026-10-13T14:57:00,28.5,54.1,57.9,47,0
2026-10-13T14:58:00,27.9,56.0,57.9,42,1
2026-10-13T14:59:00,29.1,55.3,57.9,46,0
2026-10-13T15:00:00,29.5,56.0,57.9,43,1
2026-10-13T15:01:00,27.1,55.4,58.3,40,1
2026-10-13T15:02:00,28.9,54.0,58.2,34,0
2026-10-13T15:03:00,28.9,54.2,58.1,30,1
2026-10-13T15:04:00,26.7,52.7,58.6,34,1
2026-10-13T15:05:00,26.1,54.2,58.4,36,3
2026-10-13T15:06:00,29.7,54.7,58.2,36,0
2026-10-13T15:07:00,29.2,55.0,58.3,34,0
2026-10-13T15:08:00,29.7,55.4,58.3,42,0
2026-10-13T15:09:00,27.3,54.2,58.0,34,2
2026-10-13T15:10:00,28.1,53.4,57.9,34,0
2026-10-13T15:11:00,25.1,52.0,58.1,36,0
2026-10-13T15:12:00,24.5,54.2,58.1,43,0
2026-10-13T15:13:00,25.7,54.7,58.2,36,1
2026-10-13T15:14:00,24.2,54.7,57.9,38,1
2026-10-13T15:15:00,,55.6,57.7,34,0
2026-10-13T15:16:00,29.8,55.2,57.7,34,1
2026-10-13T15:17:00,26.6,55.0,57.6,31,0
2026-10-13T15:18:00,22.4,53.9,57.7,39,0
2026-10-13T15:19:00,24.7,53.4,57.6,36,0
2026-10-13T15:20:00,28.0,52.9,57.8,43,0
2026-10-13T15:21:00,26.6,53.1,57.6,51,0
2026-10-13T15:22:00,26.6,53.3,58.1,50,0
2026-10-13T15:23:00,27.2,54.3,58.1,53,1
2026-10-13T15:24:00,23.8,54.0,58.0,49,0
2026-10-13T15:25:00,23.9,55.5,57.9,52,0
2026-10-13T15:26:00,27.5,54.8,58.2,48,1
2026-10-13T15:27:00,28.5,54.3,58.0,43,1
2026-10-13T15:28:00,25.9,52.7,57.8,39,0
2026-10-13T15:29:00,26.7,53.0,57.8,37,1
2026-10-13T15:30:00,28.0,54.2,57.6,32,0
2026-10-13T15:31:00,30.4,55.0,58.0,35,1
2026-10-13T15:32:00,31.1,55.6,58.0,36,0
2026-10-13T15:33:00,30.4,57.1,57.8,38,0
2026-10-13T15:34:00,32.7,57.5,57.4,42,0
2026-10-13T15:35:00,34.9,56.5,57.3,44,0
2026-10-13T15:36:00,31.6,54.6,57.4,54,0
2026-10-13T15:37:00,34.9,53.9,57.7,49,0
2026-10-13T15:38:00,32.2,56.1,57.8,59,0
2026-10-13T15:39:00,31.3,54.2,58.1,54,1
2026-10-13T15:40:00,31.3,53.7,58.4,51,0
2026-10-13T15:41:00,30.4,55.3,58.2,56,0
2026-10-13T15:42:00,31.7,54.2,58.1,56,0
2026-10-13T15:43:00,27.9,54.9,58.2,48,0
2026-10-13T15:44:00,27.3,55.8,58.3,50,0
2026-10-13T15:45:00,29.8,56.3,57.8,53,0
2026-10-13T15:46:00,29.3,55.4,57.5,52,0
2026-10-13T15:47:00,27.6,55.9,57.6,53,0
2026-10-13T15:48:00,24.1,55.8,57.4,52,0
2026-10-13T15:49:00,25.2,55.9,57.7,48,2
2026-10-13T15:50:00,24.6,56.4,58.1,37,1
2026-10-13T15:51:00,22.2,54.3,57.9,30,1
2026-10-13T15:52:00,22.9,54.6,57.7,28,0
2026-10-13T15:53:00,24.6,54.6,57.7,29,1
2026-10-13T15:54:00,24.2,55.7,58.3,36,1
2026-10-13T15:55:00,21.9,54.4,58.1,38,0
2026-10-13T15:56:00,23.2,53.6,58.3,36,0
2026-10-13T15:57:00,22.7,55.4,58.3,36,0
2026-10-13T15:58:00,24.1,55.7,58.3,32,1
2026-10-13T15:59:00,24.8,54.0,58.0,35,1
2026-10-13T16:00:00,25.3,53.9,57.9,35,0
2026-10-13T16:01:00,25.1,52.7,57.9,38,0
2026-10-13T16:02:00,25.2,53.6,58.1,38,0
2026-10-13T16:03:00,24.5,54.0,58.1,35,0
2026-10-13T16:04:00,24.8,52.1,58.3,29,1
2026-10-13T16:05:00,25.2,52.2,58.3,37,0
2026-10-13T16:06:00,23.3,52.9,58.2,33,0
2026-10-13T16:07:00,20.8,53.1,58.1,25,0
2026-10-13T16:08:00,20.8,52.2,58.2,28,0
2026-10-13T16:09:00,25.5,54.1,58.4,29,0
2026-10-13T16:10:00,24.6,53.1,58.5,27,0
2026-10-13T16:11:00,24.5,52.6,58.3,37,0
2026-10-13T16:12:00,24.8,52.8,58.3,35,0
2026-10-13T16:13:00,24.5,54.6,58.2,35,0
2026-10-13T16:14:00,22.5,54.0,58.1,45,0
2026-10-13T16:15:00,24.9,54.4,58.2,45,0
2026-10-13T16:16:00,26.0,55.0,58.4,38,0
2026-10-13T16:17:00,27.3,56.4,58.4,45,0
2026-10-13T16:18:00,26.9,54.9,58.5,48,0
2026-10-13T16:19:00,27.0,53.8,58.4,55,1
2026-10-13T16:20:00,24.1,55.0,58.1,53,1
2026-10-13T16:21:00,23.3,55.0,58.2,44,0
2026-10-13T16:22:00,20.5,55.1,57.9,47,0
2026-10-13T16:23:00,19.7,55.7,58.2,32,0
2026-10-13T16:24:00,24.3,55.1,58.2,33,0
2026-10-13T16:25:00,25.0,54.1,58.2,40,0
2026-10-13T16:26:00,24.8,53.4,58.2,37,0
2026-10-13T16:27:00,24.8,52.9,58.0,28,0
2026-10-13T16:28:00,27.7,53.5,58.0,33,1
2026-10-13T16:29:00,26.7,53.5,57.9,25,0
2026-10-13T16:30:00,27.7,53.8,57.6,28,0
2026-10-13T16:31:00,29.2,54.4,57.8,25,0
2026-10-13T16:32:00,,,,,
2026-10-13T16:33:00,,,,,
2026-10-13T16:34:00,,,,,
2026-10-13T16:35:00,,,,,
2026-10-13T16:36:00,,,,,
2026-10-13T16:37:00,,,,,
2026-10-13T16:38:00,,,,,
2026-10-13T16:39:00,,,,,
2026-10-13T16:40:00,,,,,
2026-10-13T16:41:00,24.9,58.6,58.3,47,1
2026-10-13T16:42:00,23.2,57.8,58.4,39,1
2026-10-13T16:43:00,26.0,58.0,58.2,43,0
2026-10-13T16:44:00,27.3,57.2,58.3,43,0
2026-10-13T16:45:00,24.9,54.9,58.2,36,1
2026-10-13T16:46:00,27.1,55.4,58.1,36,0
2026-10-13T16:47:00,26.2,55.8,58.1,40,0
2026-10-13T16:48:00,24.7,56.7,58.2,37,0
2026-10-13T16:49:00,23.0,55.6,58.2,31,1
2026-10-13T16:50:00,22.5,54.8,58.0,45,0
2026-10-13T16:51:00,24.6,55.9,58.2,53,1
2026-10-13T16:52:00,25.6,54.9,57.8,50,0
2026-10-13T16:53:00,23.7,53.3,57.9,46,1
2026-10-13T16:54:00,25.9,53.0,58.3,51,0
2026-10-13T16:55:00,27.9,53.4,58.2,45,0
2026-10-13T16:56:00,26.9,53.2,58.0,40,0
2026-10-13T16:57:00,29.3,52.4,58.0,41,0
2026-10-13T16:58:00,30.5,52.6,58.0,40,1
2026-10-13T16:59:00,28.2,53.2,57.9,43,0
2026-10-13T17:00:00,27.6,53.9,58.0,41,0
2026-10-13T17:01:00,25.6,52.5,58.2,38,1
2026-10-13T17:02:00,22.0,53.4,58.3,29,0
2026-10-13T17:03:00,21.9,52.5,58.4,42,0
2026-10-13T17:04:00,21.1,53.4,,40,3
2026-10-13T17:05:00,17.7,53.4,58.0,42,0
2026-10-13T17:06:00,20.4,54.2,58.1,41,1
2026-10-13T17:07:00,20.5,54.4,58.0,43,0
2026-10-13T17:08:00,24.6,53.9,57.8,46,3
2026-10-13T17:09:00,26.0,53.6,57.7,51,0
2026-10-13T17:10:00,22.6,54.6,58.0,53,0
2026-10-13T17:11:00,23.8,53.5,58.1,49,0
2026-10-13T17:12:00,20.5,54.0,58.1,43,0
2026-10-13T17:13:00,21.4,53.4,58.1,39,1
2026-10-13T17:14:00,20.4,52.2,58.2,47,0
2026-10-13T17:15:00,22.2,53.0,58.1,42,0
2026-10-13T17:16:00,23.0,53.0,58.2,30,0
2026-10-13T17:17:00,24.7,53.8,58.1,37,0
2026-10-13T17:18:00,23.7,54.2,57.9,38,0
2026-10-13T17:19:00,24.5,52.1,58.1,41,0
2026-10-13T17:20:00,24.3,52.1,58.1,35,0
2026-10-13T17:21:00,26.1,52.7,58.0,37,0
2026-10-13T17:22:00,25.7,52.9,57.9,40,1
2026-10-13T17:23:00,23.4,53.1,57.9,38,0
2026-10-13T17:24:00,28.1,53.2,57.9,41,0
2026-10-13T17:25:00,28.9,52.2,58.2,43,0
2026-10-13T17:26:00,25.7,52.6,58.2,45,2
2026-10-13T17:27:00,26.3,53.8,57.7,42,0
2026-10-13T17:28:00,24.5,52.9,57.5,48,0
2026-10-13T17:29:00,26.9,53.4,57.7,48,0
2026-10-13T17:30:00,26.2,53.7,57.9,48,0
2026-10-13T17:31:00,28.7,55.5,57.6,44,0
2026-10-13T17:32:00,30.1,54.3,57.5,46,0
2026-10-13T17:33:00,27.7,55.3,57.7,43,1
2026-10-13T17:34:00,25.7,55.4,57.7,42,0
2026-10-13T17:35:00,25.1,55.5,57.9,45,0
2026-10-13T17:36:00,25.4,54.3,58.0,45,0
2026-10-13T17:37:00,27.5,53.2,58.1,43,0
2026-10-13T17:38:00,27.2,54.6,57.9,42,0
2026-10-13T17:39:00,27.2,54.0,57.7,51,0
2026-10-13T17:40:00,25.7,54.3,57.9,47,0
2026-10-13T17:41:00,25.9,54.0,57.7,50,0
2026-10-13T17:42:00,28.1,53.2,57.7,58,1
2026-10-13T17:43:00,24.1,53.9,57.8,51,0
2026-10-13T17:44:00,23.1,52.6,57.7,52,0
2026-10-13T17:45:00,25.0,51.9,57.7,45,2
2026-10-13T17:46:00,26.9,52.2,57.6,53,0
2026-10-13T17:47:00,26.3,52.7,57.7,50,0
2026-10-13T17:48:00,25.3,51.7,57.7,44,0
2026-10-13T17:49:00,23.9,51.0,57.8,47,1
2026-10-13T17:50:00,24.2,50.9,57.6,41,0
2026-10-13T17:51:00,25.7,50.8,57.7,43,0
2026-10-13T17:52:00,25.0,52.3,57.5,42,0
2026-10-13T17:53:00,26.6,55.0,57.7,42,0
2026-10-13T17:54:00,26.1,55.2,57.7,33,0
2026-10-13T17:55:00,23.2,,57.9,32,0
2026-10-13T17:56:00,24.1,58.1,57.8,35,0
2026-10-13T17:57:00,25.0,55.9,57.9,30,0
2026-10-13T17:58:00,23.8,54.8,58.4,40,0
2026-10-13T17:59:00,25.2,54.9,58.3,41,0
2026-10-13T18:00:00,23.2,55.5,58.4,41,0
2026-10-13T18:01:00,22.8,55.9,58.3,44,1
2026-10-13T18:02:00,22.0,54.1,58.0,44,0
2026-10-13T18:03:00,22.0,54.1,57.7,42,0
2026-10-13T18:04:00,21.1,54.0,58.0,40,1
2026-10-13T18:05:00,22.5,53.6,58.0,54,0
2026-10-13T18:06:00,26.3,53.5,57.9,54,1
2026-10-13T18:07:00,24.6,52.8,57.9,51,1
2026-10-13T18:08:00,25.6,53.5,58.0,42,1
2026-10-13T18:09:00,26.1,54.4,58.1,39,0
2026-10-13T18:10:00,27.2,53.3,57.9,32,0
2026-10-13T18:11:00,29.1,51.6,57.7,28,0
2026-10-13T18:12:00,28.8,52.7,57.9,38,0
2026-10-13T18:13:00,30.2,53.5,57.8,44,2
2026-10-13T18:14:00,28.9,52.4,57.8,,0
2026-10-13T18:15:00,25.2,52.4,57.8,37,
2026-10-13T18:16:00,25.3,53.4,57.8,48,0
2026-10-13T18:17:00,25.5,55.1,57.7,44,0
2026-10-13T18:18:00,27.1,55.5,57.7,43,0
2026-10-13T18:19:00,28.1,54.5,58.0,46,0
2026-10-13T18:20:00,26.8,55.0,58.2,44,0
2026-10-13T18:21:00,26.4,55.3,58.1,42,0
2026-10-13T18:22:00,26.1,54.3,57.9,40,0
2026-10-13T18:23:00,27.3,51.8,57.9,40,0
2026-10-13T18:24:00,28.6,49.8,58.1,30,1
2026-10-13T18:25:00,29.9,50.5,58.2,26,0
2026-10-13T18:26:00,25.6,51.4,58.0,22,0
2026-10-13T18:27:00,27.5,50.4,58.0,28,1
2026-10-13T18:28:00,26.5,52.0,58.1,28,0
2026-10-13T18:29:00,22.8,51.2,58.3,29,0
2026-10-13T18:30:00,23.2,50.9,58.1,38,0
2026-10-13T18:31:00,19.0,50.8,57.8,39,0
2026-10-13T18:32:00,20.6,51.3,57.9,36,0
2026-10-13T18:33:00,25.7,52.3,57.8,42,0
2026-10-13T18:34:00,23.6,53.6,57.6,37,0
2026-10-13T18:35:00,24.9,53.2,57.6,34,0
2026-10-13T18:36:00,21.7,51.8,57.6,34,0
2026-10-13T18:37:00,23.1,52.4,57.7,33,0
2026-10-13T18:38:00,19.7,52.7,57.7,37,0
2026-10-13T18:39:00,23.0,53.6,57.7,39,0
2026-10-13T18:40:00,26.4,54.3,57.8,38,0
2026-10-13T18:41:00,26.0,53.7,57.7,39,0
2026-10-13T18:42:00,22.4,54.7,57.8,36,1
2026-10-13T18:43:00,19.7,52.3,57.9,32,0
2026-10-13T18:44:00,22.5,51.5,58.1,36,0
2026-10-13T18:45:00,23.6,51.6,57.9,33,0
2026-10-13T18:46:00,24.2,50.5,57.9,22,0
2026-10-13T18:47:00,25.4,50.2,57.9,22,1
2026-10-13T18:48:00,25.8,52.5,58.1,21,0
2026-10-13T18:49:00,26.0,52.9,57.7,27,0
2026-10-13T18:50:00,23.4,53.2,57.8,27,0
2026-10-13T18:51:00,22.1,53.8,57.9,26,0
2026-10-13T18:52:00,26.4,52.9,58.0,27,0
2026-10-13T18:53:00,26.6,53.1,57.9,27,0
2026-10-13T18:54:00,25.7,53.3,57.8,,0
2026-10-13T18:55:00,26.2,52.5,57.9,20,0
2026-10-13T18:56:00,24.0,52.6,57.9,24,0
2026-10-13T18:57:00,25.4,55.7,58.2,19,0
2026-10-13T18:58:00,23.5,54.6,58.3,25,2
2026-10-13T18:59:00,24.8,53.3,58.3,36,0
2026-10-13T19:00:00,52.3,55.0,57.9,35,0
2026-10-13T19:01:00,50.4,54.6,57.9,39,0
2026-10-13T19:02:00,48.6,54.1,58.0,36,0
2026-10-13T19:03:00,49.3,54.7,58.0,44,1
2026-10-13T19:04:00,49.2,56.3,58.0,51,0
2026-10-13T19:05:00,29.7,51.7,58.4,47,0
2026-10-13T19:06:00,30.2,53.3,58.3,46,0
2026-10-13T19:07:00,30.9,51.8,58.4,47,0
2026-10-13T19:08:00,30.4,51.7,58.3,48,0
2026-10-13T19:09:00,30.3,50.2,58.0,39,0
2026-10-13T19:10:00,30.4,49.6,58.0,37,0
2026-10-13T19:11:00,27.6,50.4,58.0,43,0
2026-10-13T19:12:00,26.6,51.8,58.1,39,0
2026-10-13T19:13:00,27.2,52.6,58.0,37,0
2026-10-13T19:14:00,25.8,54.5,57.9,28,0
2026-10-13T19:15:00,23.5,54.3,58.1,36,0
2026-10-13T19:16:00,24.2,55.2,57.6,37,1
2026-10-13T19:17:00,24.0,53.6,57.7,,0
2026-10-13T19:18:00,25.1,56.0,57.6,,0
2026-10-13T19:19:00,26.3,54.3,57.8,47,0
2026-10-13T19:20:00,27.0,55.5,57.7,41,0
2026-10-13T19:21:00,27.8,55.5,57.9,37,0
2026-10-13T19:22:00,23.9,51.7,57.8,39,0
2026-10-13T19:23:00,20.1,51.7,58.0,28,1
2026-10-13T19:24:00,24.1,50.2,58.0,25,0
2026-10-13T19:25:00,27.3,50.5,58.1,20,2
2026-10-13T19:26:00,27.5,51.9,58.1,26,0
2026-10-13T19:27:00,27.4,55.2,58.1,32,0
2026-10-13T19:28:00,28.7,54.5,57.9,31,0
2026-10-13T19:29:00,29.1,54.9,58.2,32,0
2026-10-13T19:30:00,30.4,53.4,58.4,25,0
2026-10-13T19:31:00,28.1,55.5,58.2,30,0
2026-10-13T19:32:00,26.7,54.0,58.0,36,0
2026-10-13T19:33:00,21.9,55.3,58.1,,0
2026-10-13T19:34:00,23.5,54.7,57.8,35,0
2026-10-13T19:35:00,24.7,53.5,,37,0
2026-10-13T19:36:00,27.0,52.6,57.7,,1
2026-10-13T19:37:00,25.7,52.3,58.0,31,0
2026-10-13T19:38:00,24.7,51.9,57.7,35,0
2026-10-13T19:39:00,23.3,50.3,57.9,38,1
2026-10-13T19:40:00,24.9,50.7,57.7,37,0
2026-10-13T19:41:00,23.6,52.5,57.8,39,1
2026-10-13T19:42:00,17.6,52.9,57.8,35,1
2026-10-13T19:43:00,19.0,53.1,58.1,38,0
2026-10-13T19:44:00,20.0,53.0,58.1,39,0
2026-10-13T19:45:00,18.7,53.8,58.0,38,0
2026-10-13T19:46:00,22.9,53.4,57.9,36,0
2026-10-13T19:47:00,23.9,52.6,57.9,38,0
2026-10-13T19:48:00,23.1,53.8,57.9,40,0
2026-10-13T19:49:00,24.5,52.4,57.8,36,0
2026-10-13T19:50:00,21.5,51.2,57.9,41,0
2026-10-13T19:51:00,21.8,51.9,57.8,44,0
2026-10-13T19:52:00,18.8,51.7,57.7,45,0
2026-10-13T19:53:00,22.2,51.5,57.7,50,0
2026-10-13T19:54:00,24.6,52.1,57.4,37,0
2026-10-13T19:55:00,25.1,51.5,57.0,43,0
2026-10-13T19:56:00,27.2,53.5,57.3,44,0
2026-10-13T19:57:00,25.0,52.5,57.8,44,0
2026-10-13T19:58:00,24.4,52.3,57.7,41,0
2026-10-13T19:59:00,22.7,52.8,57.9,36,0
2026-10-13T20:00:00,22.1,51.7,57.8,141,0
2026-10-13T20:01:00,22.8,51.5,57.9,137,0
2026-10-13T20:02:00,22.1,51.7,58.0,139,0
2026-10-13T20:03:00,26.8,52.2,57.9,142,0
2026-10-13T20:04:00,27.3,52.0,58.1,146,0
2026-10-13T20:05:00,26.3,52.5,58.0,148,0
2026-10-13T20:06:00,25.8,53.9,58.0,36,0
2026-10-13T20:07:00,25.2,53.7,58.1,41,0
2026-10-13T20:08:00,27.4,53.1,58.0,35,0
2026-10-13T20:09:00,24.1,53.6,57.7,31,0
2026-10-13T20:10:00,27.2,54.1,57.6,35,0
2026-10-13T20:11:00,29.8,53.6,58.0,36,0
2026-10-13T20:12:00,30.0,53.9,57.9,33,1
2026-10-13T20:13:00,27.8,52.2,57.9,32,0
2026-10-13T20:14:00,27.0,51.4,57.8,37,0
2026-10-13T20:15:00,27.9,52.0,57.9,41,0
2026-10-13T20:16:00,27.0,53.7,58.1,44,0
2026-10-13T20:17:00,27.8,51.4,58.3,42,0
2026-10-13T20:18:00,26.9,51.1,58.0,35,1
2026-10-13T20:19:00,27.8,51.1,57.6,40,0
2026-10-13T20:20:00,28.3,51.2,57.7,34,0
2026-10-13T20:21:00,32.0,50.4,57.9,32,0
2026-10-13T20:22:00,29.8,50.6,58.0,36,1
2026-10-13T20:23:00,28.6,52.3,58.0,38,0
2026-10-13T20:24:00,25.2,52.2,57.9,41,1
2026-10-13T20:25:00,21.1,53.7,57.8,38,0
2026-10-13T20:26:00,23.7,53.9,57.6,37,0
2026-10-13T20:27:00,27.1,54.7,57.8,38,0
2026-10-13T20:28:00,26.0,54.2,57.8,32,1
2026-10-13T20:29:00,27.2,53.7,57.8,32,0
2026-10-13T20:30:00,52.0,54.6,57.7,32,0
2026-10-13T20:31:00,51.4,55.7,57.8,30,0
2026-10-13T20:32:00,51.5,57.3,57.8,37,0
2026-10-13T20:33:00,48.5,56.1,58.0,36,1
2026-10-13T20:34:00,47.5,55.8,58.0,37,0
2026-10-13T20:35:00,46.2,55.2,57.7,38,0
2026-10-13T20:36:00,46.5,55.5,57.7,35,0
2026-10-13T20:37:00,47.3,54.7,57.9,41,0
2026-10-13T20:38:00,49.7,54.3,58.0,37,0
2026-10-13T20:39:00,54.5,54.3,57.6,30,1
2026-10-13T20:40:00,52.6,54.4,57.9,26,0
2026-10-13T20:41:00,49.6,55.3,57.8,33,1
2026-10-13T20:42:00,53.1,54.7,57.9,37,0
2026-10-13T20:43:00,52.6,53.5,57.8,39,1
2026-10-13T20:44:00,50.4,52.7,57.8,42,0
2026-10-13T20:45:00,25.6,53.6,58.0,37,0
2026-10-13T20:46:00,23.2,53.8,57.8,40,0
2026-10-13T20:47:00,22.6,54.2,57.6,35,0
2026-10-13T20:48:00,24.4,53.2,57.5,42,0
2026-10-13T20:49:00,22.3,53.9,57.5,42,0
2026-10-13T20:50:00,26.0,54.2,57.5,40,0
2026-10-13T20:51:00,25.4,53.2,57.4,39,0
2026-10-13T20:52:00,21.7,51.4,57.5,40,
2026-10-13T20:53:00,20.3,53.0,57.6,39,0
2026-10-13T20:54:00,23.9,52.9,57.6,41,1
2026-10-13T20:55:00,27.0,53.3,57.4,40,1
2026-10-13T20:56:00,29.8,53.4,57.3,47,0
2026-10-13T20:57:00,26.9,52.9,57.2,46,0
2026-10-13T20:58:00,24.7,53.5,57.3,44,1
2026-10-13T20:59:00,25.0,52.8,57.9,37,0
2026-10-13T21:00:00,21.3,53.1,58.2,33,1
2026-10-13T21:01:00,24.3,51.0,58.1,34,0
2026-10-13T21:02:00,23.9,52.1,57.9,37,0
2026-10-13T21:03:00,26.8,52.4,58.2,38,0
2026-10-13T21:04:00,24.3,53.9,57.9,33,1
2026-10-13T21:05:00,25.0,54.4,57.5,36,0
2026-10-13T21:06:00,24.8,55.4,57.7,41,1
2026-10-13T21:07:00,25.3,54.3,57.6,43,0
2026-10-13T21:08:00,25.3,53.0,57.9,43,0
2026-10-13T21:09:00,27.9,53.5,58.0,44,0
2026-10-13T21:10:00,27.5,55.4,58.1,38,0
2026-10-13T21:11:00,25.6,55.0,58.0,45,0
2026-10-13T21:12:00,27.6,53.8,58.0,43,0
2026-10-13T21:13:00,23.6,53.9,58.0,41,0
2026-10-13T21:14:00,25.3,55.0,57.9,44,1
2026-10-13T21:15:00,26.6,56.5,57.8,45,1
2026-10-13T21:16:00,27.8,54.8,58.0,45,0
2026-10-13T21:17:00,25.9,54.0,57.8,50,0
2026-10-13T21:18:00,24.5,53.3,57.5,48,1
2026-10-13T21:19:00,24.6,51.7,58.0,41,0
2026-10-13T21:20:00,25.5,53.2,58.2,49,0
2026-10-13T21:21:00,21.5,52.1,58.2,40,0
2026-10-13T21:22:00,25.0,52.4,58.1,40,0
2026-10-13T21:23:00,21.6,51.9,57.9,42,1
2026-10-13T21:24:00,22.7,53.3,57.5,37,0
2026-10-13T21:25:00,23.5,53.0,57.5,39,1
2026-10-13T21:26:00,26.8,52.9,57.5,42,0
2026-10-13T21:27:00,27.0,53.7,57.5,44,0
2026-10-13T21:28:00,25.9,53.7,57.7,44,0
2026-10-13T21:29:00,25.5,53.1,57.8,41,0
2026-10-13T21:30:00,23.3,,57.8,145,0
2026-10-13T21:31:00,23.0,55.3,57.7,147,1
2026-10-13T21:32:00,24.2,53.4,57.9,145,0
2026-10-13T21:33:00,22.6,54.1,57.8,138,0
2026-10-13T21:34:00,26.5,54.4,58.0,135,0
2026-10-13T21:35:00,25.9,53.1,58.1,136,0
2026-10-13T21:36:00,23.5,53.3,57.8,139,0
2026-10-13T21:37:00,22.3,52.6,58.1,146,0
2026-10-13T21:38:00,24.2,53.4,58.2,143,0
2026-10-13T21:39:00,22.8,53.5,58.2,148,1
2026-10-13T21:40:00,22.1,51.9,58.4,151,0
2026-10-13T21:41:00,24.4,52.4,58.1,157,0
2026-10-13T21:42:00,23.5,53.5,58.3,147,1
2026-10-13T21:43:00,21.6,54.4,57.8,154,1
2026-10-13T21:44:00,18.8,53.9,57.8,150,0
2026-10-13T21:45:00,19.7,,58.0,160,0
2026-10-13T21:46:00,23.2,53.4,58.0,46,0
2026-10-13T21:47:00,21.3,53.9,57.8,47,0
2026-10-13T21:48:00,22.6,52.2,57.9,37,0
2026-10-13T21:49:00,23.3,51.5,57.8,40,0
2026-10-13T21:50:00,20.8,51.3,57.7,33,1
2026-10-13T21:51:00,22.1,51.1,57.6,29,0
2026-10-13T21:52:00,24.8,51.6,57.7,34,0
2026-10-13T21:53:00,23.1,51.0,57.7,44,0
2026-10-13T21:54:00,26.1,51.6,57.6,39,0
2026-10-13T21:55:00,28.4,54.5,57.8,45,0
2026-10-13T21:56:00,29.0,54.7,58.1,36,0
2026-10-13T21:57:00,28.7,54.1,57.9,37,0
2026-10-13T21:58:00,26.8,53.2,57.9,37,0
2026-10-13T21:59:00,29.1,51.7,57.8,39,0
2026-10-13T22:00:00,50.7,52.3,57.6,44,0
2026-10-13T22:01:00,50.2,51.7,57.9,44,0
2026-10-13T22:02:00,45.9,53.6,58.1,44,0
2026-10-13T22:03:00,47.0,52.9,58.1,53,0
2026-10-13T22:04:00,45.4,50.9,57.9,53,0
2026-10-13T22:05:00,47.4,50.8,57.8,48,0
2026-10-13T22:06:00,47.1,51.0,57.8,45,1
2026-10-13T22:07:00,42.6,50.9,57.9,35,0
2026-10-13T22:08:00,44.2,53.3,57.7,37,0
2026-10-13T22:09:00,44.2,53.1,57.6,35,0
2026-10-13T22:10:00,42.7,54.7,57.8,35,0
2026-10-13T22:11:00,46.8,54.8,57.6,38,0
2026-10-13T22:12:00,46.0,53.3,57.8,34,1
2026-10-13T22:13:00,45.8,51.4,57.5,33,0
2026-10-13T22:14:00,46.7,51.8,57.8,28,0
2026-10-13T22:15:00,49.1,53.2,57.8,26,0
2026-10-13T22:16:00,47.2,53.3,57.8,26,0
2026-10-13T22:17:00,48.1,52.7,57.6,27,0
2026-10-13T22:18:00,50.3,52.1,57.6,37,0
2026-10-13T22:19:00,51.7,51.7,57.6,39,0
2026-10-13T22:20:00,51.5,52.4,57.6,43,0
2026-10-13T22:21:00,49.7,52.2,57.9,38,0
2026-10-13T22:22:00,48.0,51.1,57.9,37,0
2026-10-13T22:23:00,50.4,51.5,58.1,21,0
2026-10-13T22:24:00,51.2,50.9,58.0,21,0
2026-10-13T22:25:00,25.4,50.2,58.2,19,0
2026-10-13T22:26:00,24.1,52.5,57.7,30,0
2026-10-13T22:27:00,22.5,54.3,58.1,37,0
2026-10-13T22:28:00,22.1,55.1,58.0,44,1
2026-10-13T22:29:00,26.3,53.5,57.9,46,1
2026-10-13T22:30:00,25.6,53.8,58.0,44,0
2026-10-13T22:31:00,25.9,53.8,57.9,45,0
2026-10-13T22:32:00,25.6,53.2,57.6,52,0
2026-10-13T22:33:00,25.6,54.5,57.6,46,0
2026-10-13T22:34:00,27.7,55.6,57.7,47,0
2026-10-13T22:35:00,27.4,55.9,57.8,37,1
2026-10-13T22:36:00,29.2,55.8,57.8,38,0
2026-10-13T22:37:00,27.8,,58.1,36,0
2026-10-13T22:38:00,28.1,54.6,57.9,37,0
2026-10-13T22:39:00,28.7,53.8,57.8,39,0
2026-10-13T22:40:00,26.8,55.7,57.7,34,0
2026-10-13T22:41:00,26.3,55.7,57.8,36,0
2026-10-13T22:42:00,26.1,55.8,57.9,42,0
2026-10-13T22:43:00,23.6,57.2,58.0,30,0
2026-10-13T22:44:00,23.9,57.0,57.9,41,0
2026-10-13T22:45:00,20.8,57.5,58.2,35,0
2026-10-13T22:46:00,21.1,58.5,58.2,31,0
2026-10-13T22:47:00,25.6,58.3,58.1,33,0
2026-10-13T22:48:00,18.6,56.1,57.9,38,0
2026-10-13T22:49:00,19.3,54.7,57.8,33,0
2026-10-13T22:50:00,21.8,55.6,57.9,37,0
2026-10-13T22:51:00,20.3,55.6,58.0,33,0
2026-10-13T22:52:00,20.6,54.5,58.1,36,0
2026-10-13T22:53:00,19.8,54.7,57.8,35,0
2026-10-13T22:54:00,21.6,55.2,58.0,35,0
2026-10-13T22:55:00,21.5,54.2,58.1,39,0
2026-10-13T22:56:00,23.0,52.1,58.4,50,0
2026-10-13T22:57:00,20.3,53.3,58.2,46,0
2026-10-13T22:58:00,23.0,51.6,58.4,48,0
2026-10-13T22:59:00,23.8,51.9,58.2,42,1
2026-10-13T23:00:00,21.9,53.0,58.1,151,2
2026-10-13T23:01:00,24.6,53.1,57.9,161,0
2026-10-13T23:02:00,29.0,52.5,57.8,164,1
2026-10-13T23:03:00,34.5,52.7,58.0,167,2
2026-10-13T23:04:00,36.3,53.3,58.0,170,3
2026-10-13T23:05:00,37.4,52.7,58.0,173,2
2026-10-13T23:06:00,39.7,53.8,58.2,169,0
2026-10-13T23:07:00,38.3,54.8,58.1,169,0
2026-10-13T23:08:00,40.7,54.0,58.2,173,0
2026-10-13T23:09:00,39.6,52.3,57.8,176,0
2026-10-13T23:10:00,37.4,52.1,57.9,171,0
2026-10-13T23:11:00,37.9,51.9,58.0,170,0
2026-10-13T23:12:00,38.7,51.0,58.1,166,0
2026-10-13T23:13:00,36.6,53.0,57.8,173,0
2026-10-13T23:14:00,39.1,54.8,57.8,169,2
2026-10-13T23:15:00,36.3,52.9,57.7,175,0
2026-10-13T23:16:00,39.1,52.5,57.8,169,0
2026-10-13T23:17:00,42.0,52.6,57.7,172,0
2026-10-13T23:18:00,43.6,51.7,58.0,164,0
2026-10-13T23:19:00,39.8,51.3,58.0,172,1
2026-10-13T23:20:00,36.4,51.2,57.8,168,0
2026-10-13T23:21:00,39.9,52.6,57.9,173,1
2026-10-13T23:22:00,37.7,53.1,57.6,168,0
2026-10-13T23:23:00,37.9,53.0,57.8,165,0
2026-10-13T23:24:00,38.6,52.2,57.8,160,0
2026-10-13T23:25:00,39.8,53.4,57.5,160,0
2026-10-13T23:26:00,40.3,55.8,57.3,170,
2026-10-13T23:27:00,42.7,52.6,57.7,53,0
2026-10-13T23:28:00,42.2,51.9,57.8,56,0
2026-10-13T23:29:00,40.1,52.4,57.9,55,0
2026-10-13T23:30:00,63.5,53.5,58.0,60,0
2026-10-13T23:31:00,64.0,54.0,58.1,57,1
2026-10-13T23:32:00,65.1,52.9,57.9,56,0
2026-10-13T23:33:00,65.8,53.7,57.9,57,0
2026-10-13T23:34:00,61.6,52.9,58.4,57,0
2026-10-13T23:35:00,61.6,53.4,58.2,64,0
2026-10-13T23:36:00,58.5,52.7,58.2,55,0
2026-10-13T23:37:00,51.8,52.4,58.2,53,0
2026-10-13T23:38:00,51.0,53.0,58.1,56,0
2026-10-13T23:39:00,48.0,51.6,58.2,54,0
2026-10-13T23:40:00,45.5,51.1,58.1,47,1
2026-10-13T23:41:00,47.2,51.4,57.9,41,0
2026-10-13T23:42:00,43.3,52.6,57.8,28,0
2026-10-13T23:43:00,44.9,53.5,57.9,37,0
2026-10-13T23:44:00,48.7,53.4,58.1,38,0
2026-10-13T23:45:00,50.3,54.3,57.9,40,1
2026-10-13T23:46:00,50.3,53.6,57.9,37,0
2026-10-13T23:47:00,49.0,53.2,57.8,35,1
2026-10-13T23:48:00,51.4,54.4,57.8,40,1
2026-10-13T23:49:00,50.9,53.2,57.9,28,0
2026-10-13T23:50:00,48.1,52.5,57.9,32,0
2026-10-13T23:51:00,46.0,53.3,58.1,31,0
2026-10-13T23:52:00,46.3,53.7,57.7,31,1
2026-10-13T23:53:00,46.2,55.1,57.6,33,0
2026-10-13T23:54:00,46.6,53.9,57.5,31,0
2026-10-13T23:55:00,48.4,54.4,57.6,41,0
2026-10-13T23:56:00,50.3,54.8,57.5,37,0
2026-10-13T23:57:00,53.6,55.3,57.6,28,0
2026-10-13T23:58:00,52.2,54.4,57.9,30,0
2026-10-13T23:59:00,48.2,54.4,58.1,26,0
2026-10-14T00:00:00,47.4,54.3,57.8,22,1
2026-10-14T00:01:00,45.4,55.4,57.7,19,1
2026-10-14T00:02:00,45.2,56.0,57.5,25,1
2026-10-14T00:03:00,47.3,54.6,57.8,22,0
2026-10-14T00:04:00,49.0,54.4,57.7,32,0
2026-10-14T00:05:00,23.9,54.0,57.7,34,0
2026-10-14T00:06:00,21.4,52.4,57.6,27,0
2026-10-14T00:07:00,22.9,53.0,57.6,37,0
2026-10-14T00:08:00,26.7,52.4,57.6,38,0
2026-10-14T00:09:00,23.3,53.2,58.1,39,0
2026-10-14T00:10:00,20.6,55.3,58.0,38,0
2026-10-14T00:11:00,18.6,54.6,57.8,36,1
2026-10-14T00:12:00,15.3,53.8,58.0,38,0
2026-10-14T00:13:00,17.9,53.6,57.8,35,0
2026-10-14T00:14:00,23.7,53.8,58.1,31,1
2026-10-14T00:15:00,25.4,55.9,58.2,27,0
2026-10-14T00:16:00,22.9,56.3,58.0,22,0
2026-10-14T00:17:00,24.8,55.4,58.1,25,0
2026-10-14T00:18:00,19.2,54.1,58.3,32,0
2026-10-14T00:19:00,20.6,53.8,58.4,32,1
2026-10-14T00:20:00,22.4,55.4,58.4,28,0
2026-10-14T00:21:00,23.8,52.1,58.4,24,0
2026-10-14T00:22:00,21.8,52.0,58.5,25,1
2026-10-14T00:23:00,23.7,51.5,58.1,37,0
2026-10-14T00:24:00,23.4,51.9,58.0,31,0
2026-10-14T00:25:00,21.8,52.2,57.8,31,0
2026-10-14T00:26:00,24.7,52.0,57.6,27,0
2026-10-14T00:27:00,25.2,53.6,57.5,36,0
2026-10-14T00:28:00,25.6,52.6,57.8,34,1
2026-10-14T00:29:00,26.3,53.4,57.8,33,1
2026-10-14T00:30:00,23.6,52.2,57.8,147,1
2026-10-14T00:31:00,25.2,53.6,57.9,148,2
2026-10-14T00:32:00,24.9,55.2,58.0,146,3
2026-10-14T00:33:00,28.6,55.6,57.9,143,2
2026-10-14T00:34:00,28.0,55.3,58.1,141,0
2026-10-14T00:35:00,28.3,55.6,57.9,145,3
2026-10-14T00:36:00,28.6,55.0,,145,2
2026-10-14T00:37:00,29.6,53.7,57.8,146,2
2026-10-14T00:38:00,25.4,52.6,57.7,147,1
2026-10-14T00:39:00,26.1,54.0,58.0,144,4
2026-10-14T00:40:00,26.6,52.8,58.1,138,2
2026-10-14T00:41:00,26.0,55.5,58.2,138,2
2026-10-14T00:42:00,26.6,52.5,58.1,138,2
2026-10-14T00:43:00,26.7,54.2,58.4,139,4
2026-10-14T00:44:00,25.2,54.9,58.4,138,3
2026-10-14T00:45:00,27.6,53.4,58.2,139,2
2026-10-14T00:46:00,25.1,51.6,58.1,135,1
2026-10-14T00:47:00,25.4,52.0,57.8,145,2
2026-10-14T00:48:00,26.0,53.3,57.9,139,1
2026-10-14T00:49:00,27.0,51.9,57.7,135,1
2026-10-14T00:50:00,24.7,52.9,57.6,135,0
2026-10-14T00:51:00,27.3,54.7,58.0,139,0
2026-10-14T00:52:00,25.3,53.4,58.1,133,2
2026-10-14T00:53:00,26.3,52.9,58.3,142,0
2026-10-14T00:54:00,26.9,52.8,58.4,136,0
2026-10-14T00:55:00,23.7,52.4,57.9,142,0
2026-10-14T00:56:00,24.7,50.4,57.9,151,0
2026-10-14T00:57:00,25.4,54.7,58.2,153,0
2026-10-14T00:58:00,26.9,53.4,57.9,154,0
2026-10-14T00:59:00,25.9,54.2,57.9,150,0
2026-10-14T01:00:00,51.3,54.1,58.1,155,0
2026-10-14T01:01:00,51.1,52.2,57.8,152,0
2026-10-14T01:02:00,48.8,52.5,57.7,144,0
2026-10-14T01:03:00,48.0,51.6,57.8,144,0
2026-10-14T01:04:00,49.8,50.6,57.6,149,0
2026-10-14T01:05:00,46.4,50.8,57.5,156,0
2026-10-14T01:06:00,49.3,50.4,58.1,153,0
2026-10-14T01:07:00,47.8,53.1,58.1,159,0
2026-10-14T01:08:00,47.0,53.7,58.1,38,0
2026-10-14T01:09:00,48.7,53.7,57.8,41,0
2026-10-14T01:10:00,49.4,53.8,58.0,38,0
2026-10-14T01:11:00,49.0,54.7,57.8,40,0
2026-10-14T01:12:00,48.2,55.6,57.7,38,0
2026-10-14T01:13:00,49.6,55.3,57.9,36,0
2026-10-14T01:14:00,50.6,53.8,58.1,33,0
2026-10-14T01:15:00,51.1,54.1,58.0,43,0
2026-10-14T01:16:00,53.2,53.6,58.0,55,0
2026-10-14T01:17:00,53.1,55.5,58.0,51,0
2026-10-14T01:18:00,51.7,56.9,58.0,52,0
2026-10-14T01:19:00,51.0,56.2,58.2,46,0
2026-10-14T01:20:00,51.2,55.3,58.1,45,0
2026-10-14T01:21:00,48.4,54.1,58.1,38,0
2026-10-14T01:22:00,48.9,,57.9,39,0
2026-10-14T01:23:00,50.4,52.4,57.9,35,0
2026-10-14T01:24:00,51.0,53.7,57.7,36,0
2026-10-14T01:25:00,51.6,51.2,57.7,36,1
2026-10-14T01:26:00,48.8,53.5,58.2,31,0
2026-10-14T01:27:00,48.1,55.0,57.9,26,0
2026-10-14T01:28:00,47.8,55.2,57.8,26,0
2026-10-14T01:29:00,49.6,54.6,57.9,38,0
2026-10-14T01:30:00,47.3,54.3,57.9,37,0
2026-10-14T01:31:00,46.6,55.1,57.8,43,0
2026-10-14T01:32:00,44.6,52.9,58.0,47,0
2026-10-14T01:33:00,43.3,51.9,57.8,41,0
2026-10-14T01:34:00,42.2,51.6,58.0,49,0
2026-10-14T01:35:00,45.4,50.6,57.9,51,0
2026-10-14T01:36:00,46.5,51.0,57.9,44,0
2026-10-14T01:37:00,47.7,50.9,57.9,45,1
2026-10-14T01:38:00,45.4,50.7,57.7,44,0
2026-10-14T01:39:00,44.9,51.5,57.7,35,0
2026-10-14T01:40:00,46.9,52.0,57.9,40,1
2026-10-14T01:41:00,47.8,52.0,57.8,50,1
2026-10-14T01:42:00,47.0,52.3,57.6,50,0
2026-10-14T01:43:00,47.1,52.0,57.8,50,0
2026-10-14T01:44:00,49.0,51.3,57.6,48,0
2026-10-14T01:45:00,21.8,51.0,57.6,44,0
2026-10-14T01:46:00,21.5,50.7,57.8,43,0
2026-10-14T01:47:00,21.6,50.8,57.9,35,0
2026-10-14T01:48:00,19.6,51.7,58.1,43,0
2026-10-14T01:49:00,20.2,52.4,58.3,50,0
2026-10-14T01:50:00,19.3,54.2,58.2,44,1
2026-10-14T01:51:00,18.8,53.8,58.1,37,0
2026-10-14T01:52:00,21.3,52.6,57.8,35,0
2026-10-14T01:53:00,22.5,53.8,57.7,30,0
2026-10-14T01:54:00,23.8,54.4,57.9,32,0
2026-10-14T01:55:00,25.1,54.1,58.0,32,0
2026-10-14T01:56:00,24.6,55.5,57.9,32,0
2026-10-14T01:57:00,25.0,54.9,58.0,28,1
2026-10-14T01:58:00,24.5,56.0,58.0,26,0
2026-10-14T01:59:00,24.3,55.0,58.0,34,0
2026-10-14T02:00:00,23.7,54.9,58.0,142,0
2026-10-14T02:01:00,23.1,56.5,57.9,134,0
2026-10-14T02:02:00,23.0,55.7,58.0,133,3
2026-10-14T02:03:00,22.7,54.7,58.1,138,1
2026-10-14T02:04:00,22.4,54.3,58.0,138,2
2026-10-14T02:05:00,22.0,54.6,57.9,136,
2026-10-14T02:06:00,22.9,54.7,57.8,141,3
2026-10-14T02:07:00,21.3,52.6,58.0,129,7
2026-10-14T02:08:00,23.5,54.2,57.9,140,2
2026-10-14T02:09:00,17.7,53.5,57.8,146,1
2026-10-14T02:10:00,16.2,53.0,57.9,149,3
2026-10-14T02:11:00,21.6,51.8,57.8,148,0
2026-10-14T02:12:00,18.0,50.6,57.9,151,0
2026-10-14T02:13:00,20.0,51.2,58.2,150,3
2026-10-14T02:14:00,18.7,49.1,58.1,159,1
2026-10-14T02:15:00,20.2,48.5,58.2,151,7
2026-10-14T02:16:00,22.0,47.9,57.8,148,4
2026-10-14T02:17:00,22.1,48.6,57.8,153,3
2026-10-14T02:18:00,24.2,49.8,57.5,150,0
2026-10-14T02:19:00,23.9,50.7,57.5,142,2
2026-10-14T02:20:00,20.8,53.2,57.7,136,3
2026-10-14T02:21:00,22.2,53.2,57.8,144,0
2026-10-14T02:22:00,23.3,54.0,57.8,142,2
2026-10-14T02:23:00,24.4,54.4,57.5,144,6
2026-10-14T02:24:00,24.0,54.0,57.4,153,1
2026-10-14T02:25:00,22.4,54.5,57.8,154,1
2026-10-14T02:26:00,23.9,55.7,57.5,143,1
2026-10-14T02:27:00,24.4,54.8,57.5,147,2
2026-10-14T02:28:00,23.9,52.7,57.6,139,4
2026-10-14T02:29:00,21.9,52.8,57.6,140,2
2026-10-14T02:30:00,46.6,53.5,57.7,144,2
2026-10-14T02:31:00,49.2,53.1,57.5,142,3
2026-10-14T02:32:00,50.3,52.6,57.8,142,1
2026-10-14T02:33:00,52.5,53.9,57.7,148,2
2026-10-14T02:34:00,52.7,54.5,57.8,141,4
2026-10-14T02:35:00,52.9,53.6,57.6,147,0
2026-10-14T02:36:00,49.9,54.1,57.8,145,0
2026-10-14T02:37:00,52.0,54.1,58.2,146,0
2026-10-14T02:38:00,50.2,54.8,58.2,151,1
2026-10-14T02:39:00,51.6,55.7,58.1,149,0
2026-10-14T02:40:00,50.4,53.8,57.8,148,0
2026-10-14T02:41:00,48.4,53.3,57.8,153,0
2026-10-14T02:42:00,50.2,51.2,57.6,155,0
2026-10-14T02:43:00,51.7,53.8,57.8,156,0
2026-10-14T02:44:00,51.1,51.3,57.7,154,0
2026-10-14T02:45:00,50.7,52.0,57.5,144,0
2026-10-14T02:46:00,48.6,53.8,57.7,153,1
2026-10-14T02:47:00,46.4,52.9,57.9,156,0
2026-10-14T02:48:00,42.7,54.1,57.8,158,0
2026-10-14T02:49:00,42.1,53.4,57.8,50,0
2026-10-14T02:50:00,44.0,51.8,57.7,49,0
2026-10-14T02:51:00,44.5,52.4,57.7,45,0
2026-10-14T02:52:00,45.5,51.9,58.0,45,
2026-10-14T02:53:00,45.9,53.5,57.9,51,0
2026-10-14T02:54:00,45.2,52.3,58.0,43,0
2026-10-14T02:55:00,43.4,53.7,58.0,40,0
2026-10-14T02:56:00,44.4,52.7,58.4,34,1
2026-10-14T02:57:00,44.6,51.8,58.2,39,0
2026-10-14T02:58:00,43.5,51.3,58.3,,2
2026-10-14T02:59:00,40.8,51.3,58.1,39,0
2026-10-14T03:00:00,42.0,50.8,58.1,38,0
2026-10-14T03:01:00,44.0,53.5,57.9,32,1
2026-10-14T03:02:00,42.0,53.9,57.9,29,0
2026-10-14T03:03:00,44.3,53.3,57.7,29,1
2026-10-14T03:04:00,46.4,52.6,57.5,30,0
2026-10-14T03:05:00,46.6,51.0,58.0,31,0
2026-10-14T03:06:00,44.1,51.0,57.9,33,0
2026-10-14T03:07:00,45.9,51.1,57.9,34,0
2026-10-14T03:08:00,43.8,49.4,58.1,33,0
2026-10-14T03:09:00,45.3,50.2,58.0,22,0
2026-10-14T03:10:00,45.0,49.9,58.0,25,0
2026-10-14T03:11:00,46.4,49.2,58.0,27,0
2026-10-14T03:12:00,47.1,49.9,58.1,25,1
2026-10-14T03:13:00,47.1,51.1,58.3,31,0
2026-10-14T03:14:00,44.8,50.2,58.1,31,1
2026-10-14T03:15:00,50.2,50.4,58.0,36,0
2026-10-14T03:16:00,51.5,51.6,57.8,40,0
2026-10-14T03:17:00,49.0,52.1,57.6,37,0
2026-10-14T03:18:00,49.4,52.2,57.8,34,0
2026-10-14T03:19:00,49.2,50.7,57.6,29,0
2026-10-14T03:20:00,49.0,52.2,57.5,27,0
2026-10-14T03:21:00,45.1,53.6,57.9,35,1
2026-10-14T03:22:00,47.6,53.5,58.3,40,0
2026-10-14T03:23:00,51.4,52.9,58.2,38,0
2026-10-14T03:24:00,47.5,53.4,58.4,38,0
2026-10-14T03:25:00,24.9,54.3,58.3,35,0
2026-10-14T03:26:00,23.2,55.8,58.3,31,0
2026-10-14T03:27:00,24.2,56.2,58.0,32,1
2026-10-14T03:28:00,22.4,57.4,57.7,38,0
2026-10-14T03:29:00,20.4,56.0,57.9,35,0
2026-10-14T03:30:00,25.0,56.1,58.0,148,6
2026-10-14T03:31:00,22.9,54.4,58.2,147,4
2026-10-14T03:32:00,22.5,54.2,58.1,144,3
2026-10-14T03:33:00,22.6,54.6,58.0,149,2
2026-10-14T03:34:00,22.3,54.1,58.1,146,2
2026-10-14T03:35:00,23.0,54.7,58.0,143,0
2026-10-14T03:36:00,26.1,54.3,57.9,138,0
2026-10-14T03:37:00,24.5,53.6,57.9,143,2
2026-10-14T03:38:00,26.9,53.2,57.7,144,2
2026-10-14T03:39:00,23.4,55.3,57.6,149,1
2026-10-14T03:40:00,23.5,54.1,57.5,144,4
2026-10-14T03:41:00,24.1,53.8,57.6,147,4
2026-10-14T03:42:00,25.6,53.7,57.8,145,4
2026-10-14T03:43:00,25.9,53.9,57.9,141,1
2026-10-14T03:44:00,23.6,53.1,58.0,134,3
2026-10-14T03:45:00,20.5,54.5,58.1,131,2
2026-10-14T03:46:00,20.1,53.2,58.1,136,3
2026-10-14T03:47:00,20.9,52.8,58.2,134,3
2026-10-14T03:48:00,20.4,54.2,58.3,138,3
2026-10-14T03:49:00,24.9,54.4,58.0,137,0
2026-10-14T03:50:00,27.0,52.9,58.2,129,3
2026-10-14T03:51:00,27.8,53.4,57.9,136,3
2026-10-14T03:52:00,21.3,53.7,58.0,135,4
2026-10-14T03:53:00,23.2,53.0,58.1,139,4
2026-10-14T03:54:00,25.2,52.6,58.1,132,1
2026-10-14T03:55:00,26.9,52.8,58.0,134,1
2026-10-14T03:56:00,23.9,52.6,58.0,139,1
2026-10-14T03:57:00,25.7,53.7,57.9,151,0
2026-10-14T03:58:00,27.1,53.1,58.0,145,0
2026-10-14T03:59:00,24.4,53.1,57.9,148,1
2026-10-14T04:00:00,50.8,54.7,57.9,136,3
2026-10-14T04:01:00,50.2,53.9,57.9,141,4
2026-10-14T04:02:00,50.7,54.7,58.2,138,4
2026-10-14T04:03:00,49.5,54.7,58.4,141,3
2026-10-14T04:04:00,50.5,54.7,58.2,144,1
2026-10-14T04:05:00,48.8,53.2,58.2,150,4
2026-10-14T04:06:00,47.8,52.5,58.0,153,3
2026-10-14T04:07:00,48.8,52.2,58.0,149,4
2026-10-14T04:08:00,49.8,51.9,57.9,146,3
2026-10-14T04:09:00,48.7,53.4,58.1,144,2
2026-10-14T04:10:00,48.5,53.5,58.0,131,3
2026-10-14T04:11:00,49.0,53.9,57.9,138,2
2026-10-14T04:12:00,50.0,54.7,58.0,140,2
2026-10-14T04:13:00,52.9,53.5,58.0,139,5
2026-10-14T04:14:00,53.4,52.2,57.9,141,2
2026-10-14T04:15:00,53.4,54.0,58.0,135,2
2026-10-14T04:16:00,53.8,53.4,58.1,135,3
2026-10-14T04:17:00,50.5,53.8,58.1,140,2
2026-10-14T04:18:00,50.8,52.2,57.9,154,4
2026-10-14T04:19:00,49.6,52.3,57.8,156,0
2026-10-14T04:20:00,51.6,53.1,57.8,158,0
2026-10-14T04:21:00,48.0,55.4,57.9,147,0
2026-10-14T04:22:00,48.5,56.3,58.0,151,0
2026-10-14T04:23:00,48.2,55.5,58.1,150,0
2026-10-14T04:24:00,48.5,55.1,58.2,145,0
2026-10-14T04:25:00,47.8,55.5,58.0,144,0
2026-10-14T04:26:00,50.2,53.9,58.3,148,0
2026-10-14T04:27:00,50.6,53.6,58.2,150,0
2026-10-14T04:28:00,49.0,53.0,58.1,153,0
2026-10-14T04:29:00,46.8,52.6,58.0,36,0
2026-10-14T04:30:00,49.6,54.8,58.0,37,0
2026-10-14T04:31:00,51.3,56.4,57.9,28,0
2026-10-14T04:32:00,52.0,54.7,58.1,34,0
2026-10-14T04:33:00,48.9,54.9,58.0,35,0
2026-10-14T04:34:00,50.8,52.9,58.2,32,0
2026-10-14T04:35:00,47.0,54.2,57.9,36,0
2026-10-14T04:36:00,50.1,53.6,57.7,37,0
2026-10-14T04:37:00,48.4,55.4,57.8,40,0
2026-10-14T04:38:00,46.1,54.9,57.8,32,0
2026-10-14T04:39:00,43.2,53.5,58.1,27,0
2026-10-14T04:40:00,41.8,53.0,58.1,34,0
2026-10-14T04:41:00,43.9,52.9,58.0,38,0
2026-10-14T04:42:00,44.3,54.2,57.8,34,1
2026-10-14T04:43:00,49.0,54.3,57.8,33,0
2026-10-14T04:44:00,47.4,54.2,57.9,36,1
2026-10-14T04:45:00,48.5,54.5,57.8,39,0
2026-10-14T04:46:00,49.4,54.4,57.9,34,0
2026-10-14T04:47:00,50.9,52.3,57.9,32,1
2026-10-14T04:48:00,53.2,52.0,58.0,30,1
2026-10-14T04:49:00,53.6,52.4,58.0,37,0
2026-10-14T04:50:00,50.5,53.0,58.2,38,0
2026-10-14T04:51:00,49.0,52.7,58.0,30,0
2026-10-14T04:52:00,47.6,52.6,58.1,28,0
2026-10-14T04:53:00,48.7,51.6,58.3,31,0
2026-10-14T04:54:00,52.1,53.7,58.0,33,0
2026-10-14T04:55:00,48.5,52.0,58.2,37,0
2026-10-14T04:56:00,48.6,54.6,58.0,34,0
2026-10-14T04:57:00,48.8,55.3,57.9,30,0
2026-10-14T04:58:00,48.2,53.7,57.6,40,0
2026-10-14T04:59:00,48.3,52.6,57.7,43,2
2026-10-14T05:00:00,47.0,51.6,57.6,155,5
2026-10-14T05:01:00,46.6,52.1,57.8,156,2
2026-10-14T05:02:00,46.7,52.9,58.0,,2
2026-10-14T05:03:00,44.8,52.8,57.7,156,2
2026-10-14T05:04:00,46.7,53.3,57.8,148,5
2026-10-14T05:05:00,22.2,51.6,57.7,151,3
2026-10-14T05:06:00,22.9,51.8,57.8,151,4
2026-10-14T05:07:00,21.8,52.0,57.9,148,5
2026-10-14T05:08:00,20.6,49.1,57.8,146,3
2026-10-14T05:09:00,19.8,48.6,57.8,147,1
2026-10-14T05:10:00,21.0,47.9,57.6,144,3
2026-10-14T05:11:00,21.5,50.0,57.8,149,1
2026-10-14T05:12:00,21.2,,58.1,149,1
2026-10-14T05:13:00,25.8,52.5,58.3,147,1
2026-10-14T05:14:00,26.8,53.1,58.2,154,2
2026-10-14T05:15:00,27.0,52.3,58.0,156,2
2026-10-14T05:16:00,22.9,53.2,58.1,154,2
2026-10-14T05:17:00,26.8,51.0,58.1,152,6
2026-10-14T05:18:00,27.4,52.3,58.2,151,1
2026-10-14T05:19:00,26.8,53.5,57.9,151,2
2026-10-14T05:20:00,28.2,54.4,57.9,153,2
2026-10-14T05:21:00,29.5,53.0,58.1,144,2
2026-10-14T05:22:00,29.9,53.3,58.1,146,1
2026-10-14T05:23:00,28.9,51.9,58.0,152,2
2026-10-14T05:24:00,31.6,53.4,57.9,149,0
2026-10-14T05:25:00,29.5,55.3,57.6,146,1
2026-10-14T05:26:00,31.2,54.4,57.8,143,2
2026-10-14T05:27:00,29.0,53.6,57.9,148,1
2026-10-14T05:28:00,27.7,53.1,58.1,151,2
2026-10-14T05:29:00,27.9,55.8,57.7,145,3
2026-10-14T05:30:00,51.2,56.1,57.5,148,1
2026-10-14T05:31:00,49.9,56.0,57.8,144,1
2026-10-14T05:32:00,52.9,55.4,57.8,143,3
2026-10-14T05:33:00,49.4,54.9,57.9,143,5
2026-10-14T05:34:00,49.4,55.4,57.7,150,4
2026-10-14T05:35:00,47.2,55.2,57.9,158,2
2026-10-14T05:36:00,46.8,56.1,57.8,149,3
2026-10-14T05:37:00,45.8,54.4,57.9,148,0
2026-10-14T05:38:00,45.9,54.3,57.5,144,3
2026-10-14T05:39:00,45.5,54.4,57.7,147,4
2026-10-14T05:40:00,48.4,54.7,57.8,143,8
2026-10-14T05:41:00,50.2,54.9,57.7,142,3
2026-10-14T05:42:00,47.9,55.7,57.7,149,2
2026-10-14T05:43:00,46.9,55.2,58.1,149,9
2026-10-14T05:44:00,46.8,55.4,58.0,147,3
2026-10-14T05:45:00,48.9,53.6,58.0,146,3
2026-10-14T05:46:00,46.0,53.3,57.9,147,3
2026-10-14T05:47:00,45.3,51.2,58.1,143,5
2026-10-14T05:48:00,47.6,52.0,57.9,146,1
2026-10-14T05:49:00,52.5,52.8,58.0,143,1
2026-10-14T05:50:00,52.3,53.7,58.2,136,2
2026-10-14T05:51:00,51.3,53.1,58.2,133,4
2026-10-14T05:52:00,50.1,54.3,58.3,133,1
2026-10-14T05:53:00,51.6,54.1,58.3,134,4
2026-10-14T05:54:00,51.5,53.6,58.2,129,1
2026-10-14T05:55:00,51.0,53.7,58.7,139,1
2026-10-14T05:56:00,53.3,53.1,58.4,144,3
2026-10-14T05:57:00,51.0,54.2,58.3,144,2
2026-10-14T05:58:00,50.9,55.0,58.4,148,5
2026-10-14T05:59:00,51.8,54.2,58.0,149,1
2026-10-14T06:00:00,55.4,53.6,57.9,146,2
2026-10-14T06:01:00,52.9,53.5,57.8,140,2
2026-10-14T06:02:00,51.9,54.1,58.1,138,
2026-10-14T06:03:00,51.5,55.6,58.1,138,0
2026-10-14T06:04:00,48.3,54.1,58.1,140,0
2026-10-14T06:05:00,51.0,53.5,58.2,146,0
2026-10-14T06:06:00,46.9,54.2,58.0,149,0
2026-10-14T06:07:00,46.5,55.6,58.0,151,0
2026-10-14T06:08:00,48.1,56.5,58.0,150,2
2026-10-14T06:09:00,,55.2,58.2,147,0
2026-10-14T06:10:00,50.9,56.4,58.0,31,0
2026-10-14T06:11:00,49.2,56.9,57.8,30,0
2026-10-14T06:12:00,48.1,56.8,58.1,40,0
2026-10-14T06:13:00,49.4,55.0,58.2,29,0
2026-10-14T06:14:00,49.0,53.8,57.7,19,0
2026-10-14T06:15:00,48.3,53.2,58.1,26,1
2026-10-14T06:16:00,49.2,53.5,58.2,35,0
2026-10-14T06:17:00,51.1,51.9,58.0,33,1
2026-10-14T06:18:00,51.5,51.2,57.7,41,1
2026-10-14T06:19:00,52.6,54.0,57.8,41,0
2026-10-14T06:20:00,53.8,53.3,57.9,37,2
2026-10-14T06:21:00,52.5,52.6,57.8,31,1
2026-10-14T06:22:00,53.5,53.7,58.0,29,0
2026-10-14T06:23:00,51.2,52.3,58.0,31,0
2026-10-14T06:24:00,51.4,51.5,57.8,42,0
2026-10-14T06:25:00,49.5,52.2,57.9,36,0
2026-10-14T06:26:00,50.9,53.2,58.2,38,0
2026-10-14T06:27:00,50.7,53.0,58.1,40,0
2026-10-14T06:28:00,50.8,53.7,57.9,38,0
2026-10-14T06:29:00,49.2,53.4,57.8,37,0
2026-10-14T06:30:00,48.7,52.4,57.7,143,3
2026-10-14T06:31:00,49.8,51.5,57.9,144,2
2026-10-14T06:32:00,49.7,52.2,57.8,157,2
2026-10-14T06:33:00,48.1,53.2,57.5,152,1
2026-10-14T06:34:00,47.5,53.7,57.6,153,2
2026-10-14T06:35:00,54.7,53.9,57.8,143,3
2026-10-14T06:36:00,52.4,53.5,57.8,139,2
2026-10-14T06:37:00,51.4,53.2,57.8,140,1
2026-10-14T06:38:00,50.8,51.5,57.6,142,2
2026-10-14T06:39:00,51.3,52.6,57.6,135,0
2026-10-14T06:40:00,51.4,53.0,57.9,135,1
2026-10-14T06:41:00,50.3,55.4,57.7,137,2
2026-10-14T06:42:00,46.9,55.2,57.4,133,3
2026-10-14T06:43:00,47.8,53.7,57.4,134,3
2026-10-14T06:44:00,47.5,54.2,57.9,134,4
2026-10-14T06:45:00,22.5,55.3,57.9,141,4
2026-10-14T06:46:00,21.2,55.6,57.9,145,2
2026-10-14T06:47:00,19.8,55.9,58.1,147,1
2026-10-14T06:48:00,21.5,53.1,58.1,139,1
2026-10-14T06:49:00,24.6,55.5,57.9,142,2
2026-10-14T06:50:00,24.1,53.9,58.0,143,3
2026-10-14T06:51:00,23.7,54.4,58.2,147,3
2026-10-14T06:52:00,24.0,51.5,58.2,138,5
2026-10-14T06:53:00,24.0,51.4,58.3,143,0
2026-10-14T06:54:00,24.2,50.9,58.4,144,3
2026-10-14T06:55:00,26.5,52.8,58.2,151,3
2026-10-14T06:56:00,25.5,54.5,58.1,154,2
2026-10-14T06:57:00,28.0,54.8,58.0,152,6
2026-10-14T06:58:00,30.1,54.4,57.9,154,2
2026-10-14T06:59:00,29.5,53.9,58.2,150,1
2026-10-14T07:00:00,51.9,55.0,58.2,142,4
2026-10-14T07:01:00,52.0,54.2,58.5,138,1
2026-10-14T07:02:00,54.0,51.6,58.3,139,3
2026-10-14T07:03:00,54.8,51.5,58.2,148,4
2026-10-14T07:04:00,53.2,51.5,58.4,158,3
2026-10-14T07:05:00,50.4,51.6,58.3,158,4
2026-10-14T07:06:00,47.8,53.2,58.2,152,5
2026-10-14T07:07:00,44.3,53.0,58.1,151,6
2026-10-14T07:08:00,45.5,52.2,58.0,158,2
2026-10-14T07:09:00,47.7,54.7,57.8,158,4
2026-10-14T07:10:00,47.0,55.1,57.9,160,0
2026-10-14T07:11:00,46.8,56.6,57.9,154,2
2026-10-14T07:12:00,51.0,56.2,57.9,152,3
2026-10-14T07:13:00,47.2,56.2,58.0,153,4
2026-10-14T07:14:00,45.7,55.9,58.0,155,2
2026-10-14T07:15:00,47.6,55.6,58.1,153,3
2026-10-14T07:16:00,47.4,58.3,57.9,154,3
2026-10-14T07:17:00,49.4,57.8,57.5,148,3
2026-10-14T07:18:00,51.3,56.8,57.8,151,2
2026-10-14T07:19:00,50.7,56.0,58.2,158,2
2026-10-14T07:20:00,52.0,54.9,57.9,157,0
2026-10-14T07:21:00,49.7,55.8,57.8,158,3
2026-10-14T07:22:00,49.9,57.9,57.8,160,3
2026-10-14T07:23:00,53.0,56.0,57.9,152,1
2026-10-14T07:24:00,52.1,57.2,57.9,154,3
2026-10-14T07:25:00,54.6,57.8,57.9,151,0
2026-10-14T07:26:00,52.1,56.8,57.9,161,4
2026-10-14T07:27:00,51.1,57.0,57.7,152,4
2026-10-14T07:28:00,50.5,58.4,57.5,156,3
2026-10-14T07:29:00,51.8,57.1,57.5,153,2
2026-10-14T07:30:00,52.2,56.5,58.1,154,1
2026-10-14T07:31:00,53.5,54.6,58.0,154,4
2026-10-14T07:32:00,52.5,54.3,58.0,160,4
2026-10-14T07:33:00,52.3,53.8,57.7,161,1
2026-10-14T07:34:00,49.9,57.0,57.6,157,4
2026-10-14T07:35:00,48.8,57.0,57.6,159,1
2026-10-14T07:36:00,47.2,56.2,57.6,153,2
2026-10-14T07:37:00,47.1,56.5,57.6,148,6
2026-10-14T07:38:00,45.8,55.8,57.6,146,2
2026-10-14T07:39:00,46.5,55.3,57.7,150,2
2026-10-14T07:40:00,46.7,53.3,57.7,151,2
2026-10-14T07:41:00,46.6,53.6,57.6,154,3
2026-10-14T07:42:00,47.2,53.8,58.0,148,4
2026-10-14T07:43:00,47.4,54.0,58.0,148,3
2026-10-14T07:44:00,47.1,52.4,58.0,150,4
2026-10-14T07:45:00,50.7,51.3,57.9,147,5
2026-10-14T07:46:00,49.1,50.5,57.8,149,1
2026-10-14T07:47:00,47.9,51.6,57.6,148,3
2026-10-14T07:48:00,47.1,52.1,57.4,140,1
2026-10-14T07:49:00,49.9,53.5,57.8,138,0
2026-10-14T07:50:00,51.1,52.7,58.3,137,0
2026-10-14T07:51:00,52.5,52.7,58.0,35,0
2026-10-14T07:52:00,53.3,51.3,58.2,42,0
2026-10-14T07:53:00,51.4,50.2,58.0,46,0
2026-10-14T07:54:00,48.7,52.9,58.2,40,0
2026-10-14T07:55:00,46.1,51.5,58.3,44,0
2026-10-14T07:56:00,46.8,51.4,58.2,34,0
2026-10-14T07:57:00,45.8,51.0,58.2,36,0
2026-10-14T07:58:00,50.4,52.6,58.0,36,0
2026-10-14T07:59:00,48.7,50.9,58.0,31,2
2026-10-14T08:00:00,48.0,52.7,57.9,151,1
2026-10-14T08:01:00,46.2,52.8,57.9,151,1
2026-10-14T08:02:00,45.9,54.3,58.1,147,2
2026-10-14T08:03:00,46.3,52.4,58.0,143,9
2026-10-14T08:04:00,47.2,54.0,58.1,147,5
2026-10-14T08:05:00,48.1,54.5,58.0,146,3
2026-10-14T08:06:00,49.1,55.5,58.0,149,6
2026-10-14T08:07:00,49.1,54.0,58.0,148,1
2026-10-14T08:08:00,47.0,55.0,58.1,150,5
2026-10-14T08:09:00,45.4,58.0,58.0,139,1
2026-10-14T08:10:00,46.5,56.6,57.8,152,3
2026-10-14T08:11:00,44.9,55.7,57.9,150,3
2026-10-14T08:12:00,44.2,54.6,58.3,148,3
2026-10-14T08:13:00,47.9,54.5,58.2,158,6
2026-10-14T08:14:00,46.6,54.8,58.0,156,0
2026-10-14T08:15:00,47.1,54.9,57.5,152,1
2026-10-14T08:16:00,46.4,55.4,57.7,146,1
2026-10-14T08:17:00,44.3,57.2,58.1,148,4
2026-10-14T08:18:00,44.6,56.3,57.9,138,2
2026-10-14T08:19:00,48.8,55.1,57.9,141,1
2026-10-14T08:20:00,49.4,55.0,57.9,141,1
2026-10-14T08:21:00,48.2,55.4,58.1,140,0
2026-10-14T08:22:00,48.7,53.7,57.9,147,2
2026-10-14T08:23:00,48.1,52.3,57.8,146,0
2026-10-14T08:24:00,42.6,51.9,57.5,142,4
2026-10-14T08:25:00,18.5,54.4,57.9,143,1
2026-10-14T08:26:00,16.6,54.6,58.1,144,2
2026-10-14T08:27:00,17.8,56.6,57.6,153,1
2026-10-14T08:28:00,21.1,55.0,57.7,154,0
2026-10-14T08:29:00,21.0,53.5,57.9,151,1
2026-10-14T08:30:00,43.9,54.4,57.6,144,1
2026-10-14T08:31:00,47.2,53.9,57.5,156,0
2026-10-14T08:32:00,48.7,54.2,57.6,161,4
2026-10-14T08:33:00,49.4,53.8,57.9,158,1
2026-10-14T08:34:00,,54.6,57.9,158,2
2026-10-14T08:35:00,49.5,52.9,58.2,163,4
2026-10-14T08:36:00,50.9,53.2,58.2,156,4
2026-10-14T08:37:00,51.2,55.0,58.4,160,1
2026-10-14T08:38:00,48.9,53.5,58.7,169,4
2026-10-14T08:39:00,49.7,53.8,58.8,166,2
2026-10-14T08:40:00,50.9,53.2,58.4,159,9
2026-10-14T08:41:00,49.4,53.0,58.2,154,1
2026-10-14T08:42:00,54.5,55.0,58.0,153,0
2026-10-14T08:43:00,53.4,54.1,58.1,141,3
2026-10-14T08:44:00,54.2,54.5,58.1,136,0
2026-10-14T08:45:00,54.2,55.5,58.2,142,2
2026-10-14T08:46:00,53.2,55.5,58.0,148,2
2026-10-14T08:47:00,53.9,54.1,58.2,149,1
2026-10-14T08:48:00,55.7,,57.9,152,3
2026-10-14T08:49:00,53.1,53.7,57.9,155,5
2026-10-14T08:50:00,52.6,55.6,57.8,157,1
2026-10-14T08:51:00,51.3,54.8,57.8,150,2
2026-10-14T08:52:00,51.7,56.1,57.9,156,3
2026-10-14T08:53:00,51.7,56.0,58.1,152,2
2026-10-14T08:54:00,53.5,54.4,58.2,153,3
2026-10-14T08:55:00,50.4,54.0,58.3,143,2
2026-10-14T08:56:00,50.2,52.9,58.3,146,1
2026-10-14T08:57:00,49.0,53.5,58.1,156,2
2026-10-14T08:58:00,48.8,53.1,58.2,157,8
2026-10-14T08:59:00,49.3,53.4,58.3,156,4
2026-10-14T09:00:00,47.0,54.5,58.1,157,4
2026-10-14T09:01:00,47.7,53.0,58.1,162,3
2026-10-14T09:02:00,53.3,53.7,58.4,160,3
2026-10-14T09:03:00,48.7,53.5,58.7,165,1
2026-10-14T09:04:00,47.4,52.1,58.6,158,2
2026-10-14T09:05:00,47.9,51.0,58.2,159,1
2026-10-14T09:06:00,45.4,52.1,58.3,157,1
2026-10-14T09:07:00,44.1,50.6,58.2,152,2
2026-10-14T09:08:00,46.0,52.6,58.2,146,3
2026-10-14T09:09:00,46.6,53.4,58.5,150,2
2026-10-14T09:10:00,46.5,55.3,58.1,145,4
2026-10-14T09:11:00,47.8,56.0,57.5,147,1
2026-10-14T09:12:00,46.8,54.6,57.9,146,1
2026-10-14T09:13:00,47.6,54.6,57.9,152,3
2026-10-14T09:14:00,48.8,54.9,57.8,146,2
2026-10-14T09:15:00,45.7,53.8,57.8,138,1
2026-10-14T09:16:00,49.0,54.0,57.9,141,3
2026-10-14T09:17:00,49.2,53.0,58.0,148,1
2026-10-14T09:18:00,49.4,54.4,58.0,152,4
2026-10-14T09:19:00,46.9,54.0,58.3,148,0
2026-10-14T09:20:00,48.4,55.3,57.9,144,1
2026-10-14T09:21:00,49.1,54.8,57.8,140,0
2026-10-14T09:22:00,49.2,54.9,57.5,143,5
2026-10-14T09:23:00,47.1,55.2,57.5,141,1
2026-10-14T09:24:00,48.7,55.9,57.4,149,7
2026-10-14T09:25:00,48.8,55.8,57.7,148,1
2026-10-14T09:26:00,49.5,57.2,57.9,150,2
2026-10-14T09:27:00,49.3,55.3,57.6,150,2
2026-10-14T09:28:00,50.2,54.8,57.5,150,3
2026-10-14T09:29:00,49.3,56.7,57.6,147,1
2026-10-14T09:30:00,49.7,56.1,57.4,152,1
2026-10-14T09:31:00,49.5,54.6,57.3,148,2
2026-10-14T09:32:00,52.9,55.0,57.8,144,3
2026-10-14T09:33:00,55.1,52.9,57.6,148,2
2026-10-14T09:34:00,52.8,53.0,57.7,145,3
2026-10-14T09:35:00,55.2,53.1,58.0,145,4
2026-10-14T09:36:00,53.5,52.2,58.1,146,2
2026-10-14T09:37:00,54.7,52.4,57.9,141,4
2026-10-14T09:38:00,54.0,54.2,57.9,146,1
2026-10-14T09:39:00,55.9,53.6,57.8,145,3
2026-10-14T09:40:00,57.5,53.5,57.6,152,1
2026-10-14T09:41:00,54.7,54.4,57.6,158,4
2026-10-14T09:42:00,57.1,55.2,57.7,150,2
2026-10-14T09:43:00,53.8,55.8,57.6,145,1
2026-10-14T09:44:00,53.4,56.0,57.7,142,2
2026-10-14T09:45:00,54.9,54.4,57.8,142,3
2026-10-14T09:46:00,52.8,53.1,57.9,136,2
2026-10-14T09:47:00,54.5,53.6,57.7,140,7
2026-10-14T09:48:00,57.8,53.5,57.6,145,3
2026-10-14T09:49:00,58.6,53.4,57.6,141,1
2026-10-14T09:50:00,56.6,53.1,57.9,142,2
2026-10-14T09:51:00,57.1,52.3,58.2,144,2
2026-10-14T09:52:00,52.8,52.8,58.2,146,2
2026-10-14T09:53:00,50.0,56.2,58.2,155,5
2026-10-14T09:54:00,49.8,55.4,58.2,160,3
2026-10-14T09:55:00,51.2,56.2,58.1,155,0
2026-10-14T09:56:00,51.0,54.0,58.0,160,1
2026-10-14T09:57:00,52.3,53.0,58.2,158,7
2026-10-14T09:58:00,49.5,52.6,58.4,155,5
2026-10-14T09:59:00,46.7,53.7,58.5,154,3
2026-10-14T10:00:00,47.4,54.2,58.3,144,3
2026-10-14T10:01:00,53.1,52.9,58.5,139,3
2026-10-14T10:02:00,55.5,51.9,58.4,130,4
2026-10-14T10:03:00,54.2,52.3,58.0,138,4
2026-10-14T10:04:00,52.3,54.1,58.1,150,2
2026-10-14T10:05:00,26.2,54.1,58.4,40,0
2026-10-14T10:06:00,25.6,55.1,58.3,45,0
2026-10-14T10:07:00,27.7,55.3,58.2,35,0
2026-10-14T10:08:00,28.7,55.1,58.0,30,0
2026-10-14T10:09:00,26.5,57.1,57.7,38,0
2026-10-14T10:10:00,24.9,56.8,57.7,31,2
2026-10-14T10:11:00,24.0,54.1,57.7,38,1
2026-10-14T10:12:00,23.0,51.6,57.7,39,0
2026-10-14T10:13:00,26.0,54.1,57.7,40,1
2026-10-14T10:14:00,24.8,53.5,57.8,39,0
2026-10-14T10:15:00,25.2,52.5,57.8,46,0
2026-10-14T10:16:00,26.4,51.2,57.8,43,0
2026-10-14T10:17:00,25.7,50.0,57.8,48,0
2026-10-14T10:18:00,26.9,51.6,58.1,53,1
2026-10-14T10:19:00,29.9,52.1,58.1,48,1
2026-10-14T10:20:00,31.0,53.4,57.9,56,0
2026-10-14T10:21:00,30.7,55.8,57.8,53,0
2026-10-14T10:22:00,28.4,55.8,58.0,50,0
2026-10-14T10:23:00,28.3,56.1,58.1,49,1
2026-10-14T10:24:00,29.3,54.1,,41,0
2026-10-14T10:25:00,28.0,53.4,58.4,40,0
2026-10-14T10:26:00,27.8,53.4,58.3,34,0
2026-10-14T10:27:00,27.9,54.0,58.2,31,0
2026-10-14T10:28:00,25.1,53.2,58.0,32,0
2026-10-14T10:29:00,24.3,54.0,58.4,36,1
2026-10-14T10:30:00,23.7,55.7,58.2,43,0
2026-10-14T10:31:00,27.4,55.0,58.2,46,0
2026-10-14T10:32:00,27.6,55.1,58.3,44,0
2026-10-14T10:33:00,26.7,55.0,58.1,43,0
2026-10-14T10:34:00,28.8,55.8,58.2,46,1
2026-10-14T10:35:00,27.4,55.5,58.0,44,2
2026-10-14T10:36:00,25.6,54.0,57.9,42,0
2026-10-14T10:37:00,22.9,53.0,58.2,34,0
2026-10-14T10:38:00,28.1,53.3,58.4,31,0
2026-10-14T10:39:00,25.1,53.7,58.5,28,1
2026-10-14T10:40:00,23.9,56.0,,36,1
2026-10-14T10:41:00,26.4,55.6,58.3,38,0
2026-10-14T10:42:00,26.5,56.4,58.1,39,1
2026-10-14T10:43:00,29.5,53.6,57.8,31,3
2026-10-14T10:44:00,25.1,54.3,58.2,36,0
2026-10-14T10:45:00,24.2,55.3,58.1,39,0
2026-10-14T10:46:00,23.6,55.5,58.1,42,1
2026-10-14T10:47:00,25.8,55.7,58.1,45,0
2026-10-14T10:48:00,26.2,54.4,57.7,57,0
2026-10-14T10:49:00,25.9,55.0,57.7,50,0
2026-10-14T10:50:00,25.7,54.5,57.7,41,1
2026-10-14T10:51:00,25.6,53.6,57.5,35,0
2026-10-14T10:52:00,27.4,54.7,57.7,28,0
2026-10-14T10:53:00,31.2,54.5,57.7,38,1
2026-10-14T10:54:00,32.9,54.0,57.5,37,0
2026-10-14T10:55:00,29.1,54.0,57.7,28,0
2026-10-14T10:56:00,27.8,54.5,57.8,26,1
2026-10-14T10:57:00,25.1,54.8,57.5,28,0
2026-10-14T10:58:00,27.5,56.3,58.0,33,0
2026-10-14T10:59:00,32.2,56.2,58.2,26,0
2026-10-14T11:00:00,32.9,55.4,58.3,27,1
2026-10-14T11:01:00,33.9,55.7,58.2,30,4
2026-10-14T11:02:00,29.7,55.4,58.3,41,1
2026-10-14T11:03:00,31.5,56.4,58.2,42,0
2026-10-14T11:04:00,26.5,54.1,58.1,41,2
2026-10-14T11:05:00,,,,,
2026-10-14T11:06:00,,,,,
2026-10-14T11:07:00,,,,,
2026-10-14T11:08:00,,,,,
2026-10-14T11:09:00,,,,,
2026-10-14T11:10:00,,,,,
2026-10-14T11:11:00,,,,,
2026-10-14T11:12:00,,,,,
2026-10-14T11:13:00,,,,,
2026-10-14T11:14:00,,,,,
2026-10-14T11:15:00,,,,,
2026-10-14T11:16:00,32.9,57.5,57.9,48,2
2026-10-14T11:17:00,33.7,56.3,57.9,58,1
2026-10-14T11:18:00,34.1,57.0,58.0,49,0
2026-10-14T11:19:00,31.6,56.6,58.4,43,0
2026-10-14T11:20:00,31.8,57.6,58.5,45,0
2026-10-14T11:21:00,30.4,54.8,58.4,47,0
2026-10-14T11:22:00,32.2,54.6,58.1,51,0
2026-10-14T11:23:00,28.6,54.2,58.2,48,1
2026-10-14T11:24:00,29.6,54.5,58.2,,0
2026-10-14T11:25:00,30.4,53.8,58.2,39,0
2026-10-14T11:26:00,28.0,54.5,58.0,42,1
2026-10-14T11:27:00,26.2,55.1,57.8,34,0
2026-10-14T11:28:00,23.0,53.5,,38,1
2026-10-14T11:29:00,19.9,53.0,58.4,43,0
2026-10-14T11:30:00,22.4,53.7,58.0,41,0
2026-10-14T11:31:00,24.5,54.6,58.1,34,1
2026-10-14T11:32:00,25.4,54.6,58.2,39,0
2026-10-14T11:33:00,25.9,53.6,58.1,37,0
2026-10-14T11:34:00,22.2,53.8,58.4,40,0
2026-10-14T11:35:00,25.7,55.3,58.4,44,0
2026-10-14T11:36:00,27.3,55.5,58.4,39,1
2026-10-14T11:37:00,25.5,56.3,58.3,37,0
2026-10-14T11:38:00,27.6,55.8,58.5,33,0
2026-10-14T11:39:00,28.1,54.6,58.5,30,0
2026-10-14T11:40:00,28.3,55.6,58.1,37,0
2026-10-14T11:41:00,28.3,52.3,58.2,37,1
2026-10-14T11:42:00,28.6,53.7,57.9,36,0
2026-10-14T11:43:00,27.8,53.7,58.0,36,0
2026-10-14T11:44:00,27.0,54.3,57.7,41,0
2026-10-14T11:45:00,30.2,54.4,57.9,49,0
2026-10-14T11:46:00,30.9,54.3,58.0,52,0
2026-10-14T11:47:00,29.4,53.6,58.1,50,2
2026-10-14T11:48:00,27.4,53.4,58.0,51,0
2026-10-14T11:49:00,28.5,53.8,58.1,53,1
2026-10-14T11:50:00,28.2,54.7,58.3,48,0
2026-10-14T11:51:00,29.6,54.0,58.2,49,0
2026-10-14T11:52:00,29.8,52.9,58.4,45,2
2026-10-14T11:53:00,28.1,55.4,58.4,37,0
2026-10-14T11:54:00,25.1,52.2,58.0,41,0
2026-10-14T11:55:00,22.5,52.4,58.1,43,0
2026-10-14T11:56:00,23.6,51.0,58.3,42,0
2026-10-14T11:57:00,21.0,49.1,58.3,45,0
2026-10-14T11:58:00,20.1,50.3,58.5,49,0
2026-10-14T11:59:00,27.8,49.9,58.2,43,0
2026-10-14T12:00:00,26.5,52.1,58.4,45,0
2026-10-14T12:01:00,28.6,53.7,58.3,47,0
2026-10-14T12:02:00,25.9,52.4,58.1,51,0
2026-10-14T12:03:00,27.4,52.4,58.2,51,1
2026-10-14T12:04:00,23.2,53.2,58.1,55,0
2026-10-14T12:05:00,27.4,54.2,57.7,58,0
2026-10-14T12:06:00,29.2,54.4,57.8,50,0
2026-10-14T12:07:00,29.8,54.5,57.9,56,0
2026-10-14T12:08:00,29.4,55.4,58.0,55,0
2026-10-14T12:09:00,29.4,54.8,57.9,66,0
2026-10-14T12:10:00,31.1,55.1,58.2,61,0
2026-10-14T12:11:00,30.1,55.9,58.1,64,0
2026-10-14T12:12:00,30.4,54.9,58.0,61,1
2026-10-14T12:13:00,30.2,55.9,58.1,62,0
2026-10-14T12:14:00,28.0,55.7,58.0,59,0
2026-10-14T12:15:00,29.2,55.7,57.8,58,1
2026-10-14T12:16:00,26.5,55.1,58.0,48,0
2026-10-14T12:17:00,23.3,52.3,57.7,44,0
2026-10-14T12:18:00,24.4,51.0,57.7,38,0
2026-10-14T12:19:00,29.0,52.6,57.7,40,0
2026-10-14T12:20:00,31.4,54.3,57.7,39,1
2026-10-14T12:21:00,31.7,52.7,57.7,35,0
2026-10-14T12:22:00,27.8,53.8,58.0,33,1
2026-10-14T12:23:00,29.7,53.4,58.1,30,0
2026-10-14T12:24:00,30.2,52.5,58.0,27,0
2026-10-14T12:25:00,24.0,55.4,58.3,35,0
2026-10-14T12:26:00,25.5,55.7,58.5,40,1
2026-10-14T12:27:00,23.7,53.2,58.4,42,0
2026-10-14T12:28:00,28.1,54.2,58.5,41,1
2026-10-14T12:29:00,30.2,55.3,58.1,36,0
2026-10-14T12:30:00,24.2,55.4,58.3,36,0
2026-10-14T12:31:00,19.3,55.1,58.2,41,0
2026-10-14T12:32:00,20.2,54.2,58.0,47,0
2026-10-14T12:33:00,23.9,54.7,57.9,45,0
2026-10-14T12:34:00,25.8,55.5,58.0,40,0
2026-10-14T12:35:00,27.1,55.0,58.1,40,1
2026-10-14T12:36:00,25.2,55.7,57.9,43,0
2026-10-14T12:37:00,24.7,54.5,57.4,41,0
2026-10-14T12:38:00,24.9,55.5,57.3,45,0
2026-10-14T12:39:00,24.3,56.5,57.2,45,0
2026-10-14T12:40:00,26.4,55.5,57.5,48,0
2026-10-14T12:41:00,26.2,55.2,57.7,43,0
2026-10-14T12:42:00,26.5,56.2,57.6,43,0
2026-10-14T12:43:00,24.0,54.5,57.4,42,1
2026-10-14T12:44:00,26.8,54.8,57.4,45,0
2026-10-14T12:45:00,27.8,54.7,57.5,46,1
2026-10-14T12:46:00,29.1,53.5,57.6,46,0
2026-10-14T12:47:00,28.5,53.5,57.8,53,1
2026-10-14T12:48:00,29.0,52.6,57.8,62,2
2026-10-14T12:49:00,26.5,52.9,58.2,52,0
2026-10-14T12:50:00,25.3,53.2,58.5,50,0
2026-10-14T12:51:00,27.8,52.4,58.5,47,0
2026-10-14T12:52:00,28.1,53.6,58.2,51,0
2026-10-14T12:53:00,30.5,52.6,57.9,51,0
2026-10-14T12:54:00,32.6,53.4,58.2,47,0
2026-10-14T12:55:00,32.1,53.2,58.5,42,0
2026-10-14T12:56:00,35.1,53.3,58.2,43,0
2026-10-14T12:57:00,31.9,54.3,57.8,41,1
2026-10-14T12:58:00,28.4,55.0,57.7,38,0
2026-10-14T12:59:00,30.3,54.4,57.9,36,0
2026-10-14T13:00:00,29.5,53.9,58.1,39,0
2026-10-14T13:01:00,30.2,53.2,57.9,41,0
2026-10-14T13:02:00,30.1,54.8,57.7,40,0
2026-10-14T13:03:00,29.7,54.7,57.9,41,0
2026-10-14T13:04:00,25.0,55.1,58.1,41,0
2026-10-14T13:05:00,27.9,53.2,57.8,38,0
2026-10-14T13:06:00,27.8,51.6,58.3,49,1
2026-10-14T13:07:00,26.9,51.4,58.4,39,0
2026-10-14T13:08:00,30.2,53.1,58.4,50,0
2026-10-14T13:09:00,26.1,54.4,58.8,50,0
2026-10-14T13:10:00,23.6,54.9,58.5,51,0
2026-10-14T13:11:00,23.1,54.8,58.2,47,0
2026-10-14T13:12:00,25.4,55.8,58.2,46,0
2026-10-14T13:13:00,23.2,56.9,58.6,50,0
2026-10-14T13:14:00,27.7,55.6,58.4,45,0
2026-10-14T13:15:00,26.3,55.1,58.1,51,1
2026-10-14T13:16:00,26.9,55.4,58.2,56,1
2026-10-14T13:17:00,28.8,54.8,58.2,54,0
2026-10-14T13:18:00,27.4,54.8,58.0,52,0
2026-10-14T13:19:00,29.4,54.4,57.9,46,0
2026-10-14T13:20:00,23.9,57.1,57.9,49,0
2026-10-14T13:21:00,23.1,57.0,57.8,39,0
2026-10-14T13:22:00,,56.4,57.9,38,0
2026-10-14T13:23:00,25.9,54.4,57.9,43,0
2026-10-14T13:24:00,27.3,54.1,57.7,39,1
2026-10-14T13:25:00,26.5,54.5,57.9,46,1
2026-10-14T13:26:00,25.5,55.8,58.1,53,0
2026-10-14T13:27:00,24.7,54.9,58.1,44,1
2026-10-14T13:28:00,25.4,56.6,58.1,43,0
2026-10-14T13:29:00,28.9,56.8,58.2,45,1
2026-10-14T13:30:00,27.4,54.9,58.7,47,0
2026-10-14T13:31:00,24.9,56.2,58.5,45,0
2026-10-14T13:32:00,23.7,55.6,58.2,50,0
2026-10-14T13:33:00,22.8,56.9,58.3,41,1
2026-10-14T13:34:00,24.8,55.2,58.4,52,0
2026-10-14T13:35:00,24.8,54.1,58.2,53,0
2026-10-14T13:36:00,27.1,55.3,58.2,51,0
2026-10-14T13:37:00,28.6,56.4,57.8,49,0
2026-10-14T13:38:00,27.1,55.6,57.9,50,1
2026-10-14T13:39:00,30.4,54.9,57.5,46,0
2026-10-14T13:40:00,32.9,56.5,57.9,43,0
2026-10-14T13:41:00,30.5,56.2,57.8,37,0
2026-10-14T13:42:00,29.0,55.2,58.1,48,0
2026-10-14T13:43:00,27.1,55.0,58.0,41,0
2026-10-14T13:44:00,26.7,54.4,58.2,42,0
2026-10-14T13:45:00,31.0,54.7,58.2,44,0
2026-10-14T13:46:00,28.1,54.7,58.3,42,1
2026-10-14T13:47:00,30.5,55.6,58.2,39,0
2026-10-14T13:48:00,30.2,56.1,58.1,39,0
2026-10-14T13:49:00,31.6,55.3,58.5,47,1
2026-10-14T13:50:00,30.4,55.7,58.6,43,0
2026-10-14T13:51:00,29.0,55.8,58.4,41,0
2026-10-14T13:52:00,26.5,57.0,58.4,51,0
2026-10-14T13:53:00,28.7,56.1,58.4,54,0
2026-10-14T13:54:00,33.5,55.7,58.3,54,0
2026-10-14T13:55:00,30.3,55.5,58.3,52,0
2026-10-14T13:56:00,29.6,54.8,58.3,46,0
2026-10-14T13:57:00,29.1,54.5,58.1,41,1
2026-10-14T13:58:00,30.3,53.5,58.1,45,0
2026-10-14T13:59:00,29.9,52.1,58.1,43,1
2026-10-14T14:00:00,26.2,52.3,58.3,40,0
2026-10-14T14:01:00,23.4,53.4,58.3,37,1
2026-10-14T14:02:00,21.3,55.3,58.3,36,0
2026-10-14T14:03:00,22.6,52.6,57.9,36,0
2026-10-14T14:04:00,24.3,53.9,57.7,37,1
2026-10-14T14:05:00,26.0,54.0,57.9,40,0
2026-10-14T14:06:00,25.6,54.4,57.9,47,1
2026-10-14T14:07:00,26.9,54.9,57.9,46,0
2026-10-14T14:08:00,25.8,56.5,57.9,45,0
2026-10-14T14:09:00,25.4,55.5,57.8,37,0
2026-10-14T14:10:00,27.5,53.3,57.9,40,0
2026-10-14T14:11:00,27.2,52.7,58.2,45,0
2026-10-14T14:12:00,26.1,51.9,58.4,41,1
2026-10-14T14:13:00,26.5,51.9,58.2,30,0
2026-10-14T14:14:00,29.9,53.2,57.8,34,0
2026-10-14T14:15:00,27.9,54.4,58.0,38,1
2026-10-14T14:16:00,27.0,54.2,58.0,44,0
2026-10-14T14:17:00,25.6,54.8,57.9,45,0
2026-10-14T14:18:00,28.1,54.1,58.0,41,1
2026-10-14T14:19:00,26.8,53.5,58.1,31,1
2026-10-14T14:20:00,26.1,52.5,58.0,33,0
2026-10-14T14:21:00,25.2,53.2,58.0,35,0
2026-10-14T14:22:00,25.9,54.8,58.1,40,0
2026-10-14T14:23:00,26.2,54.7,58.1,43,1
2026-10-14T14:24:00,26.6,55.8,57.9,50,1
2026-10-14T14:25:00,24.5,57.0,57.8,47,0
2026-10-14T14:26:00,27.9,55.3,57.6,49,1
2026-10-14T14:27:00,31.4,55.7,57.9,43,0
2026-10-14T14:28:00,28.4,55.1,58.1,50,1
2026-10-14T14:29:00,25.5,57.2,58.0,42,1
2026-10-14T14:30:00,21.7,55.9,58.2,38,0
2026-10-14T14:31:00,21.1,55.0,58.3,,1
2026-10-14T14:32:00,20.0,55.0,58.3,45,0
2026-10-14T14:33:00,20.5,55.6,58.3,41,0
2026-10-14T14:34:00,24.7,57.0,58.6,46,0
2026-10-14T14:35:00,22.0,54.2,58.5,46,0
2026-10-14T14:36:00,24.8,54.4,58.3,41,3
2026-10-14T14:37:00,23.0,55.1,58.4,43,0
2026-10-14T14:38:00,25.7,54.4,58.3,48,0
2026-10-14T14:39:00,26.1,53.9,58.0,46,0
2026-10-14T14:40:00,28.5,52.9,58.1,43,1
2026-10-14T14:41:00,32.1,53.0,58.4,57,2
2026-10-14T14:42:00,30.4,54.7,58.0,54,0
2026-10-14T14:43:00,30.0,54.8,58.0,58,0
2026-10-14T14:44:00,31.3,55.5,58.0,57,1
2026-10-14T14:45:00,28.8,55.9,58.0,50,0
2026-10-14T14:46:00,,52.8,58.3,49,0
2026-10-14T14:47:00,32.1,51.3,58.2,47,1
2026-10-14T14:48:00,29.9,51.6,58.1,41,2
2026-10-14T14:49:00,28.5,52.4,58.1,32,0
2026-10-14T14:50:00,27.8,52.7,58.3,28,1
2026-10-14T14:51:00,27.9,55.1,58.2,33,0
2026-10-14T14:52:00,28.6,54.2,58.0,43,1
2026-10-14T14:53:00,27.8,55.6,57.9,39,0
2026-10-14T14:54:00,26.4,54.8,58.1,40,0
2026-10-14T14:55:00,29.9,54.6,58.0,46,1
2026-10-14T14:56:00,31.4,54.4,58.1,45,1
2026-10-14T14:57:00,29.6,55.8,58.2,49,1
2026-10-14T14:58:00,30.3,53.4,58.2,43,0
2026-10-14T14:59:00,29.0,53.6,58.1,42,0
2026-10-14T15:00:00,31.0,53.3,58.0,45,2
2026-10-14T15:01:00,30.3,54.5,57.8,38,0
2026-10-14T15:02:00,30.2,53.8,58.0,33,0
2026-10-14T15:03:00,27.9,53.9,58.2,38,1
2026-10-14T15:04:00,26.5,52.5,58.2,36,1
2026-10-14T15:05:00,28.6,53.0,58.1,30,0
2026-10-14T15:06:00,28.9,54.7,58.4,34,2
2026-10-14T15:07:00,31.5,53.0,57.9,35,1
2026-10-14T15:08:00,30.8,53.1,57.6,43,0
2026-10-14T15:09:00,29.8,53.8,57.9,43,0
2026-10-14T15:10:00,30.8,53.9,57.9,42,0
2026-10-14T15:11:00,29.5,54.3,57.8,44,1
2026-10-14T15:12:00,32.8,54.2,58.0,40,0
2026-10-14T15:13:00,31.8,54.2,57.9,39,1
2026-10-14T15:14:00,30.0,54.5,57.8,32,0
2026-10-14T15:15:00,27.1,53.6,58.0,30,0
2026-10-14T15:16:00,25.6,54.4,57.6,30,0
2026-10-14T15:17:00,24.7,55.3,58.1,32,1
2026-10-14T15:18:00,22.4,56.5,58.0,37,1
2026-10-14T15:19:00,23.9,54.8,57.7,40,1
2026-10-14T15:20:00,26.3,54.0,57.9,33,1
2026-10-14T15:21:00,28.6,54.4,58.1,29,0
2026-10-14T15:22:00,28.4,55.0,58.1,29,0
2026-10-14T15:23:00,25.4,52.5,58.1,37,1
2026-10-14T15:24:00,27.3,55.4,57.8,39,0
2026-10-14T15:25:00,24.4,55.5,57.9,41,0
2026-10-14T15:26:00,22.6,54.8,57.9,37,0
2026-10-14T15:27:00,21.6,56.2,57.9,35,0
2026-10-14T15:28:00,,,,,
2026-10-14T15:29:00,,,,,
2026-10-14T15:30:00,,,,,
2026-10-14T15:31:00,,,,,
2026-10-14T15:32:00,,,,,
2026-10-14T15:33:00,,,,,
2026-10-14T15:34:00,,,,,
2026-10-14T15:35:00,,,,,
2026-10-14T15:36:00,,,,,
2026-10-14T15:37:00,,,,,
2026-10-14T15:38:00,,,,,
2026-10-14T15:39:00,,,,,
2026-10-14T15:40:00,,,,,
2026-10-14T15:41:00,,,,,
2026-10-14T15:42:00,,,,,
2026-10-14T15:43:00,36.0,54.9,57.5,49,0
2026-10-14T15:44:00,34.3,53.7,57.9,44,1
2026-10-14T15:45:00,29.6,51.5,58.0,38,0
2026-10-14T15:46:00,30.9,51.8,57.9,45,0
2026-10-14T15:47:00,28.4,52.2,57.8,44,0
2026-10-14T15:48:00,29.5,52.7,58.1,43,0
2026-10-14T15:49:00,29.5,55.5,58.0,41,1
2026-10-14T15:50:00,28.3,53.8,57.9,52,0
2026-10-14T15:51:00,26.3,53.5,57.8,48,0
2026-10-14T15:52:00,25.0,52.9,57.7,51,0
2026-10-14T15:53:00,24.5,56.5,57.8,40,0
2026-10-14T15:54:00,26.1,56.8,58.1,46,0
2026-10-14T15:55:00,27.0,54.2,58.1,33,0
2026-10-14T15:56:00,28.2,55.8,58.0,43,1
2026-10-14T15:57:00,25.6,55.2,58.0,46,0
2026-10-14T15:58:00,22.8,56.2,57.8,46,0
2026-10-14T15:59:00,23.1,55.2,58.1,53,0
2026-10-14T16:00:00,24.1,56.7,58.1,53,0
2026-10-14T16:01:00,24.9,57.8,58.3,48,0
2026-10-14T16:02:00,26.9,,58.1,39,1
2026-10-14T16:03:00,31.1,56.9,57.9,38,2
2026-10-14T16:04:00,28.0,55.6,58.0,43,0
2026-10-14T16:05:00,30.6,55.2,57.9,41,0
2026-10-14T16:06:00,29.1,52.0,57.9,47,0
2026-10-14T16:07:00,31.2,51.7,58.2,44,0
2026-10-14T16:08:00,27.3,54.2,58.1,42,0
2026-10-14T16:09:00,28.0,55.1,57.8,45,1
2026-10-14T16:10:00,26.1,55.5,57.9,42,0
2026-10-14T16:11:00,25.4,53.8,58.2,44,0
2026-10-14T16:12:00,25.6,54.2,58.2,32,1
2026-10-14T16:13:00,25.3,52.7,57.9,32,0
2026-10-14T16:14:00,25.4,52.8,58.0,33,2
2026-10-14T16:15:00,28.4,52.4,58.0,43,1
2026-10-14T16:16:00,27.0,52.6,57.8,42,0
2026-10-14T16:17:00,28.3,52.0,57.8,47,0
2026-10-14T16:18:00,27.4,50.7,58.0,44,0
2026-10-14T16:19:00,27.6,50.8,57.6,45,1
2026-10-14T16:20:00,24.0,50.8,57.7,46,1
2026-10-14T16:21:00,21.9,51.6,57.8,52,0
2026-10-14T16:22:00,24.8,52.7,58.0,47,0
2026-10-14T16:23:00,26.1,54.2,57.8,43,0
2026-10-14T16:24:00,26.2,54.5,57.9,38,1
2026-10-14T16:25:00,28.3,54.7,58.1,30,0
2026-10-14T16:26:00,30.2,54.4,58.2,29,0
2026-10-14T16:27:00,30.8,55.4,58.1,31,1
2026-10-14T16:28:00,27.3,56.9,58.2,27,1
2026-10-14T16:29:00,27.7,54.6,58.2,38,1
2026-10-14T16:30:00,29.9,54.1,58.2,39,0
2026-10-14T16:31:00,26.3,,58.6,46,0
2026-10-14T16:32:00,26.1,55.2,58.1,47,0
2026-10-14T16:33:00,29.6,57.7,58.0,39,1
2026-10-14T16:34:00,26.1,56.1,58.1,36,0
2026-10-14T16:35:00,28.5,55.3,57.9,38,0
2026-10-14T16:36:00,26.6,,58.1,39,0
2026-10-14T16:37:00,27.2,54.5,57.9,39,0
2026-10-14T16:38:00,29.8,53.2,57.8,38,1
2026-10-14T16:39:00,26.5,55.2,57.9,32,0
2026-10-14T16:40:00,31.1,54.7,58.3,32,0
2026-10-14T16:41:00,31.2,54.9,58.0,34,0
2026-10-14T16:42:00,27.9,55.5,58.0,31,0
2026-10-14T16:43:00,25.9,57.5,57.9,38,1
2026-10-14T16:44:00,26.5,56.5,57.8,37,0
2026-10-14T16:45:00,25.1,54.4,57.9,37,2
2026-10-14T16:46:00,27.1,54.6,57.9,39,0
2026-10-14T16:47:00,27.2,53.9,57.9,31,1
2026-10-14T16:48:00,29.1,53.8,57.9,39,0
2026-10-14T16:49:00,29.5,54.6,57.8,44,0
2026-10-14T16:50:00,28.6,53.3,58.0,47,0
2026-10-14T16:51:00,27.6,53.1,57.9,45,0
2026-10-14T16:52:00,24.1,53.9,58.1,43,1
2026-10-14T16:53:00,24.5,53.5,58.1,39,0
2026-10-14T16:54:00,28.3,53.1,58.1,45,1
2026-10-14T16:55:00,29.4,53.9,58.0,44,0
2026-10-14T16:56:00,31.7,54.2,57.9,47,0
2026-10-14T16:57:00,28.7,53.2,57.8,46,0
2026-10-14T16:58:00,31.6,53.3,57.9,47,0
2026-10-14T16:59:00,31.2,53.2,57.9,48,0
2026-10-14T17:00:00,29.8,51.7,58.0,42,0
2026-10-14T17:01:00,28.9,50.7,57.9,46,1
2026-10-14T17:02:00,25.7,52.7,57.8,44,0
2026-10-14T17:03:00,25.1,50.4,57.8,44,0
2026-10-14T17:04:00,27.3,51.6,57.7,41,0
2026-10-14T17:05:00,26.3,52.9,57.8,42,0
2026-10-14T17:06:00,26.9,53.3,57.7,38,0
2026-10-14T17:07:00,29.2,52.1,57.5,31,0
2026-10-14T17:08:00,29.5,52.2,57.4,32,1
2026-10-14T17:09:00,28.9,52.7,57.7,33,0
2026-10-14T17:10:00,25.4,52.7,57.7,33,1
2026-10-14T17:11:00,23.2,52.2,57.9,41,1
2026-10-14T17:12:00,25.3,51.3,57.9,43,0
2026-10-14T17:13:00,24.9,52.7,57.8,49,1
2026-10-14T17:14:00,26.2,53.5,57.7,40,0
2026-10-14T17:15:00,28.9,54.2,57.6,38,0
2026-10-14T17:16:00,28.9,54.8,57.5,30,0
2026-10-14T17:17:00,29.4,55.4,57.5,27,0
2026-10-14T17:18:00,28.7,54.8,57.6,25,0
2026-10-14T17:19:00,26.1,55.3,57.9,34,0
