timestamp,cpu,ram,disco,latencia_ms,errores
2026-10-08T07:00:00,31.0,55.3,46.9,55,0
2026-10-08T07:01:00,30.9,53.3,46.9,57,2
2026-10-08T07:02:00,34.0,53.8,47.2,57,2
2026-10-08T07:03:00,30.0,55.4,47.1,59,2
2026-10-08T07:04:00,31.0,55.1,47.0,63,3
2026-10-08T07:05:00,33.6,53.9,46.9,58,0
2026-10-08T07:06:00,30.6,55.2,47.0,60,2
2026-10-08T07:07:00,25.5,55.1,47.0,57,0
2026-10-08T07:08:00,31.0,55.3,47.0,63,0
2026-10-08T07:09:00,31.4,56.7,46.8,61,0
2026-10-08T07:10:00,32.6,53.7,46.8,72,0
2026-10-08T07:11:00,33.8,55.1,46.9,49,1
2026-10-08T07:12:00,27.6,55.9,46.9,55,0
2026-10-08T07:13:00,28.8,56.0,47.2,55,1
2026-10-08T07:14:00,32.8,54.8,47.0,49,0
2026-10-08T07:15:00,31.2,56.0,46.9,56,1
2026-10-08T07:16:00,30.6,54.2,47.1,69,1
2026-10-08T07:17:00,29.9,54.4,47.0,68,0
2026-10-08T07:18:00,29.7,53.5,47.1,61,0
2026-10-08T07:19:00,30.7,55.6,46.9,69,0
2026-10-08T07:20:00,29.4,55.1,47.1,58,0
2026-10-08T07:21:00,25.7,57.2,47.0,58,0
2026-10-08T07:22:00,30.5,55.3,46.9,53,1
2026-10-08T07:23:00,33.3,56.4,47.1,56,0
2026-10-08T07:24:00,29.8,54.3,47.3,69,1
2026-10-08T07:25:00,30.6,55.3,46.8,57,1
2026-10-08T07:26:00,26.6,55.6,47.0,67,0
2026-10-08T07:27:00,33.9,57.9,47.1,53,0
2026-10-08T07:28:00,31.0,53.5,47.1,73,0
2026-10-08T07:29:00,34.7,55.7,47.1,62,0
2026-10-08T07:30:00,30.2,56.9,47.2,73,1
2026-10-08T07:31:00,31.0,55.8,47.1,67,0
2026-10-08T07:32:00,26.0,55.5,47.0,48,0
2026-10-08T07:33:00,28.9,56.2,47.0,62,0
2026-10-08T07:34:00,29.8,52.6,47.1,46,0
2026-10-08T07:35:00,26.8,54.1,47.0,75,1
2026-10-08T07:36:00,27.2,55.1,46.9,60,0
2026-10-08T07:37:00,32.7,53.8,46.9,62,0
2026-10-08T07:38:00,31.0,54.1,47.0,64,1
2026-10-08T07:39:00,27.4,52.5,47.1,66,1
2026-10-08T07:40:00,26.0,57.1,46.9,60,0
2026-10-08T07:41:00,27.5,55.0,46.8,54,1
2026-10-08T07:42:00,30.7,53.8,47.1,53,0
2026-10-08T07:43:00,34.2,55.9,47.1,60,2
2026-10-08T07:44:00,27.5,54.1,47.0,70,0
2026-10-08T07:45:00,33.0,54.6,47.0,65,0
2026-10-08T07:46:00,29.1,56.2,47.1,51,3
2026-10-08T07:47:00,31.2,55.1,47.1,64,0
2026-10-08T07:48:00,29.7,57.2,46.9,61,1
2026-10-08T07:49:00,29.5,56.3,47.0,72,0
2026-10-08T07:50:00,30.3,55.0,47.1,61,0
2026-10-08T07:51:00,31.4,54.9,47.1,63,0
2026-10-08T07:52:00,36.2,55.7,46.9,54,1
2026-10-08T07:53:00,33.5,54.9,46.9,57,0
2026-10-08T07:54:00,33.3,53.3,47.0,67,1
2026-10-08T07:55:00,28.0,56.7,46.9,68,1
2026-10-08T07:56:00,26.4,53.8,47.1,63,1
2026-10-08T07:57:00,36.9,56.8,47.0,57,0
2026-10-08T07:58:00,23.4,53.8,47.0,59,0
2026-10-08T07:59:00,30.6,55.3,46.9,59,0
2026-10-08T08:00:00,27.5,54.4,47.0,59,0
2026-10-08T08:01:00,29.6,55.8,47.1,54,0
2026-10-08T08:02:00,27.0,55.7,47.1,54,0
2026-10-08T08:03:00,28.7,55.0,47.0,54,0
2026-10-08T08:04:00,28.0,55.1,46.9,68,0
2026-10-08T08:05:00,27.7,54.6,47.0,57,0
2026-10-08T08:06:00,36.7,53.8,47.0,66,1
2026-10-08T08:07:00,31.4,54.5,46.9,59,0
2026-10-08T08:08:00,38.4,54.8,46.8,59,0
2026-10-08T08:09:00,31.0,56.3,46.9,61,1
2026-10-08T08:10:00,25.9,54.7,47.1,68,1
2026-10-08T08:11:00,31.4,54.6,47.0,56,0
2026-10-08T08:12:00,31.4,55.4,47.2,60,0
2026-10-08T08:13:00,33.5,55.6,47.1,66,0
2026-10-08T08:14:00,30.3,55.1,47.0,58,1
2026-10-08T08:15:00,34.8,54.3,47.1,55,0
2026-10-08T08:16:00,32.7,54.1,47.0,56,0
2026-10-08T08:17:00,34.9,56.6,46.8,57,1
2026-10-08T08:18:00,29.9,55.4,46.9,56,1
2026-10-08T08:19:00,25.4,54.8,47.2,67,0
2026-10-08T08:20:00,28.7,54.7,46.9,57,1
2026-10-08T08:21:00,29.8,53.2,47.1,60,0
2026-10-08T08:22:00,31.2,55.0,47.0,57,0
2026-10-08T08:23:00,27.7,55.9,47.1,61,0
2026-10-08T08:24:00,27.8,55.8,46.9,63,0
2026-10-08T08:25:00,28.8,54.2,47.0,57,0
2026-10-08T08:26:00,30.8,55.0,47.0,71,1
2026-10-08T08:27:00,29.7,58.2,47.1,48,0
2026-10-08T08:28:00,34.5,55.3,46.9,57,0
2026-10-08T08:29:00,29.1,56.0,46.8,68,1
2026-10-08T08:30:00,30.4,54.3,46.8,60,0
2026-10-08T08:31:00,38.3,56.3,46.9,62,0
2026-10-08T08:32:00,27.7,54.0,47.0,62,0
2026-10-08T08:33:00,30.4,56.1,47.1,65,0
2026-10-08T08:34:00,29.4,54.6,47.0,66,0
2026-10-08T08:35:00,32.7,55.1,46.9,73,0
2026-10-08T08:36:00,31.8,54.2,47.1,66,1
2026-10-08T08:37:00,28.1,54.4,47.0,76,0
2026-10-08T08:38:00,29.5,56.1,47.0,50,0
2026-10-08T08:39:00,33.0,56.5,47.1,61,1
2026-10-08T08:40:00,32.2,54.9,47.0,55,1
2026-10-08T08:41:00,32.5,54.9,46.9,67,1
2026-10-08T08:42:00,38.9,56.3,46.8,67,2
2026-10-08T08:43:00,39.0,54.2,47.2,58,0
2026-10-08T08:44:00,33.5,55.0,46.9,54,0
2026-10-08T08:45:00,32.4,53.9,47.0,62,1
2026-10-08T08:46:00,29.7,54.5,47.1,66,1
2026-10-08T08:47:00,32.6,54.1,46.9,71,1
2026-10-08T08:48:00,31.3,54.3,47.0,59,2
2026-10-08T08:49:00,31.4,56.1,47.0,46,1
2026-10-08T08:50:00,31.9,55.0,46.9,58,0
2026-10-08T08:51:00,31.9,55.0,47.0,60,0
2026-10-08T08:52:00,33.8,53.8,47.0,61,0
2026-10-08T08:53:00,27.6,55.4,47.0,57,0
2026-10-08T08:54:00,30.1,55.6,46.9,54,1
2026-10-08T08:55:00,34.0,54.2,46.9,64,0
2026-10-08T08:56:00,29.5,55.3,46.9,65,2
2026-10-08T08:57:00,29.5,54.4,46.8,56,0
2026-10-08T08:58:00,31.5,53.2,47.1,67,0
2026-10-08T08:59:00,30.0,55.0,47.1,53,1
2026-10-08T09:00:00,28.1,57.0,46.8,62,2
2026-10-08T09:01:00,29.9,57.1,47.0,51,2
2026-10-08T09:02:00,31.6,55.2,47.0,58,0
2026-10-08T09:03:00,26.4,56.3,47.0,66,1
2026-10-08T09:04:00,31.4,55.4,47.1,64,0
2026-10-08T09:05:00,29.1,56.5,47.0,66,0
2026-10-08T09:06:00,30.6,54.7,47.0,67,2
2026-10-08T09:07:00,31.3,54.5,47.0,52,0
2026-10-08T09:08:00,32.3,55.0,47.2,69,1
2026-10-08T09:09:00,29.4,54.9,46.9,67,0
2026-10-08T09:10:00,30.0,56.5,46.8,74,0
2026-10-08T09:11:00,35.0,54.7,46.9,70,0
2026-10-08T09:12:00,27.7,55.1,47.0,68,0
2026-10-08T09:13:00,27.3,53.7,47.0,60,1
2026-10-08T09:14:00,30.6,54.3,47.1,51,0
2026-10-08T09:15:00,31.8,55.0,47.0,53,0
2026-10-08T09:16:00,33.1,54.4,47.1,56,0
2026-10-08T09:17:00,26.8,57.4,46.9,62,0
2026-10-08T09:18:00,29.5,55.6,47.0,55,0
2026-10-08T09:19:00,26.7,55.4,46.9,61,0
2026-10-08T09:20:00,29.8,53.7,47.1,61,0
2026-10-08T09:21:00,37.6,54.3,47.0,63,1
2026-10-08T09:22:00,31.9,56.0,47.0,62,0
2026-10-08T09:23:00,35.4,55.2,46.9,53,1
2026-10-08T09:24:00,32.5,53.4,47.2,64,0
2026-10-08T09:25:00,37.4,55.4,46.9,69,1
2026-10-08T09:26:00,31.6,54.5,47.0,66,0
2026-10-08T09:27:00,32.3,57.1,46.9,58,1
2026-10-08T09:28:00,32.5,55.2,46.9,58,2
2026-10-08T09:29:00,29.8,55.3,47.0,54,3
2026-10-08T09:30:00,31.7,57.2,47.1,60,0
2026-10-08T09:31:00,30.6,55.2,47.0,59,1
2026-10-08T09:32:00,27.8,55.3,47.0,53,0
2026-10-08T09:33:00,36.0,54.6,47.0,66,0
2026-10-08T09:34:00,28.5,54.3,46.9,66,0
2026-10-08T09:35:00,30.6,53.9,46.9,49,1
2026-10-08T09:36:00,31.5,54.1,46.9,60,2
2026-10-08T09:37:00,31.3,53.5,46.9,66,0
2026-10-08T09:38:00,34.6,54.4,47.1,50,0
2026-10-08T09:39:00,29.7,54.0,47.1,64,0
2026-10-08T09:40:00,31.8,53.7,47.0,63,1
2026-10-08T09:41:00,34.1,54.7,47.0,55,0
2026-10-08T09:42:00,26.7,55.6,47.0,65,0
2026-10-08T09:43:00,32.0,55.6,47.0,59,0
2026-10-08T09:44:00,33.6,55.5,46.9,60,3
2026-10-08T09:45:00,31.9,55.1,47.0,58,1
2026-10-08T09:46:00,33.8,53.5,47.0,57,0
2026-10-08T09:47:00,31.3,54.1,47.2,54,1
2026-10-08T09:48:00,33.5,55.8,46.9,49,0
2026-10-08T09:49:00,29.0,55.1,47.0,55,0
2026-10-08T09:50:00,27.3,54.4,47.1,51,0
2026-10-08T09:51:00,32.2,54.0,47.0,65,1
2026-10-08T09:52:00,25.7,54.8,46.9,56,0
2026-10-08T09:53:00,30.1,56.3,47.1,56,0
2026-10-08T09:54:00,29.0,54.8,47.1,56,0
2026-10-08T09:55:00,32.1,53.9,47.2,60,1
2026-10-08T09:56:00,30.0,56.4,47.1,58,1
2026-10-08T09:57:00,27.4,55.7,46.9,61,2
2026-10-08T09:58:00,33.3,56.2,47.0,58,1
2026-10-08T09:59:00,33.1,56.1,47.1,52,0
2026-10-08T10:00:00,29.1,55.5,47.0,55,1
2026-10-08T10:01:00,32.2,55.1,47.1,56,0
2026-10-08T10:02:00,34.2,55.9,47.0,66,0
2026-10-08T10:03:00,28.4,55.3,47.1,71,2
2026-10-08T10:04:00,28.8,54.2,47.1,59,0
2026-10-08T10:05:00,35.1,57.5,47.1,74,1
2026-10-08T10:06:00,27.2,54.9,46.9,59,0
2026-10-08T10:07:00,30.5,55.0,47.2,60,0
2026-10-08T10:08:00,32.4,55.7,46.9,54,0
2026-10-08T10:09:00,31.4,53.3,46.8,57,1
2026-10-08T10:10:00,34.0,55.5,47.0,59,1
2026-10-08T10:11:00,30.4,55.2,47.0,54,2
2026-10-08T10:12:00,27.6,54.8,47.1,65,0
2026-10-08T10:13:00,32.1,56.6,46.9,74,0
2026-10-08T10:14:00,24.0,55.4,47.1,63,0
2026-10-08T10:15:00,28.1,55.4,47.0,59,0
2026-10-08T10:16:00,35.7,56.1,46.9,56,2
2026-10-08T10:17:00,25.3,56.4,47.1,60,0
2026-10-08T10:18:00,27.0,56.1,47.1,62,0
2026-10-08T10:19:00,28.1,56.7,47.0,58,0
2026-10-08T10:20:00,34.0,53.4,46.9,68,0
2026-10-08T10:21:00,33.5,56.0,47.0,59,2
2026-10-08T10:22:00,31.0,53.7,47.0,74,0
2026-10-08T10:23:00,30.7,56.1,47.1,55,0
2026-10-08T10:24:00,30.7,54.9,47.1,76,0
2026-10-08T10:25:00,32.2,55.4,47.1,65,0
2026-10-08T10:26:00,30.9,53.9,47.0,68,1
2026-10-08T10:27:00,27.0,53.6,47.0,55,0
2026-10-08T10:28:00,29.5,54.1,46.9,64,1
2026-10-08T10:29:00,26.5,55.3,47.1,64,0
2026-10-08T10:30:00,34.5,53.4,47.1,54,0
2026-10-08T10:31:00,24.7,53.7,47.0,54,0
2026-10-08T10:32:00,32.6,54.3,47.1,73,2
2026-10-08T10:33:00,32.2,54.8,47.0,49,0
2026-10-08T10:34:00,32.8,56.0,47.1,61,2
2026-10-08T10:35:00,28.5,55.4,47.1,55,1
2026-10-08T10:36:00,28.9,55.1,46.9,64,1
2026-10-08T10:37:00,28.8,56.5,47.0,63,1
2026-10-08T10:38:00,32.0,57.8,47.1,68,1
2026-10-08T10:39:00,31.4,55.7,46.9,54,0
2026-10-08T10:40:00,29.6,54.9,47.0,59,1
2026-10-08T10:41:00,30.0,54.5,47.0,68,0
2026-10-08T10:42:00,32.8,53.6,47.0,61,2
2026-10-08T10:43:00,31.6,54.5,47.0,57,0
2026-10-08T10:44:00,26.1,57.0,47.0,58,2
2026-10-08T10:45:00,27.6,56.1,47.0,54,1
2026-10-08T10:46:00,27.5,55.4,47.0,70,0
2026-10-08T10:47:00,32.6,54.1,47.0,54,0
2026-10-08T10:48:00,31.0,54.9,47.0,58,1
2026-10-08T10:49:00,33.4,55.7,46.9,55,0
2026-10-08T10:50:00,28.3,55.1,47.0,49,2
2026-10-08T10:51:00,27.4,55.7,47.0,65,2
2026-10-08T10:52:00,25.8,56.3,47.0,62,1
2026-10-08T10:53:00,30.0,54.2,46.9,66,0
2026-10-08T10:54:00,30.6,55.2,47.1,60,0
2026-10-08T10:55:00,34.6,55.7,47.0,63,0
2026-10-08T10:56:00,37.9,54.7,46.8,64,1
2026-10-08T10:57:00,27.9,54.7,47.0,59,0
2026-10-08T10:58:00,30.8,54.5,46.8,50,1
2026-10-08T10:59:00,33.2,55.2,46.9,59,0
2026-10-08T11:00:00,30.0,54.1,47.0,74,0
2026-10-08T11:01:00,30.6,54.2,46.9,65,0
2026-10-08T11:02:00,35.0,56.1,47.0,53,0
2026-10-08T11:03:00,29.0,54.7,47.1,66,0
2026-10-08T11:04:00,33.3,56.0,47.0,67,0
2026-10-08T11:05:00,30.4,53.9,47.0,65,0
2026-10-08T11:06:00,29.2,55.0,46.8,55,0
2026-10-08T11:07:00,32.9,55.1,47.0,61,0
2026-10-08T11:08:00,30.4,54.8,47.0,62,0
2026-10-08T11:09:00,29.4,56.1,46.8,59,0
2026-10-08T11:10:00,34.7,55.4,46.9,70,1
2026-10-08T11:11:00,30.2,53.5,47.0,57,0
2026-10-08T11:12:00,26.9,55.8,47.0,67,0
2026-10-08T11:13:00,29.3,54.6,47.1,69,0
2026-10-08T11:14:00,28.0,55.2,46.9,58,4
2026-10-08T11:15:00,31.7,55.8,47.0,52,0
2026-10-08T11:16:00,35.5,54.1,47.1,68,0
2026-10-08T11:17:00,27.6,55.6,47.0,63,0
2026-10-08T11:18:00,30.5,56.0,47.1,69,0
2026-10-08T11:19:00,29.8,56.0,47.0,65,1
2026-10-08T11:20:00,26.7,56.7,47.1,63,0
2026-10-08T11:21:00,29.5,53.9,47.1,62,0
2026-10-08T11:22:00,27.5,54.4,47.0,59,0
2026-10-08T11:23:00,28.6,56.0,46.8,51,0
2026-10-08T11:24:00,34.2,56.1,47.1,70,2
2026-10-08T11:25:00,29.7,56.2,47.0,63,0
2026-10-08T11:26:00,36.0,54.4,47.0,70,0
2026-10-08T11:27:00,32.6,56.4,47.0,57,0
2026-10-08T11:28:00,31.7,53.8,47.0,52,2
2026-10-08T11:29:00,29.9,55.6,47.1,51,0
2026-10-08T11:30:00,29.7,54.2,47.0,54,2
2026-10-08T11:31:00,30.9,54.8,46.9,57,1
2026-10-08T11:32:00,30.8,53.4,47.0,60,0
2026-10-08T11:33:00,29.3,55.6,47.0,59,1
2026-10-08T11:34:00,34.1,55.7,47.0,56,0
2026-10-08T11:35:00,29.0,52.8,47.0,53,0
2026-10-08T11:36:00,32.1,55.4,47.0,67,0
2026-10-08T11:37:00,31.8,55.2,47.0,62,0
2026-10-08T11:38:00,30.7,56.1,47.0,52,0
2026-10-08T11:39:00,34.9,56.4,47.2,65,0
2026-10-08T11:40:00,34.1,54.2,47.1,54,2
2026-10-08T11:41:00,31.2,53.8,47.1,65,0
2026-10-08T11:42:00,33.1,55.0,46.9,64,0
2026-10-08T11:43:00,31.8,55.2,47.0,60,0
2026-10-08T11:44:00,26.6,55.5,46.8,63,0
2026-10-08T11:45:00,35.1,54.5,47.0,58,0
2026-10-08T11:46:00,31.7,53.0,47.0,56,1
2026-10-08T11:47:00,26.7,54.2,47.0,65,1
2026-10-08T11:48:00,32.4,55.7,46.9,55,0
2026-10-08T11:49:00,34.3,55.7,47.1,53,2
2026-10-08T11:50:00,27.6,55.3,47.0,65,1
2026-10-08T11:51:00,31.5,56.5,47.1,61,1
2026-10-08T11:52:00,34.8,53.5,47.1,57,1
2026-10-08T11:53:00,33.6,53.5,47.0,62,0
2026-10-08T11:54:00,30.9,56.2,46.9,63,3
2026-10-08T11:55:00,28.8,55.9,47.0,58,0
2026-10-08T11:56:00,28.0,53.3,47.0,66,0
2026-10-08T11:57:00,32.2,56.3,47.2,59,1
2026-10-08T11:58:00,30.1,56.1,47.0,66,1
2026-10-08T11:59:00,35.5,53.7,46.7,57,1
2026-10-08T12:00:00,26.0,55.3,47.1,54,1
2026-10-08T12:01:00,34.8,54.7,47.0,62,0
2026-10-08T12:02:00,28.5,52.7,47.1,45,2
2026-10-08T12:03:00,28.7,54.0,47.1,53,0
2026-10-08T12:04:00,28.8,54.8,47.1,55,0
2026-10-08T12:05:00,26.7,52.5,47.0,69,0
2026-10-08T12:06:00,29.5,53.6,46.9,61,0
2026-10-08T12:07:00,31.1,54.5,47.0,67,1
2026-10-08T12:08:00,30.8,52.8,46.9,59,2
2026-10-08T12:09:00,29.8,54.2,47.0,54,0
2026-10-08T12:10:00,28.5,56.2,46.8,55,0
2026-10-08T12:11:00,30.0,53.9,47.0,71,0
2026-10-08T12:12:00,33.6,55.4,47.0,60,1
2026-10-08T12:13:00,29.3,54.0,46.9,59,1
2026-10-08T12:14:00,37.1,54.4,47.2,54,2
2026-10-08T12:15:00,27.9,54.9,47.0,58,0
2026-10-08T12:16:00,31.6,55.1,47.0,61,2
2026-10-08T12:17:00,28.2,57.2,47.0,45,0
2026-10-08T12:18:00,28.7,56.8,47.0,52,0
2026-10-08T12:19:00,30.3,56.0,47.0,62,1
2026-10-08T12:20:00,36.6,54.6,47.1,60,0
2026-10-08T12:21:00,32.1,54.4,47.0,62,1
2026-10-08T12:22:00,29.5,52.3,47.1,67,0
2026-10-08T12:23:00,33.8,54.1,47.0,62,2
2026-10-08T12:24:00,30.7,53.7,47.1,71,1
2026-10-08T12:25:00,32.2,54.2,47.1,64,1
2026-10-08T12:26:00,29.0,52.0,46.9,62,1
2026-10-08T12:27:00,33.0,55.2,47.1,56,0
2026-10-08T12:28:00,27.5,55.3,47.1,64,1
2026-10-08T12:29:00,29.0,56.9,47.0,57,0
2026-10-08T12:30:00,28.5,55.2,47.2,53,0
2026-10-08T12:31:00,27.5,54.6,47.1,67,0
2026-10-08T12:32:00,28.6,57.1,46.8,55,1
2026-10-08T12:33:00,27.1,54.7,46.9,57,1
2026-10-08T12:34:00,29.9,54.9,47.1,57,0
2026-10-08T12:35:00,34.1,54.3,46.9,57,3
2026-10-08T12:36:00,31.6,54.8,46.9,54,0
2026-10-08T12:37:00,32.3,55.9,46.9,57,0
2026-10-08T12:38:00,28.1,55.4,46.8,46,0
2026-10-08T12:39:00,33.0,56.4,47.1,66,0
2026-10-08T12:40:00,26.6,53.1,47.1,70,0
2026-10-08T12:41:00,28.7,55.6,47.0,59,1
2026-10-08T12:42:00,33.0,55.0,47.0,54,0
2026-10-08T12:43:00,36.2,54.2,47.1,66,0
2026-10-08T12:44:00,33.7,54.0,47.1,62,0
2026-10-08T12:45:00,30.9,54.5,46.9,61,0
2026-10-08T12:46:00,33.5,53.9,46.9,60,0
2026-10-08T12:47:00,36.7,53.8,46.8,68,0
2026-10-08T12:48:00,31.2,55.3,47.1,50,0
2026-10-08T12:49:00,29.8,54.3,47.0,59,1
2026-10-08T12:50:00,32.7,53.9,47.0,58,0
2026-10-08T12:51:00,30.3,56.3,46.9,54,1
2026-10-08T12:52:00,30.4,55.3,46.9,64,0
2026-10-08T12:53:00,34.5,55.4,47.1,56,1
2026-10-08T12:54:00,29.1,54.0,46.9,67,1
2026-10-08T12:55:00,26.2,54.5,47.1,46,0
2026-10-08T12:56:00,31.4,55.2,46.8,47,0
2026-10-08T12:57:00,27.8,56.1,47.0,53,0
2026-10-08T12:58:00,30.6,54.9,47.2,45,0
2026-10-08T12:59:00,29.3,54.8,47.0,62,0
2026-10-08T13:00:00,29.5,54.1,47.0,82,1
2026-10-08T13:01:00,23.9,54.3,46.8,49,0
2026-10-08T13:02:00,30.3,54.7,46.8,64,2
2026-10-08T13:03:00,35.7,57.7,47.1,47,3
2026-10-08T13:04:00,30.4,54.6,47.1,63,1
2026-10-08T13:05:00,35.5,53.9,47.0,63,3
2026-10-08T13:06:00,27.3,54.2,47.0,59,0
2026-10-08T13:07:00,31.0,55.2,46.9,71,1
2026-10-08T13:08:00,25.3,55.3,47.0,50,0
2026-10-08T13:09:00,31.1,55.5,46.9,63,1
2026-10-08T13:10:00,32.5,56.6,46.9,56,1
2026-10-08T13:11:00,28.2,54.8,47.1,64,0
2026-10-08T13:12:00,27.5,54.1,47.0,60,1
2026-10-08T13:13:00,33.4,56.0,47.0,63,1
2026-10-08T13:14:00,33.6,54.4,46.9,62,2
2026-10-08T13:15:00,31.9,55.2,46.8,51,1
2026-10-08T13:16:00,30.0,55.7,47.0,55,0
2026-10-08T13:17:00,27.6,55.5,47.2,58,1
2026-10-08T13:18:00,27.9,55.6,47.0,60,0
2026-10-08T13:19:00,31.5,56.0,47.1,66,0
2026-10-08T13:20:00,30.2,56.1,47.0,62,0
2026-10-08T13:21:00,30.8,55.4,46.9,58,0
2026-10-08T13:22:00,33.0,54.9,46.9,52,0
2026-10-08T13:23:00,32.6,56.4,47.0,57,1
2026-10-08T13:24:00,30.9,54.2,47.0,64,0
2026-10-08T13:25:00,31.7,54.6,47.0,66,1
2026-10-08T13:26:00,32.0,53.3,47.0,58,1
2026-10-08T13:27:00,32.5,55.3,46.9,65,0
2026-10-08T13:28:00,35.3,56.4,46.7,61,0
2026-10-08T13:29:00,26.9,55.4,46.9,55,0
2026-10-08T13:30:00,29.1,54.9,47.0,61,0
2026-10-08T13:31:00,30.7,54.6,47.0,62,1
2026-10-08T13:32:00,31.3,56.5,46.9,67,0
2026-10-08T13:33:00,31.6,54.8,46.9,56,0
2026-10-08T13:34:00,32.8,55.6,46.9,64,1
2026-10-08T13:35:00,29.7,57.3,47.1,59,1
2026-10-08T13:36:00,30.8,56.6,47.0,45,2
2026-10-08T13:37:00,32.4,54.4,47.1,61,1
2026-10-08T13:38:00,31.1,53.8,47.1,60,0
2026-10-08T13:39:00,30.4,56.6,47.2,62,2
2026-10-08T13:40:00,29.9,56.4,47.2,58,0
2026-10-08T13:41:00,25.3,55.8,47.1,57,0
2026-10-08T13:42:00,32.5,55.3,47.0,57,1
2026-10-08T13:43:00,36.4,55.6,47.0,57,0
2026-10-08T13:44:00,29.8,53.5,47.2,63,0
2026-10-08T13:45:00,34.7,56.7,47.0,69,2
2026-10-08T13:46:00,26.9,56.4,46.9,57,0
2026-10-08T13:47:00,28.6,52.1,47.0,71,1
2026-10-08T13:48:00,27.8,55.3,47.0,57,1
2026-10-08T13:49:00,32.5,55.7,47.1,58,0
2026-10-08T13:50:00,29.0,55.0,47.1,60,0
2026-10-08T13:51:00,33.4,55.3,47.0,53,1
2026-10-08T13:52:00,32.8,55.7,47.1,57,0
2026-10-08T13:53:00,30.7,54.9,47.2,60,0
2026-10-08T13:54:00,33.2,54.9,47.2,67,0
2026-10-08T13:55:00,29.5,54.9,47.1,65,1
2026-10-08T13:56:00,37.8,56.6,46.8,62,0
2026-10-08T13:57:00,31.3,56.3,47.0,59,1
2026-10-08T13:58:00,29.0,54.6,47.1,50,0
2026-10-08T13:59:00,27.2,56.6,46.9,49,2
2026-10-08T14:00:00,32.2,54.5,46.9,62,0
2026-10-08T14:01:00,27.2,55.6,47.0,49,1
2026-10-08T14:02:00,33.7,54.8,47.0,67,1
2026-10-08T14:03:00,28.8,56.1,46.9,61,2
2026-10-08T14:04:00,32.7,54.1,46.9,53,0
2026-10-08T14:05:00,32.4,56.0,47.1,49,0
2026-10-08T14:06:00,27.9,53.9,47.2,70,0
2026-10-08T14:07:00,29.5,54.1,47.0,63,1
2026-10-08T14:08:00,30.8,54.6,47.0,66,0
2026-10-08T14:09:00,34.2,56.1,46.8,51,1
2026-10-08T14:10:00,33.3,54.9,47.1,55,0
2026-10-08T14:11:00,34.1,53.5,46.9,64,1
2026-10-08T14:12:00,32.2,54.6,46.9,64,0
2026-10-08T14:13:00,33.2,55.6,46.9,55,1
2026-10-08T14:14:00,28.2,54.5,47.1,60,0
2026-10-08T14:15:00,34.5,55.4,46.9,64,0
2026-10-08T14:16:00,29.1,56.8,46.9,61,1
2026-10-08T14:17:00,28.5,55.2,47.1,59,0
2026-10-08T14:18:00,29.4,55.2,47.0,53,0
2026-10-08T14:19:00,33.7,56.4,47.1,56,2
2026-10-08T14:20:00,29.8,55.0,47.0,52,1
2026-10-08T14:21:00,28.9,54.2,46.9,60,0
2026-10-08T14:22:00,31.3,55.6,47.2,57,0
2026-10-08T14:23:00,34.0,54.5,47.0,56,1
2026-10-08T14:24:00,31.3,54.5,47.0,59,0
2026-10-08T14:25:00,30.1,54.8,47.3,57,1
2026-10-08T14:26:00,31.6,56.2,46.9,61,1
2026-10-08T14:27:00,30.2,54.1,47.0,60,2
2026-10-08T14:28:00,36.0,53.1,46.9,63,0
2026-10-08T14:29:00,34.7,56.2,46.9,70,1
2026-10-08T14:30:00,32.9,56.0,47.2,60,1
2026-10-08T14:31:00,32.8,55.5,47.0,59,0
2026-10-08T14:32:00,34.0,54.9,47.2,55,0
2026-10-08T14:33:00,29.3,55.9,46.9,56,0
2026-10-08T14:34:00,33.0,56.6,46.8,50,0
2026-10-08T14:35:00,33.9,57.0,46.9,64,0
2026-10-08T14:36:00,28.5,57.7,47.0,66,0
2026-10-08T14:37:00,33.5,57.3,47.0,58,1
2026-10-08T14:38:00,37.1,55.2,47.0,52,0
2026-10-08T14:39:00,26.3,55.0,47.1,63,0
2026-10-08T14:40:00,33.9,55.0,47.0,66,2
2026-10-08T14:41:00,30.0,55.3,47.0,60,0
2026-10-08T14:42:00,31.2,55.5,46.9,63,0
2026-10-08T14:43:00,29.4,52.8,47.0,53,0
2026-10-08T14:44:00,29.3,54.8,47.0,64,0
2026-10-08T14:45:00,33.6,52.9,47.0,51,0
2026-10-08T14:46:00,34.7,54.9,47.0,59,0
2026-10-08T14:47:00,27.3,53.1,47.0,66,0
2026-10-08T14:48:00,28.7,54.2,47.1,66,1
2026-10-08T14:49:00,34.9,54.2,47.1,67,0
2026-10-08T14:50:00,36.7,54.7,46.9,68,0
2026-10-08T14:51:00,31.9,55.0,46.9,59,0
2026-10-08T14:52:00,31.8,54.9,47.0,67,3
2026-10-08T14:53:00,27.8,56.1,47.1,55,0
2026-10-08T14:54:00,27.2,55.2,47.1,52,0
2026-10-08T14:55:00,33.6,56.1,46.9,56,0
2026-10-08T14:56:00,29.2,56.2,46.9,58,2
2026-10-08T14:57:00,27.8,55.6,47.1,44,2
2026-10-08T14:58:00,28.8,57.1,47.0,54,0
2026-10-08T14:59:00,30.0,55.7,47.0,64,0
2026-10-08T15:00:00,30.7,56.4,46.9,58,0
2026-10-08T15:01:00,25.7,54.0,46.9,51,0
2026-10-08T15:02:00,32.6,55.0,47.1,67,3
2026-10-08T15:03:00,33.0,54.0,46.9,59,0
2026-10-08T15:04:00,34.4,54.1,46.9,70,0
2026-10-08T15:05:00,28.2,54.0,47.2,64,0
2026-10-08T15:06:00,28.9,54.9,47.0,59,0
2026-10-08T15:07:00,33.5,55.2,46.8,55,2
2026-10-08T15:08:00,28.7,55.3,46.9,56,0
2026-10-08T15:09:00,31.4,54.8,46.9,62,1
2026-10-08T15:10:00,28.7,54.9,47.0,62,1
2026-10-08T15:11:00,31.3,54.6,46.9,65,0
2026-10-08T15:12:00,26.6,55.3,47.0,52,0
2026-10-08T15:13:00,25.1,54.0,46.9,57,1
2026-10-08T15:14:00,33.3,55.8,47.0,54,2
2026-10-08T15:15:00,32.9,53.4,46.9,66,0
2026-10-08T15:16:00,35.1,55.5,46.9,53,0
2026-10-08T15:17:00,26.9,55.3,47.1,60,0
2026-10-08T15:18:00,32.2,54.8,46.9,60,1
2026-10-08T15:19:00,30.8,55.4,47.0,66,1
2026-10-08T15:20:00,29.6,55.0,47.1,60,0
2026-10-08T15:21:00,34.1,56.5,47.0,70,2
2026-10-08T15:22:00,28.6,55.2,47.1,56,0
2026-10-08T15:23:00,34.2,56.3,46.9,66,2
2026-10-08T15:24:00,34.0,56.1,47.2,62,0
2026-10-08T15:25:00,33.1,54.2,46.9,59,1
2026-10-08T15:26:00,30.0,54.7,47.0,63,0
2026-10-08T15:27:00,36.6,54.1,47.0,62,1
2026-10-08T15:28:00,35.1,53.7,46.9,66,2
2026-10-08T15:29:00,30.3,53.9,46.9,56,0
2026-10-08T15:30:00,28.8,53.5,47.0,60,1
2026-10-08T15:31:00,32.9,55.5,47.1,61,2
2026-10-08T15:32:00,33.5,57.3,47.0,62,1
2026-10-08T15:33:00,27.9,54.9,46.9,55,0
2026-10-08T15:34:00,30.9,55.9,46.9,45,0
2026-10-08T15:35:00,35.7,55.5,47.1,59,0
2026-10-08T15:36:00,27.7,54.6,47.1,54,1
2026-10-08T15:37:00,29.1,54.1,46.9,65,0
2026-10-08T15:38:00,30.4,54.1,47.0,60,1
2026-10-08T15:39:00,36.9,54.1,47.0,61,0
2026-10-08T15:40:00,26.3,53.6,47.2,68,0
2026-10-08T15:41:00,34.4,55.7,47.0,69,0
2026-10-08T15:42:00,28.4,54.1,47.2,59,0
2026-10-08T15:43:00,32.7,52.9,46.9,68,2
2026-10-08T15:44:00,33.3,55.9,47.1,60,1
2026-10-08T15:45:00,34.7,54.4,47.0,72,1
2026-10-08T15:46:00,30.6,54.1,47.0,58,1
2026-10-08T15:47:00,30.2,55.2,46.9,53,0
2026-10-08T15:48:00,34.0,54.3,46.9,55,0
2026-10-08T15:49:00,30.8,55.7,47.0,55,0
2026-10-08T15:50:00,32.1,54.6,47.0,73,0
2026-10-08T15:51:00,28.4,58.5,47.1,64,0
2026-10-08T15:52:00,29.7,53.6,47.0,57,3
2026-10-08T15:53:00,32.9,54.3,47.1,61,0
2026-10-08T15:54:00,33.0,55.0,47.1,65,0
2026-10-08T15:55:00,28.2,56.4,47.0,57,1
2026-10-08T15:56:00,28.4,54.2,46.9,52,2
2026-10-08T15:57:00,29.8,53.4,46.8,60,2
2026-10-08T15:58:00,29.3,56.3,46.9,66,0
2026-10-08T15:59:00,33.6,54.8,47.0,56,0
2026-10-08T16:00:00,34.6,55.7,47.1,55,0
2026-10-08T16:01:00,34.1,52.5,47.0,61,0
2026-10-08T16:02:00,26.1,55.2,47.0,57,1
2026-10-08T16:03:00,33.7,57.6,47.1,54,1
2026-10-08T16:04:00,34.6,54.4,46.9,62,4
2026-10-08T16:05:00,32.4,55.6,47.0,70,0
2026-10-08T16:06:00,33.0,55.2,47.1,58,1
2026-10-08T16:07:00,34.3,55.5,47.0,68,1
2026-10-08T16:08:00,32.2,58.0,47.1,51,0
2026-10-08T16:09:00,30.8,56.4,47.0,63,0
2026-10-08T16:10:00,34.4,54.9,47.0,54,0
2026-10-08T16:11:00,29.7,54.6,46.9,61,1
2026-10-08T16:12:00,29.8,54.8,47.1,65,1
2026-10-08T16:13:00,30.6,55.0,46.9,42,0
2026-10-08T16:14:00,30.3,55.0,47.1,51,0
2026-10-08T16:15:00,31.1,56.0,47.0,60,0
2026-10-08T16:16:00,32.2,54.8,47.1,70,1
2026-10-08T16:17:00,35.6,55.5,47.0,55,1
2026-10-08T16:18:00,32.6,54.1,47.0,60,1
2026-10-08T16:19:00,31.3,54.4,46.9,53,0
2026-10-08T16:20:00,31.9,53.5,47.0,59,0
2026-10-08T16:21:00,30.5,54.2,46.9,57,1
2026-10-08T16:22:00,33.0,55.2,47.0,63,1
2026-10-08T16:23:00,35.5,54.6,46.9,64,0
2026-10-08T16:24:00,31.5,54.3,47.0,55,0
2026-10-08T16:25:00,35.4,54.3,47.0,59,1
2026-10-08T16:26:00,28.6,54.2,47.0,61,0
2026-10-08T16:27:00,28.2,55.0,47.0,55,1
2026-10-08T16:28:00,31.4,55.4,47.1,57,0
2026-10-08T16:29:00,30.5,56.8,47.0,61,0
2026-10-08T16:30:00,25.3,54.7,47.0,66,1
2026-10-08T16:31:00,27.5,55.8,46.8,65,0
2026-10-08T16:32:00,30.9,55.3,47.0,67,0
2026-10-08T16:33:00,28.8,54.3,47.0,61,1
2026-10-08T16:34:00,28.6,55.0,47.2,77,1
2026-10-08T16:35:00,34.1,54.1,46.9,56,1
2026-10-08T16:36:00,26.7,55.2,47.0,53,0
2026-10-08T16:37:00,33.8,56.3,47.0,54,1
2026-10-08T16:38:00,32.3,54.3,46.9,60,0
2026-10-08T16:39:00,27.8,54.3,46.7,63,0
2026-10-08T16:40:00,33.0,53.4,47.1,62,0
2026-10-08T16:41:00,35.6,53.7,47.0,62,0
2026-10-08T16:42:00,33.8,56.0,47.1,55,0
2026-10-08T16:43:00,32.7,54.4,47.1,61,0
2026-10-08T16:44:00,33.3,54.7,46.9,71,0
2026-10-08T16:45:00,28.0,55.5,47.1,60,0
2026-10-08T16:46:00,31.4,55.3,47.0,61,2
2026-10-08T16:47:00,22.6,56.7,46.9,51,0
2026-10-08T16:48:00,32.4,55.5,46.9,68,0
2026-10-08T16:49:00,27.0,55.9,46.9,60,0
2026-10-08T16:50:00,29.9,53.9,47.1,61,0
2026-10-08T16:51:00,27.9,52.4,47.0,69,0
2026-10-08T16:52:00,30.6,54.2,47.1,65,0
2026-10-08T16:53:00,27.6,54.0,47.0,58,0
2026-10-08T16:54:00,33.6,54.8,47.2,68,0
2026-10-08T16:55:00,29.6,56.4,47.2,53,0
2026-10-08T16:56:00,33.8,54.1,47.0,55,3
2026-10-08T16:57:00,27.0,55.4,47.0,60,1
2026-10-08T16:58:00,33.0,54.9,47.0,55,1
2026-10-08T16:59:00,30.6,54.6,46.9,65,0
2026-10-08T17:00:00,34.7,56.8,47.0,62,0
2026-10-08T17:01:00,28.3,55.0,47.0,59,0
2026-10-08T17:02:00,26.8,54.2,47.2,54,0
2026-10-08T17:03:00,31.1,54.4,47.0,56,0
2026-10-08T17:04:00,30.5,54.0,47.0,48,1
2026-10-08T17:05:00,31.4,55.0,47.2,49,0
2026-10-08T17:06:00,28.7,54.6,47.0,75,1
2026-10-08T17:07:00,31.6,54.9,47.1,61,1
2026-10-08T17:08:00,31.8,55.5,47.1,52,0
2026-10-08T17:09:00,35.3,55.1,47.2,59,1
2026-10-08T17:10:00,29.5,56.5,46.9,56,0
2026-10-08T17:11:00,34.4,55.2,46.9,56,0
2026-10-08T17:12:00,28.8,55.6,47.0,64,1
2026-10-08T17:13:00,32.2,55.9,47.1,58,1
2026-10-08T17:14:00,32.9,53.9,46.9,62,0
2026-10-08T17:15:00,35.5,51.6,47.0,66,1
2026-10-08T17:16:00,26.8,54.6,47.1,62,1
2026-10-08T17:17:00,34.6,54.4,47.1,55,0
2026-10-08T17:18:00,30.7,55.8,47.0,60,1
2026-10-08T17:19:00,27.3,54.9,47.1,68,0
2026-10-08T17:20:00,30.2,55.0,47.0,53,0
2026-10-08T17:21:00,28.2,55.5,47.0,61,0
2026-10-08T17:22:00,28.4,56.1,47.0,58,0
2026-10-08T17:23:00,32.8,54.6,46.9,60,1
2026-10-08T17:24:00,27.9,55.6,46.9,63,1
2026-10-08T17:25:00,30.4,55.4,47.1,62,0
2026-10-08T17:26:00,33.3,53.9,47.1,64,1
2026-10-08T17:27:00,30.7,55.3,46.9,60,0
2026-10-08T17:28:00,26.4,54.3,47.2,62,0
2026-10-08T17:29:00,28.7,55.3,47.0,61,1
2026-10-08T17:30:00,29.5,55.2,46.9,61,1
2026-10-08T17:31:00,34.1,54.7,47.2,64,0
2026-10-08T17:32:00,29.0,55.7,46.9,69,0
2026-10-08T17:33:00,24.6,54.2,47.2,66,1
2026-10-08T17:34:00,27.8,54.3,47.0,54,0
2026-10-08T17:35:00,35.3,56.0,47.0,67,0
2026-10-08T17:36:00,35.7,54.4,47.0,58,1
2026-10-08T17:37:00,35.5,54.9,47.0,60,1
2026-10-08T17:38:00,32.6,53.6,47.0,59,0
2026-10-08T17:39:00,33.8,54.7,47.0,65,0
2026-10-08T17:40:00,25.4,54.9,46.9,65,0
2026-10-08T17:41:00,36.6,54.8,47.1,69,0
2026-10-08T17:42:00,28.9,53.8,47.0,55,1
2026-10-08T17:43:00,28.2,53.8,47.1,58,1
2026-10-08T17:44:00,31.7,56.0,46.8,64,0
2026-10-08T17:45:00,28.6,55.0,47.1,63,0
2026-10-08T17:46:00,33.6,52.7,47.0,64,0
2026-10-08T17:47:00,30.4,55.6,47.2,67,0
2026-10-08T17:48:00,31.6,54.9,47.0,63,2
2026-10-08T17:49:00,30.2,56.0,47.2,61,0
2026-10-08T17:50:00,31.7,55.6,46.8,48,0
2026-10-08T17:51:00,30.8,53.7,46.9,63,0
2026-10-08T17:52:00,27.7,56.5,46.9,52,0
2026-10-08T17:53:00,27.5,54.8,47.1,57,2
2026-10-08T17:54:00,26.9,55.6,47.1,59,1
2026-10-08T17:55:00,29.8,53.8,47.0,65,0
2026-10-08T17:56:00,29.1,53.7,47.2,52,0
2026-10-08T17:57:00,32.8,55.4,47.1,58,1
2026-10-08T17:58:00,25.8,55.9,46.9,64,0
2026-10-08T17:59:00,34.7,55.1,47.1,62,0
2026-10-08T18:00:00,33.0,55.3,47.1,55,0
2026-10-08T18:01:00,34.3,55.0,47.0,57,0
2026-10-08T18:02:00,29.5,54.6,47.1,58,0
2026-10-08T18:03:00,33.3,56.3,47.1,57,0
2026-10-08T18:04:00,29.8,53.9,47.2,64,0
2026-10-08T18:05:00,34.5,53.6,46.9,62,0
2026-10-08T18:06:00,28.0,55.0,47.0,66,0
2026-10-08T18:07:00,33.6,56.1,47.1,64,0
2026-10-08T18:08:00,30.4,54.5,47.0,62,0
2026-10-08T18:09:00,30.4,54.4,47.0,67,1
2026-10-08T18:10:00,32.9,55.2,46.9,62,1
2026-10-08T18:11:00,32.1,55.0,46.9,59,1
2026-10-08T18:12:00,36.2,55.1,47.0,60,0
2026-10-08T18:13:00,39.5,54.4,47.0,52,0
2026-10-08T18:14:00,30.9,54.2,47.0,61,0
2026-10-08T18:15:00,35.4,56.7,47.0,60,0
2026-10-08T18:16:00,31.8,53.7,47.0,54,2
2026-10-08T18:17:00,29.4,54.3,47.0,55,0
2026-10-08T18:18:00,31.7,54.1,47.0,61,0
2026-10-08T18:19:00,32.8,55.6,47.1,64,3
2026-10-08T18:20:00,34.2,54.7,46.9,64,0
2026-10-08T18:21:00,28.3,55.9,46.9,62,0
2026-10-08T18:22:00,29.2,56.2,47.1,56,0
2026-10-08T18:23:00,29.2,54.7,47.1,72,0
2026-10-08T18:24:00,26.8,55.4,46.9,57,1
2026-10-08T18:25:00,33.3,55.4,46.9,58,1
2026-10-08T18:26:00,33.6,55.9,47.1,64,1
2026-10-08T18:27:00,25.5,54.9,47.1,59,0
2026-10-08T18:28:00,31.3,55.4,47.2,57,1
2026-10-08T18:29:00,33.0,54.0,47.0,70,0
2026-10-08T18:30:00,28.7,53.7,46.8,67,0
2026-10-08T18:31:00,30.1,55.9,47.1,55,0
2026-10-08T18:32:00,30.0,54.2,47.2,53,0
2026-10-08T18:33:00,30.7,54.8,47.0,59,0
2026-10-08T18:34:00,28.9,54.9,47.1,66,0
2026-10-08T18:35:00,30.1,55.0,47.1,56,2
2026-10-08T18:36:00,29.8,53.9,47.1,68,0
2026-10-08T18:37:00,28.7,55.5,47.1,57,1
2026-10-08T18:38:00,26.9,55.2,47.0,60,2
2026-10-08T18:39:00,29.7,55.8,47.0,53,2
2026-10-08T18:40:00,30.8,54.0,46.9,50,0
2026-10-08T18:41:00,30.7,54.3,47.0,58,0
2026-10-08T18:42:00,31.0,53.1,47.0,61,0
2026-10-08T18:43:00,29.1,55.1,47.0,64,1
2026-10-08T18:44:00,31.5,54.2,47.2,62,0
2026-10-08T18:45:00,31.4,54.2,47.0,72,0
2026-10-08T18:46:00,23.0,54.3,46.8,51,0
2026-10-08T18:47:00,28.6,54.8,47.1,62,0
2026-10-08T18:48:00,34.4,55.9,47.1,59,1
2026-10-08T18:49:00,27.3,55.6,47.2,60,3
2026-10-08T18:50:00,32.6,54.9,47.0,52,0
2026-10-08T18:51:00,31.3,55.3,47.0,65,0
2026-10-08T18:52:00,32.8,53.9,47.0,57,0
2026-10-08T18:53:00,24.6,54.4,47.1,54,0
2026-10-08T18:54:00,31.9,54.3,47.3,63,0
2026-10-08T18:55:00,30.9,53.4,47.0,51,1
2026-10-08T18:56:00,27.2,54.6,47.2,50,0
2026-10-08T18:57:00,30.4,54.3,46.9,53,0
2026-10-08T18:58:00,29.9,56.1,47.0,52,1
2026-10-08T18:59:00,26.8,56.9,47.1,65,1
2026-10-08T19:00:00,28.8,55.2,47.0,66,0
2026-10-08T19:01:00,32.1,54.0,47.1,58,0
2026-10-08T19:02:00,28.6,54.7,46.9,71,0
2026-10-08T19:03:00,30.5,54.7,47.2,62,0
2026-10-08T19:04:00,36.7,56.6,47.1,66,1
2026-10-08T19:05:00,27.2,54.5,47.0,48,1
2026-10-08T19:06:00,30.0,54.3,47.0,53,0
2026-10-08T19:07:00,30.7,55.3,47.0,62,2
2026-10-08T19:08:00,32.5,54.5,47.0,67,1
2026-10-08T19:09:00,30.2,55.7,46.9,59,0
2026-10-08T19:10:00,34.0,55.9,46.8,57,1
2026-10-08T19:11:00,26.6,56.3,46.9,63,0
2026-10-08T19:12:00,23.8,53.4,47.0,60,0
2026-10-08T19:13:00,31.6,54.9,47.0,65,0
2026-10-08T19:14:00,31.7,55.5,47.2,62,1
2026-10-08T19:15:00,36.8,55.5,46.8,52,1
2026-10-08T19:16:00,28.8,56.0,47.1,61,0
2026-10-08T19:17:00,32.1,55.2,47.0,60,0
2026-10-08T19:18:00,31.8,53.4,47.0,65,0
2026-10-08T19:19:00,33.0,54.5,46.9,58,0
2026-10-08T19:20:00,36.0,55.4,47.1,59,0
2026-10-08T19:21:00,36.6,55.1,47.1,66,1
2026-10-08T19:22:00,24.4,53.5,47.1,56,1
2026-10-08T19:23:00,31.0,54.3,46.9,70,0
2026-10-08T19:24:00,33.3,54.4,47.1,61,1
2026-10-08T19:25:00,32.0,55.0,47.0,53,0
2026-10-08T19:26:00,30.8,54.1,47.0,52,0
2026-10-08T19:27:00,36.3,53.7,47.0,59,0
2026-10-08T19:28:00,33.5,54.4,46.7,50,0
2026-10-08T19:29:00,34.6,54.7,47.1,62,0
2026-10-08T19:30:00,26.8,54.9,47.0,60,0
2026-10-08T19:31:00,31.1,55.0,47.0,65,0
2026-10-08T19:32:00,31.0,54.6,46.9,63,0
2026-10-08T19:33:00,28.6,55.7,47.0,62,2
2026-10-08T19:34:00,28.2,55.9,47.0,51,1
2026-10-08T19:35:00,29.7,54.9,47.1,57,0
2026-10-08T19:36:00,26.9,55.0,47.0,57,0
2026-10-08T19:37:00,27.7,53.2,47.1,53,0
2026-10-08T19:38:00,24.8,54.4,47.1,62,1
2026-10-08T19:39:00,31.3,55.2,46.9,56,0
2026-10-08T19:40:00,30.7,55.2,46.8,62,1
2026-10-08T19:41:00,29.5,52.1,47.1,54,0
2026-10-08T19:42:00,33.7,54.2,46.9,61,1
2026-10-08T19:43:00,30.1,54.8,46.9,69,0
2026-10-08T19:44:00,34.2,58.5,46.9,56,0
2026-10-08T19:45:00,32.9,55.1,46.9,62,0
2026-10-08T19:46:00,30.7,56.1,47.1,52,0
2026-10-08T19:47:00,32.5,54.7,46.9,56,0
2026-10-08T19:48:00,29.8,54.0,47.0,70,0
2026-10-08T19:49:00,32.8,54.7,47.0,64,0
2026-10-08T19:50:00,30.4,55.5,46.9,59,0
2026-10-08T19:51:00,29.2,56.4,46.9,62,0
2026-10-08T19:52:00,31.5,56.1,47.1,55,0
2026-10-08T19:53:00,32.7,56.1,46.9,69,0
2026-10-08T19:54:00,32.9,54.9,47.2,55,1
2026-10-08T19:55:00,28.3,53.2,46.9,60,0
2026-10-08T19:56:00,36.1,54.8,47.0,49,0
2026-10-08T19:57:00,33.4,55.7,47.0,56,2
2026-10-08T19:58:00,31.1,54.5,47.0,53,0
2026-10-08T19:59:00,27.5,55.2,47.1,62,0
2026-10-08T20:00:00,30.4,55.7,46.9,54,1
2026-10-08T20:01:00,28.7,55.7,46.9,54,1
2026-10-08T20:02:00,30.2,54.8,47.0,54,1
2026-10-08T20:03:00,27.8,54.9,46.8,64,1
2026-10-08T20:04:00,33.6,55.7,46.9,61,0
2026-10-08T20:05:00,27.9,54.6,47.2,68,0
2026-10-08T20:06:00,31.0,54.7,46.9,62,0
2026-10-08T20:07:00,32.6,55.6,47.0,59,0
2026-10-08T20:08:00,28.8,56.6,47.0,46,0
2026-10-08T20:09:00,31.9,55.3,46.9,52,0
2026-10-08T20:10:00,29.4,54.4,47.0,62,1
2026-10-08T20:11:00,30.2,56.3,47.1,60,1
2026-10-08T20:12:00,33.4,54.6,47.0,48,1
2026-10-08T20:13:00,32.6,54.6,46.9,64,3
2026-10-08T20:14:00,31.3,55.8,47.1,66,0
2026-10-08T20:15:00,29.9,56.2,47.0,59,0
2026-10-08T20:16:00,29.0,56.3,47.0,58,0
2026-10-08T20:17:00,32.2,54.6,47.1,54,1
2026-10-08T20:18:00,31.1,55.4,47.1,55,3
2026-10-08T20:19:00,33.2,54.2,47.1,56,1
2026-10-08T20:20:00,36.0,53.6,47.0,58,0
2026-10-08T20:21:00,30.3,53.6,47.0,53,1
2026-10-08T20:22:00,35.5,53.8,47.0,55,1
2026-10-08T20:23:00,32.1,54.8,46.8,60,0
2026-10-08T20:24:00,29.3,56.5,47.1,61,0
2026-10-08T20:25:00,33.6,56.7,47.1,61,0
2026-10-08T20:26:00,32.4,55.7,47.0,62,0
2026-10-08T20:27:00,35.8,54.9,47.1,64,1
2026-10-08T20:28:00,30.5,54.4,47.0,57,1
2026-10-08T20:29:00,29.7,54.6,46.8,57,0
2026-10-08T20:30:00,33.3,56.4,47.0,45,1
2026-10-08T20:31:00,29.7,53.6,47.2,54,0
2026-10-08T20:32:00,32.0,56.4,47.0,61,0
2026-10-08T20:33:00,29.5,56.0,46.9,71,0
2026-10-08T20:34:00,29.7,55.0,46.9,64,2
2026-10-08T20:35:00,35.8,54.2,46.9,60,1
2026-10-08T20:36:00,22.5,54.8,47.2,68,1
2026-10-08T20:37:00,24.8,55.2,47.0,67,0
2026-10-08T20:38:00,32.3,55.2,47.1,64,1
2026-10-08T20:39:00,27.8,54.0,47.1,65,0
2026-10-08T20:40:00,32.4,54.8,47.0,59,0
2026-10-08T20:41:00,26.1,55.4,47.1,68,0
2026-10-08T20:42:00,31.5,54.2,47.1,63,1
2026-10-08T20:43:00,29.7,53.9,46.9,68,1
2026-10-08T20:44:00,24.7,54.3,47.0,63,1
2026-10-08T20:45:00,27.1,54.4,47.1,58,0
2026-10-08T20:46:00,30.8,56.2,47.1,60,0
2026-10-08T20:47:00,30.3,55.5,47.0,66,1
2026-10-08T20:48:00,25.5,54.6,46.9,61,1
2026-10-08T20:49:00,34.8,54.1,47.1,66,0
2026-10-08T20:50:00,29.3,54.6,47.0,55,1
2026-10-08T20:51:00,35.8,55.2,47.0,61,0
2026-10-08T20:52:00,25.8,54.9,47.0,55,0
2026-10-08T20:53:00,29.3,53.8,46.9,56,1
2026-10-08T20:54:00,35.5,55.8,46.9,63,1
2026-10-08T20:55:00,34.3,57.3,46.8,62,0
2026-10-08T20:56:00,32.8,56.3,46.9,66,1
2026-10-08T20:57:00,30.1,53.9,46.9,67,0
2026-10-08T20:58:00,33.1,54.4,47.0,65,1
2026-10-08T20:59:00,28.4,53.8,47.0,58,0
2026-10-08T21:00:00,30.0,55.8,46.9,57,4
2026-10-08T21:01:00,30.5,54.5,47.1,50,0
2026-10-08T21:02:00,34.2,53.6,47.1,68,0
2026-10-08T21:03:00,30.4,56.9,47.0,69,1
2026-10-08T21:04:00,31.0,55.4,47.0,70,0
2026-10-08T21:05:00,34.3,55.1,47.2,47,1
2026-10-08T21:06:00,29.6,54.5,47.0,59,0
2026-10-08T21:07:00,27.4,55.5,46.8,67,0
2026-10-08T21:08:00,31.7,54.9,47.1,52,0
2026-10-08T21:09:00,35.5,57.6,46.9,68,0
2026-10-08T21:10:00,31.6,54.8,47.0,52,1
2026-10-08T21:11:00,34.7,55.5,47.1,60,1
2026-10-08T21:12:00,35.5,53.3,46.8,56,1
2026-10-08T21:13:00,31.1,54.6,47.0,55,0
2026-10-08T21:14:00,27.5,55.9,47.1,73,1
2026-10-08T21:15:00,30.4,53.9,47.1,57,1
2026-10-08T21:16:00,34.3,56.7,47.0,59,1
2026-10-08T21:17:00,30.1,56.1,47.0,72,0
2026-10-08T21:18:00,28.5,54.7,47.1,65,0
2026-10-08T21:19:00,28.9,55.0,47.2,67,0
2026-10-08T21:20:00,32.3,54.9,47.0,65,0
2026-10-08T21:21:00,28.6,55.5,47.0,62,1
2026-10-08T21:22:00,30.8,54.3,46.9,56,1
2026-10-08T21:23:00,30.6,57.0,47.0,53,1
2026-10-08T21:24:00,26.7,53.5,47.0,50,0
2026-10-08T21:25:00,30.4,56.5,46.9,61,0
2026-10-08T21:26:00,27.4,53.6,47.1,68,0
2026-10-08T21:27:00,28.9,56.1,47.0,62,0
2026-10-08T21:28:00,33.1,57.1,46.9,65,0
2026-10-08T21:29:00,32.0,54.4,47.0,63,0
2026-10-08T21:30:00,28.5,54.3,47.1,65,0
2026-10-08T21:31:00,34.7,55.9,46.9,66,1
2026-10-08T21:32:00,30.6,54.7,47.1,62,0
2026-10-08T21:33:00,30.8,53.9,47.2,56,0
2026-10-08T21:34:00,35.7,52.8,46.9,66,1
2026-10-08T21:35:00,30.3,55.2,47.0,66,0
2026-10-08T21:36:00,33.2,55.0,47.1,60,0
2026-10-08T21:37:00,30.0,53.2,47.1,70,1
2026-10-08T21:38:00,33.1,55.4,46.9,63,0
2026-10-08T21:39:00,28.5,54.3,47.1,61,0
2026-10-08T21:40:00,29.7,55.6,46.9,55,2
2026-10-08T21:41:00,29.3,54.8,46.8,70,0
2026-10-08T21:42:00,31.2,55.5,47.0,61,1
2026-10-08T21:43:00,29.1,55.5,47.0,57,0
2026-10-08T21:44:00,31.9,56.2,46.9,53,0
2026-10-08T21:45:00,27.9,55.4,46.9,65,0
2026-10-08T21:46:00,33.6,56.7,47.1,67,0
2026-10-08T21:47:00,29.0,54.4,46.9,70,1
2026-10-08T21:48:00,29.4,55.6,46.9,59,1
2026-10-08T21:49:00,28.9,56.3,47.1,71,1
2026-10-08T21:50:00,30.0,56.2,47.0,59,0
2026-10-08T21:51:00,27.4,54.6,46.9,60,0
2026-10-08T21:52:00,29.5,54.3,46.9,69,1
2026-10-08T21:53:00,33.1,54.9,46.9,58,0
2026-10-08T21:54:00,29.0,53.7,46.9,58,0
2026-10-08T21:55:00,31.2,54.7,47.1,55,0
2026-10-08T21:56:00,30.5,54.1,46.9,59,2
2026-10-08T21:57:00,35.1,55.3,47.1,61,2
2026-10-08T21:58:00,26.9,53.3,46.8,63,0
2026-10-08T21:59:00,30.1,52.1,47.0,61,0
2026-10-08T22:00:00,25.8,54.5,47.0,62,0
2026-10-08T22:01:00,31.5,56.1,47.1,66,0
2026-10-08T22:02:00,29.5,55.0,47.1,62,0
2026-10-08T22:03:00,32.9,55.0,46.9,61,1
2026-10-08T22:04:00,30.0,55.9,47.1,59,1
2026-10-08T22:05:00,33.8,57.2,46.9,73,0
2026-10-08T22:06:00,35.2,55.7,46.9,57,1
2026-10-08T22:07:00,33.5,54.1,47.0,60,0
2026-10-08T22:08:00,29.0,53.2,47.0,48,2
2026-10-08T22:09:00,29.2,54.0,47.1,52,0
2026-10-08T22:10:00,33.7,55.3,47.0,64,1
2026-10-08T22:11:00,30.7,54.7,46.9,59,0
2026-10-08T22:12:00,34.1,54.0,47.0,71,0
2026-10-08T22:13:00,30.3,53.8,47.0,56,0
2026-10-08T22:14:00,29.2,54.0,46.8,74,0
2026-10-08T22:15:00,26.5,54.5,47.0,58,1
2026-10-08T22:16:00,28.9,53.9,46.9,52,0
2026-10-08T22:17:00,30.0,52.9,46.8,56,1
2026-10-08T22:18:00,31.7,54.7,46.8,64,0
2026-10-08T22:19:00,27.3,55.7,47.1,69,0
2026-10-08T22:20:00,29.3,55.1,47.0,67,0
2026-10-08T22:21:00,30.5,55.3,47.0,53,0
2026-10-08T22:22:00,30.6,54.8,47.0,67,0
2026-10-08T22:23:00,27.5,58.1,47.0,62,0
2026-10-08T22:24:00,34.9,54.4,47.2,57,0
2026-10-08T22:25:00,29.1,55.5,46.9,64,1
2026-10-08T22:26:00,29.0,54.0,47.3,66,0
2026-10-08T22:27:00,33.7,54.5,46.9,61,0
2026-10-08T22:28:00,33.0,53.3,47.0,63,0
2026-10-08T22:29:00,26.2,55.0,47.1,57,0
2026-10-08T22:30:00,33.7,55.7,47.2,63,1
2026-10-08T22:31:00,33.0,53.7,47.1,62,0
2026-10-08T22:32:00,28.7,55.5,47.1,60,1
2026-10-08T22:33:00,28.3,55.2,47.0,52,0
2026-10-08T22:34:00,29.9,55.1,46.8,61,1
2026-10-08T22:35:00,31.8,56.1,47.2,74,2
2026-10-08T22:36:00,33.4,56.2,47.0,53,0
2026-10-08T22:37:00,34.5,53.1,47.2,64,0
2026-10-08T22:38:00,31.4,55.7,47.1,67,1
2026-10-08T22:39:00,32.4,55.7,47.0,60,0
2026-10-08T22:40:00,29.0,55.0,47.1,53,0
2026-10-08T22:41:00,31.6,54.5,47.1,56,3
2026-10-08T22:42:00,30.3,55.4,47.0,51,0
2026-10-08T22:43:00,36.5,54.3,47.1,51,2
2026-10-08T22:44:00,31.1,54.2,47.0,72,1
2026-10-08T22:45:00,34.0,55.2,46.9,64,2
2026-10-08T22:46:00,32.9,55.4,47.1,56,0
2026-10-08T22:47:00,29.3,56.0,47.0,61,1
2026-10-08T22:48:00,33.1,56.1,47.0,67,0
2026-10-08T22:49:00,27.0,56.3,46.8,58,2
2026-10-08T22:50:00,33.4,54.7,47.0,53,2
2026-10-08T22:51:00,32.8,55.8,47.1,62,0
2026-10-08T22:52:00,33.7,55.4,46.8,59,0
2026-10-08T22:53:00,34.0,55.8,47.0,59,0
2026-10-08T22:54:00,30.1,55.6,47.0,67,0
2026-10-08T22:55:00,31.7,54.7,47.1,65,1
2026-10-08T22:56:00,30.1,54.9,46.9,64,1
2026-10-08T22:57:00,32.9,55.1,47.0,71,0
2026-10-08T22:58:00,31.0,54.6,47.1,45,1
2026-10-08T22:59:00,28.0,55.9,47.0,67,1
2026-10-08T23:00:00,32.7,54.5,47.2,59,0
2026-10-08T23:01:00,33.1,55.9,46.9,64,0
2026-10-08T23:02:00,24.4,54.7,47.0,69,0
2026-10-08T23:03:00,27.6,54.5,47.2,63,1
2026-10-08T23:04:00,28.4,55.0,47.0,59,1
2026-10-08T23:05:00,25.3,55.4,47.1,51,0
2026-10-08T23:06:00,33.3,56.5,46.9,66,0
2026-10-08T23:07:00,34.7,55.4,47.0,65,1
2026-10-08T23:08:00,32.8,54.4,46.9,67,0
2026-10-08T23:09:00,33.1,56.6,47.1,67,2
2026-10-08T23:10:00,32.9,54.3,46.9,57,1
2026-10-08T23:11:00,32.2,55.0,46.9,44,1
2026-10-08T23:12:00,29.8,56.1,46.9,58,0
2026-10-08T23:13:00,33.4,56.3,46.9,68,2
2026-10-08T23:14:00,25.8,54.4,46.9,61,0
2026-10-08T23:15:00,35.6,55.5,47.0,51,1
2026-10-08T23:16:00,36.2,55.3,47.0,52,0
2026-10-08T23:17:00,30.6,54.4,47.0,60,1
2026-10-08T23:18:00,31.5,52.4,46.8,70,2
2026-10-08T23:19:00,32.5,55.9,47.0,56,0
2026-10-08T23:20:00,28.7,53.9,47.1,62,0
2026-10-08T23:21:00,32.5,56.0,46.8,69,0
2026-10-08T23:22:00,31.8,55.9,47.0,67,0
2026-10-08T23:23:00,31.9,54.9,46.9,57,0
2026-10-08T23:24:00,30.1,55.3,47.0,48,1
2026-10-08T23:25:00,34.7,55.4,47.1,63,0
2026-10-08T23:26:00,31.1,55.0,47.0,71,0
2026-10-08T23:27:00,30.6,54.4,47.0,63,0
2026-10-08T23:28:00,34.4,54.1,47.2,67,0
2026-10-08T23:29:00,29.6,55.9,47.0,60,2
2026-10-08T23:30:00,30.9,53.2,47.1,69,0
2026-10-08T23:31:00,29.2,56.3,47.0,59,1
2026-10-08T23:32:00,30.3,56.0,47.1,68,1
2026-10-08T23:33:00,30.8,54.1,47.2,59,1
2026-10-08T23:34:00,31.9,56.1,47.0,56,0
2026-10-08T23:35:00,31.6,53.8,47.2,60,0
2026-10-08T23:36:00,35.2,54.0,47.0,60,1
2026-10-08T23:37:00,33.0,55.2,47.1,71,1
2026-10-08T23:38:00,30.6,55.4,46.9,59,0
2026-10-08T23:39:00,27.9,55.1,47.0,62,1
2026-10-08T23:40:00,31.9,53.7,46.9,69,1
2026-10-08T23:41:00,31.7,54.9,47.1,54,2
2026-10-08T23:42:00,28.0,55.4,47.1,66,0
2026-10-08T23:43:00,31.1,54.0,47.1,61,2
2026-10-08T23:44:00,31.1,54.2,46.9,68,0
2026-10-08T23:45:00,29.9,54.7,47.0,64,0
2026-10-08T23:46:00,35.6,56.9,47.1,60,0
2026-10-08T23:47:00,32.4,56.3,47.0,65,0
2026-10-08T23:48:00,36.6,53.7,47.0,54,0
2026-10-08T23:49:00,33.5,53.8,47.0,61,2
2026-10-08T23:50:00,29.7,53.1,47.1,50,1
2026-10-08T23:51:00,27.7,56.6,47.0,54,0
2026-10-08T23:52:00,32.1,56.5,46.9,49,1
2026-10-08T23:53:00,29.3,55.3,47.1,64,0
2026-10-08T23:54:00,25.4,54.2,47.0,58,0
2026-10-08T23:55:00,28.2,57.0,47.0,69,2
2026-10-08T23:56:00,31.4,53.8,47.0,56,1
2026-10-08T23:57:00,30.9,54.9,47.0,60,0
2026-10-08T23:58:00,30.3,55.5,47.1,61,0
2026-10-08T23:59:00,29.4,56.3,47.0,61,2
2026-10-09T00:00:00,31.0,56.8,47.2,60,1
2026-10-09T00:01:00,31.9,56.0,47.0,54,0
2026-10-09T00:02:00,29.7,54.0,46.9,50,1
2026-10-09T00:03:00,27.1,56.7,47.0,58,3
2026-10-09T00:04:00,28.6,54.8,47.0,48,1
2026-10-09T00:05:00,29.9,56.4,47.0,65,0
2026-10-09T00:06:00,28.1,56.1,46.9,57,0
2026-10-09T00:07:00,38.3,55.1,47.0,55,1
2026-10-09T00:08:00,32.0,54.2,47.0,67,0
2026-10-09T00:09:00,32.3,53.5,46.9,67,1
2026-10-09T00:10:00,32.7,53.3,47.1,59,0
2026-10-09T00:11:00,30.6,56.5,46.9,59,0
2026-10-09T00:12:00,33.3,55.2,46.9,56,0
2026-10-09T00:13:00,30.7,56.2,47.1,56,0
2026-10-09T00:14:00,32.5,54.5,47.1,48,0
2026-10-09T00:15:00,27.2,55.5,47.2,69,0
2026-10-09T00:16:00,31.0,54.2,47.0,62,1
2026-10-09T00:17:00,33.1,54.6,47.0,70,1
2026-10-09T00:18:00,28.7,56.4,46.9,64,0
2026-10-09T00:19:00,32.7,52.9,47.0,53,0
2026-10-09T00:20:00,25.7,53.6,46.8,64,2
2026-10-09T00:21:00,29.8,55.9,46.8,61,0
2026-10-09T00:22:00,30.5,54.6,47.0,58,1
2026-10-09T00:23:00,31.6,55.1,47.0,64,0
2026-10-09T00:24:00,29.6,54.3,47.0,58,0
2026-10-09T00:25:00,26.2,56.0,47.2,55,0
2026-10-09T00:26:00,29.9,53.4,47.0,56,0
2026-10-09T00:27:00,32.5,56.0,46.9,55,1
2026-10-09T00:28:00,32.0,56.0,47.0,56,1
2026-10-09T00:29:00,34.6,55.9,47.2,60,0
2026-10-09T00:30:00,25.7,54.8,47.0,66,1
2026-10-09T00:31:00,26.7,55.4,47.1,63,1
2026-10-09T00:32:00,31.9,53.8,47.1,56,0
2026-10-09T00:33:00,33.3,54.5,46.9,56,0
2026-10-09T00:34:00,30.1,55.3,47.0,61,0
2026-10-09T00:35:00,29.1,54.8,46.8,54,0
2026-10-09T00:36:00,25.9,54.5,46.9,52,0
2026-10-09T00:37:00,28.5,54.6,46.9,61,0
2026-10-09T00:38:00,27.8,55.1,47.0,54,1
2026-10-09T00:39:00,31.1,55.2,46.8,49,0
2026-10-09T00:40:00,30.5,56.7,46.9,57,0
2026-10-09T00:41:00,32.5,54.7,47.0,62,0
2026-10-09T00:42:00,31.1,55.4,47.0,57,1
2026-10-09T00:43:00,33.6,54.4,46.9,65,0
2026-10-09T00:44:00,33.4,53.4,47.1,64,0
2026-10-09T00:45:00,29.9,55.3,47.1,62,0
2026-10-09T00:46:00,34.7,53.5,46.9,64,1
2026-10-09T00:47:00,28.2,55.0,46.8,47,0
2026-10-09T00:48:00,29.4,55.8,47.0,60,0
2026-10-09T00:49:00,28.0,56.8,47.0,71,1
2026-10-09T00:50:00,30.3,56.1,47.0,63,0
2026-10-09T00:51:00,31.9,55.1,47.0,66,1
2026-10-09T00:52:00,39.0,55.2,46.9,55,0
2026-10-09T00:53:00,25.0,54.0,47.1,69,0
2026-10-09T00:54:00,28.5,55.2,46.9,65,0
2026-10-09T00:55:00,27.8,54.8,46.8,69,1
2026-10-09T00:56:00,33.3,55.5,47.0,49,0
2026-10-09T00:57:00,30.4,55.9,47.0,67,1
2026-10-09T00:58:00,33.9,55.8,46.9,65,1
2026-10-09T00:59:00,32.2,56.2,46.7,66,2
2026-10-09T01:00:00,33.9,55.0,47.2,58,1
2026-10-09T01:01:00,32.6,53.6,47.1,53,1
2026-10-09T01:02:00,34.4,53.7,47.0,61,1
2026-10-09T01:03:00,32.0,54.2,47.0,57,1
2026-10-09T01:04:00,31.1,57.4,47.1,60,1
2026-10-09T01:05:00,29.4,54.5,47.1,53,0
2026-10-09T01:06:00,29.2,54.5,47.0,57,0
2026-10-09T01:07:00,33.7,56.4,47.0,59,1
2026-10-09T01:08:00,36.9,55.0,47.1,71,1
2026-10-09T01:09:00,31.0,53.2,47.0,59,0
2026-10-09T01:10:00,30.4,55.8,46.9,55,0
2026-10-09T01:11:00,29.8,54.8,47.0,63,0
2026-10-09T01:12:00,31.2,53.1,47.0,65,0
2026-10-09T01:13:00,30.7,54.7,46.7,53,0
2026-10-09T01:14:00,33.0,53.9,47.0,55,0
2026-10-09T01:15:00,29.7,56.1,46.9,64,0
2026-10-09T01:16:00,29.1,53.9,46.9,60,2
2026-10-09T01:17:00,33.6,53.6,47.0,49,0
2026-10-09T01:18:00,33.2,55.1,47.1,63,1
2026-10-09T01:19:00,32.5,55.2,47.0,62,0
2026-10-09T01:20:00,26.4,57.2,46.9,57,0
2026-10-09T01:21:00,38.1,56.0,46.8,66,2
2026-10-09T01:22:00,30.5,54.4,46.9,54,2
2026-10-09T01:23:00,28.2,54.7,47.2,46,1
2026-10-09T01:24:00,25.8,55.0,47.1,58,0
2026-10-09T01:25:00,31.6,55.3,47.1,58,2
2026-10-09T01:26:00,31.9,55.5,47.0,61,0
2026-10-09T01:27:00,30.8,55.0,47.0,67,0
2026-10-09T01:28:00,38.4,54.9,47.0,55,1
2026-10-09T01:29:00,34.2,55.7,47.2,59,1
2026-10-09T01:30:00,34.9,54.3,46.9,60,0
2026-10-09T01:31:00,30.1,55.1,47.0,57,0
2026-10-09T01:32:00,32.0,54.0,47.0,56,0
2026-10-09T01:33:00,31.0,55.6,47.1,62,0
2026-10-09T01:34:00,33.1,55.2,47.2,64,1
2026-10-09T01:35:00,30.6,54.5,46.9,54,0
2026-10-09T01:36:00,28.2,54.0,46.8,53,3
2026-10-09T01:37:00,29.6,54.6,47.1,65,0
2026-10-09T01:38:00,32.8,55.6,47.0,73,0
2026-10-09T01:39:00,36.7,54.7,47.0,67,1
2026-10-09T01:40:00,33.1,55.3,47.0,54,0
2026-10-09T01:41:00,34.8,54.6,47.1,57,1
2026-10-09T01:42:00,32.5,55.1,47.1,68,3
2026-10-09T01:43:00,31.2,55.7,47.0,53,1
2026-10-09T01:44:00,32.9,52.5,46.9,58,0
2026-10-09T01:45:00,30.1,54.1,46.9,63,0
2026-10-09T01:46:00,35.0,55.4,46.8,59,1
2026-10-09T01:47:00,30.7,55.3,47.0,69,0
2026-10-09T01:48:00,27.5,54.1,47.1,70,1
2026-10-09T01:49:00,31.4,54.0,46.9,76,0
2026-10-09T01:50:00,29.9,53.9,47.0,70,0
2026-10-09T01:51:00,34.9,55.5,47.2,60,1
2026-10-09T01:52:00,34.4,56.3,47.0,55,1
2026-10-09T01:53:00,34.8,54.1,47.1,56,2
2026-10-09T01:54:00,29.5,55.8,46.9,55,1
2026-10-09T01:55:00,34.9,55.9,46.9,65,0
2026-10-09T01:56:00,31.5,56.4,46.9,60,1
2026-10-09T01:57:00,27.9,55.0,47.0,57,1
2026-10-09T01:58:00,29.0,56.1,47.2,61,1
2026-10-09T01:59:00,31.2,56.2,47.1,57,0
2026-10-09T02:00:00,26.5,53.9,47.1,62,0
2026-10-09T02:01:00,32.4,52.6,47.2,71,0
2026-10-09T02:02:00,30.7,55.0,47.0,57,0
2026-10-09T02:03:00,34.1,55.0,47.1,58,0
2026-10-09T02:04:00,33.1,54.3,46.9,65,0
2026-10-09T02:05:00,28.1,55.2,47.0,58,0
2026-10-09T02:06:00,33.2,53.4,46.9,51,1
2026-10-09T02:07:00,35.2,54.3,46.9,55,0
2026-10-09T02:08:00,30.2,55.9,47.1,64,1
2026-10-09T02:09:00,34.5,56.0,46.9,51,0
2026-10-09T02:10:00,36.7,55.4,47.2,51,1
2026-10-09T02:11:00,32.2,54.5,47.0,66,1
2026-10-09T02:12:00,31.6,55.6,47.1,59,0
2026-10-09T02:13:00,34.6,54.1,46.9,63,1
2026-10-09T02:14:00,26.4,56.5,46.9,68,0
2026-10-09T02:15:00,25.2,57.1,47.1,58,1
2026-10-09T02:16:00,28.2,53.9,46.8,65,0
2026-10-09T02:17:00,29.4,55.7,46.9,66,1
2026-10-09T02:18:00,30.7,54.3,47.0,63,2
2026-10-09T02:19:00,30.8,54.4,47.2,55,2
2026-10-09T02:20:00,37.1,56.1,46.9,71,0
2026-10-09T02:21:00,30.6,54.0,46.9,61,0
2026-10-09T02:22:00,28.8,55.6,47.2,68,0
2026-10-09T02:23:00,33.8,53.7,47.1,61,0
2026-10-09T02:24:00,30.2,54.1,46.9,55,1
2026-10-09T02:25:00,32.2,54.9,47.1,68,0
2026-10-09T02:26:00,29.5,55.0,47.0,57,0
2026-10-09T02:27:00,33.8,55.6,47.0,59,3
2026-10-09T02:28:00,27.4,55.3,46.9,53,2
2026-10-09T02:29:00,30.0,53.1,47.1,65,1
2026-10-09T02:30:00,33.1,53.6,47.0,61,0
2026-10-09T02:31:00,36.6,53.9,47.2,73,0
2026-10-09T02:32:00,35.6,53.7,47.1,66,0
2026-10-09T02:33:00,29.0,56.5,46.9,51,0
2026-10-09T02:34:00,30.2,54.4,46.9,56,0
2026-10-09T02:35:00,28.9,54.0,46.9,59,0
2026-10-09T02:36:00,35.9,54.3,46.9,57,1
2026-10-09T02:37:00,32.2,54.9,47.0,60,0
2026-10-09T02:38:00,29.8,55.4,46.9,56,0
2026-10-09T02:39:00,32.8,55.0,46.8,59,1
2026-10-09T02:40:00,32.9,54.3,47.1,60,0
2026-10-09T02:41:00,22.3,57.0,47.0,62,0
2026-10-09T02:42:00,31.0,55.3,47.0,63,0
2026-10-09T02:43:00,32.0,55.0,47.0,64,0
2026-10-09T02:44:00,37.2,54.3,46.9,47,1
2026-10-09T02:45:00,25.8,54.9,47.0,65,0
2026-10-09T02:46:00,26.6,56.3,47.1,66,3
2026-10-09T02:47:00,30.1,55.4,46.9,57,0
2026-10-09T02:48:00,35.0,55.3,47.1,58,1
2026-10-09T02:49:00,35.0,53.8,47.0,59,0
2026-10-09T02:50:00,27.3,55.5,47.0,60,0
2026-10-09T02:51:00,33.1,55.7,46.9,57,0
2026-10-09T02:52:00,34.8,55.5,47.0,61,0
2026-10-09T02:53:00,32.0,55.2,47.1,48,1
2026-10-09T02:54:00,32.1,55.8,47.0,55,1
2026-10-09T02:55:00,35.1,55.1,47.1,50,0
2026-10-09T02:56:00,32.3,55.8,47.0,65,0
2026-10-09T02:57:00,31.2,53.9,47.2,49,1
2026-10-09T02:58:00,31.7,54.1,47.0,68,2
2026-10-09T02:59:00,38.0,54.9,47.0,61,0
2026-10-09T03:00:00,32.4,57.0,46.9,65,0
2026-10-09T03:01:00,31.5,56.5,46.8,58,0
2026-10-09T03:02:00,33.2,55.4,46.9,54,0
2026-10-09T03:03:00,32.0,54.9,46.8,63,1
2026-10-09T03:04:00,33.4,54.6,47.2,62,0
2026-10-09T03:05:00,30.5,54.4,46.8,54,0
2026-10-09T03:06:00,31.5,55.0,46.9,59,0
2026-10-09T03:07:00,24.9,54.0,47.1,62,0
2026-10-09T03:08:00,30.2,56.7,47.0,64,0
2026-10-09T03:09:00,30.8,56.6,46.8,57,1
2026-10-09T03:10:00,28.0,53.5,46.9,69,2
2026-10-09T03:11:00,32.6,56.5,46.9,69,1
2026-10-09T03:12:00,32.4,56.7,46.9,61,1
2026-10-09T03:13:00,29.1,53.6,47.1,69,0
2026-10-09T03:14:00,31.9,54.3,47.1,59,0
2026-10-09T03:15:00,29.4,55.1,47.0,59,0
2026-10-09T03:16:00,32.6,55.3,46.9,62,0
2026-10-09T03:17:00,34.8,55.0,47.2,59,1
2026-10-09T03:18:00,27.6,55.4,47.1,54,0
2026-10-09T03:19:00,31.1,53.9,46.8,61,1
2026-10-09T03:20:00,33.9,53.6,47.0,68,2
2026-10-09T03:21:00,32.2,55.5,47.2,60,1
2026-10-09T03:22:00,30.1,54.5,46.9,57,0
2026-10-09T03:23:00,33.9,54.5,46.9,69,0
2026-10-09T03:24:00,32.0,54.1,47.0,63,0
2026-10-09T03:25:00,24.9,54.6,46.9,62,2
2026-10-09T03:26:00,29.7,54.0,46.9,57,2
2026-10-09T03:27:00,34.5,55.2,47.2,64,0
2026-10-09T03:28:00,32.7,52.9,47.0,52,0
2026-10-09T03:29:00,27.4,56.1,46.9,49,0
2026-10-09T03:30:00,29.4,55.5,47.1,59,1
2026-10-09T03:31:00,30.9,57.0,46.9,59,0
2026-10-09T03:32:00,31.5,54.5,46.9,60,1
2026-10-09T03:33:00,32.2,53.6,46.9,53,0
2026-10-09T03:34:00,39.1,55.0,46.9,59,0
2026-10-09T03:35:00,32.4,55.7,47.1,65,0
2026-10-09T03:36:00,31.1,55.6,47.1,48,1
2026-10-09T03:37:00,35.3,55.1,47.2,59,0
2026-10-09T03:38:00,32.2,54.8,46.9,61,0
2026-10-09T03:39:00,30.6,55.0,47.1,67,0
2026-10-09T03:40:00,35.2,54.4,46.9,62,0
2026-10-09T03:41:00,34.4,56.3,47.0,55,0
2026-10-09T03:42:00,28.7,56.5,47.0,59,1
2026-10-09T03:43:00,31.5,55.2,47.0,64,0
2026-10-09T03:44:00,26.2,53.1,46.9,54,0
2026-10-09T03:45:00,28.1,56.1,47.0,52,0
2026-10-09T03:46:00,30.6,55.8,47.0,56,1
2026-10-09T03:47:00,29.5,55.7,46.9,57,1
2026-10-09T03:48:00,35.4,55.8,46.9,68,0
2026-10-09T03:49:00,31.6,53.8,47.1,66,2
2026-10-09T03:50:00,33.8,52.5,47.0,58,0
2026-10-09T03:51:00,30.9,57.7,47.0,58,0
2026-10-09T03:52:00,31.4,51.0,47.1,61,0
2026-10-09T03:53:00,29.3,54.7,46.9,54,0
2026-10-09T03:54:00,31.4,54.8,47.1,66,0
2026-10-09T03:55:00,32.8,55.2,47.1,59,1
2026-10-09T03:56:00,29.6,55.9,47.1,63,0
2026-10-09T03:57:00,29.7,55.8,47.1,64,1
2026-10-09T03:58:00,32.6,53.6,47.0,71,1
2026-10-09T03:59:00,29.8,53.3,46.9,55,1
2026-10-09T04:00:00,28.7,54.0,46.8,65,1
2026-10-09T04:01:00,36.0,55.3,46.9,60,0
2026-10-09T04:02:00,32.6,56.2,47.1,55,0
2026-10-09T04:03:00,30.1,54.8,46.8,67,0
2026-10-09T04:04:00,28.8,55.8,47.1,58,0
2026-10-09T04:05:00,33.5,54.8,47.0,54,1
2026-10-09T04:06:00,27.9,56.1,47.0,68,0
2026-10-09T04:07:00,33.8,55.0,47.0,65,0
2026-10-09T04:08:00,29.7,54.6,47.1,63,0
2026-10-09T04:09:00,30.8,54.1,47.0,60,1
2026-10-09T04:10:00,29.6,53.6,47.1,52,0
2026-10-09T04:11:00,37.8,54.6,46.8,60,0
2026-10-09T04:12:00,30.6,54.9,47.0,63,0
2026-10-09T04:13:00,31.1,54.2,47.1,45,0
2026-10-09T04:14:00,29.5,53.1,46.9,47,0
2026-10-09T04:15:00,35.8,55.6,47.0,58,0
2026-10-09T04:16:00,35.3,53.8,46.8,58,0
2026-10-09T04:17:00,21.3,54.2,47.0,65,0
2026-10-09T04:18:00,35.3,53.9,47.0,58,1
2026-10-09T04:19:00,28.9,54.6,46.9,49,1
2026-10-09T04:20:00,28.3,55.9,47.0,61,0
2026-10-09T04:21:00,30.1,54.9,47.0,64,0
2026-10-09T04:22:00,32.8,54.4,47.2,54,1
2026-10-09T04:23:00,29.2,55.7,46.9,62,0
2026-10-09T04:24:00,27.1,57.0,47.0,50,0
2026-10-09T04:25:00,29.3,52.7,46.9,66,0
2026-10-09T04:26:00,35.0,55.2,46.8,54,0
2026-10-09T04:27:00,29.7,56.1,47.1,72,0
2026-10-09T04:28:00,24.8,55.7,46.9,65,0
2026-10-09T04:29:00,36.5,54.8,46.9,70,0
2026-10-09T04:30:00,33.2,57.5,47.0,56,1
2026-10-09T04:31:00,28.8,54.6,47.2,60,1
2026-10-09T04:32:00,33.5,57.1,47.1,64,0
2026-10-09T04:33:00,37.2,54.8,46.9,65,1
2026-10-09T04:34:00,29.9,55.3,47.1,62,0
2026-10-09T04:35:00,31.2,56.0,47.0,51,0
2026-10-09T04:36:00,30.8,56.0,47.1,52,1
2026-10-09T04:37:00,30.0,54.0,46.9,57,1
2026-10-09T04:38:00,33.7,54.6,46.9,53,0
2026-10-09T04:39:00,34.5,54.8,46.9,53,0
2026-10-09T04:40:00,29.4,54.5,46.9,60,0
2026-10-09T04:41:00,32.4,54.5,46.9,57,0
2026-10-09T04:42:00,33.3,55.4,46.9,56,0
2026-10-09T04:43:00,33.7,55.6,47.1,59,2
2026-10-09T04:44:00,29.6,52.7,47.0,60,0
2026-10-09T04:45:00,30.6,54.6,46.9,53,1
2026-10-09T04:46:00,33.7,54.2,47.0,54,0
2026-10-09T04:47:00,33.6,53.7,47.0,61,0
2026-10-09T04:48:00,33.4,54.4,47.0,72,0
2026-10-09T04:49:00,30.4,53.9,46.8,58,0
2026-10-09T04:50:00,32.4,53.9,47.1,56,0
2026-10-09T04:51:00,33.7,55.0,47.1,66,0
2026-10-09T04:52:00,33.7,55.4,47.0,58,1
2026-10-09T04:53:00,29.4,55.6,46.9,59,0
2026-10-09T04:54:00,33.3,54.8,47.0,68,0
2026-10-09T04:55:00,34.2,55.5,47.0,49,0
2026-10-09T04:56:00,27.8,54.7,47.0,50,0
2026-10-09T04:57:00,34.0,54.4,47.1,52,1
2026-10-09T04:58:00,29.3,54.6,47.1,74,1
2026-10-09T04:59:00,32.3,54.5,47.0,64,1
2026-10-09T05:00:00,33.9,56.0,46.9,69,0
2026-10-09T05:01:00,30.4,54.2,47.0,61,0
2026-10-09T05:02:00,26.5,55.1,47.1,66,0
2026-10-09T05:03:00,25.1,56.4,46.9,69,1
2026-10-09T05:04:00,27.6,56.2,47.0,64,0
2026-10-09T05:05:00,31.4,54.9,46.9,61,1
2026-10-09T05:06:00,34.5,54.6,47.0,70,0
2026-10-09T05:07:00,29.5,54.5,47.0,64,0
2026-10-09T05:08:00,30.8,55.2,47.2,66,0
2026-10-09T05:09:00,32.8,54.7,47.0,76,1
2026-10-09T05:10:00,27.9,55.3,47.1,72,0
2026-10-09T05:11:00,28.2,54.6,47.1,63,0
2026-10-09T05:12:00,32.2,56.2,47.1,56,1
2026-10-09T05:13:00,31.9,55.3,47.0,56,1
2026-10-09T05:14:00,29.7,56.4,47.0,63,0
2026-10-09T05:15:00,33.3,56.1,46.8,51,0
2026-10-09T05:16:00,31.6,56.1,46.9,66,0
2026-10-09T05:17:00,28.9,54.5,47.0,53,0
2026-10-09T05:18:00,30.3,55.1,47.2,58,0
2026-10-09T05:19:00,29.3,55.8,46.8,62,0
2026-10-09T05:20:00,26.9,56.1,47.0,66,1
2026-10-09T05:21:00,23.5,56.4,46.9,65,0
2026-10-09T05:22:00,29.4,55.2,47.1,57,0
2026-10-09T05:23:00,28.9,54.1,46.9,65,0
2026-10-09T05:24:00,33.0,53.0,47.2,56,1
2026-10-09T05:25:00,29.0,57.5,47.0,48,0
2026-10-09T05:26:00,28.4,53.9,47.0,65,1
2026-10-09T05:27:00,26.2,53.0,47.0,57,0
2026-10-09T05:28:00,26.4,53.7,47.0,60,1
2026-10-09T05:29:00,29.9,55.0,47.1,59,2
2026-10-09T05:30:00,30.3,53.3,47.0,72,1
2026-10-09T05:31:00,29.4,53.9,47.1,70,0
2026-10-09T05:32:00,26.6,53.5,47.0,55,0
2026-10-09T05:33:00,30.7,55.6,46.9,65,0
2026-10-09T05:34:00,32.8,54.9,46.9,56,0
2026-10-09T05:35:00,31.9,53.4,47.0,57,0
2026-10-09T05:36:00,30.7,54.4,46.9,66,1
2026-10-09T05:37:00,27.7,54.9,47.1,62,0
2026-10-09T05:38:00,30.6,54.6,47.2,68,0
2026-10-09T05:39:00,32.8,55.6,47.1,52,0
2026-10-09T05:40:00,33.8,54.9,47.0,55,0
2026-10-09T05:41:00,31.0,55.0,47.0,52,0
2026-10-09T05:42:00,36.9,54.8,46.9,58,0
2026-10-09T05:43:00,32.5,56.5,47.1,62,2
2026-10-09T05:44:00,29.8,55.9,47.2,63,0
2026-10-09T05:45:00,31.4,55.5,47.0,57,0
2026-10-09T05:46:00,32.3,56.5,46.9,63,0
2026-10-09T05:47:00,34.7,53.7,46.9,75,0
2026-10-09T05:48:00,32.0,55.0,47.0,69,0
2026-10-09T05:49:00,28.7,54.5,47.0,64,1
2026-10-09T05:50:00,31.2,56.1,47.0,61,0
2026-10-09T05:51:00,32.5,55.4,47.1,66,1
2026-10-09T05:52:00,27.9,52.4,47.0,70,1
2026-10-09T05:53:00,29.4,54.2,46.8,54,0
2026-10-09T05:54:00,26.8,53.5,46.9,55,0
2026-10-09T05:55:00,28.8,54.8,46.9,51,1
2026-10-09T05:56:00,31.1,56.8,47.0,59,0
2026-10-09T05:57:00,30.4,54.9,47.0,66,0
2026-10-09T05:58:00,26.8,56.0,46.9,66,1
2026-10-09T05:59:00,31.9,56.3,47.0,65,1
2026-10-09T06:00:00,33.8,52.7,47.1,58,1
2026-10-09T06:01:00,32.5,55.1,47.0,50,0
2026-10-09T06:02:00,27.7,55.3,46.9,71,0
2026-10-09T06:03:00,34.2,56.1,47.0,75,0
2026-10-09T06:04:00,28.4,55.4,47.0,56,1
2026-10-09T06:05:00,33.7,55.8,47.0,63,0
2026-10-09T06:06:00,30.8,55.9,46.9,65,1
2026-10-09T06:07:00,27.6,55.5,47.0,57,1
2026-10-09T06:08:00,35.2,55.3,46.9,66,0
2026-10-09T06:09:00,29.7,54.9,47.0,63,2
2026-10-09T06:10:00,28.4,56.1,46.9,66,0
2026-10-09T06:11:00,29.9,55.8,46.9,56,0
2026-10-09T06:12:00,31.3,55.8,46.9,62,1
2026-10-09T06:13:00,30.7,56.6,47.0,69,0
2026-10-09T06:14:00,29.4,54.6,47.2,62,1
2026-10-09T06:15:00,29.8,54.7,47.1,55,2
2026-10-09T06:16:00,29.1,53.9,47.0,59,0
2026-10-09T06:17:00,32.8,54.9,47.1,63,0
2026-10-09T06:18:00,30.7,54.5,47.0,52,1
2026-10-09T06:19:00,27.0,55.4,47.1,67,1
2026-10-09T06:20:00,29.2,55.5,47.1,63,1
2026-10-09T06:21:00,33.4,55.1,47.1,55,0
2026-10-09T06:22:00,26.3,54.6,47.0,60,0
2026-10-09T06:23:00,30.6,54.1,47.0,70,0
2026-10-09T06:24:00,34.1,55.1,47.0,61,1
2026-10-09T06:25:00,36.5,56.6,47.1,52,0
2026-10-09T06:26:00,32.7,55.6,47.0,60,0
2026-10-09T06:27:00,33.4,54.7,47.0,65,1
2026-10-09T06:28:00,29.3,55.5,47.1,50,0
2026-10-09T06:29:00,33.2,56.4,47.2,61,1
2026-10-09T06:30:00,29.6,55.5,47.0,61,0
2026-10-09T06:31:00,31.3,55.1,47.1,62,0
2026-10-09T06:32:00,26.0,54.4,47.0,66,1
2026-10-09T06:33:00,30.7,55.8,47.0,56,0
2026-10-09T06:34:00,31.3,53.2,47.0,69,1
2026-10-09T06:35:00,25.3,54.9,47.1,58,1
2026-10-09T06:36:00,32.5,54.5,47.1,62,2
2026-10-09T06:37:00,30.5,55.2,47.0,63,2
2026-10-09T06:38:00,30.7,55.4,47.1,63,0
2026-10-09T06:39:00,33.7,55.6,47.0,41,2
2026-10-09T06:40:00,32.1,53.8,47.0,53,0
2026-10-09T06:41:00,34.4,54.6,47.1,56,1
2026-10-09T06:42:00,31.3,54.4,47.1,62,1
2026-10-09T06:43:00,27.6,54.0,47.1,61,1
2026-10-09T06:44:00,31.4,53.5,47.0,57,1
2026-10-09T06:45:00,31.4,54.7,46.9,49,0
2026-10-09T06:46:00,34.4,55.1,46.9,59,0
2026-10-09T06:47:00,29.2,52.9,46.9,64,0
2026-10-09T06:48:00,31.3,55.3,47.0,50,0
2026-10-09T06:49:00,31.8,57.1,47.0,76,0
2026-10-09T06:50:00,25.2,55.6,46.9,61,0
2026-10-09T06:51:00,28.5,54.1,46.8,59,0
2026-10-09T06:52:00,28.5,55.1,46.9,56,0
2026-10-09T06:53:00,35.2,57.4,47.0,55,2
2026-10-09T06:54:00,37.2,56.6,47.2,63,0
2026-10-09T06:55:00,31.9,55.1,46.9,65,0
2026-10-09T06:56:00,26.6,53.9,46.9,53,0
2026-10-09T06:57:00,30.7,56.0,47.0,67,0
2026-10-09T06:58:00,32.4,55.2,47.2,55,0
2026-10-09T06:59:00,37.6,54.2,47.0,65,3
2026-10-09T07:00:00,29.7,52.5,47.0,62,1
2026-10-09T07:01:00,30.9,56.0,47.0,63,2
2026-10-09T07:02:00,27.3,55.6,46.8,60,1
2026-10-09T07:03:00,32.5,55.4,47.0,62,1
2026-10-09T07:04:00,31.4,54.6,47.1,65,0
2026-10-09T07:05:00,30.2,54.4,47.0,64,1
2026-10-09T07:06:00,29.2,55.9,47.1,52,2
2026-10-09T07:07:00,33.6,54.6,46.7,63,0
2026-10-09T07:08:00,29.3,54.9,47.0,50,0
2026-10-09T07:09:00,29.3,56.1,46.9,63,0
2026-10-09T07:10:00,29.9,56.6,47.2,55,3
2026-10-09T07:11:00,29.6,54.9,47.1,64,0
2026-10-09T07:12:00,29.9,55.1,47.0,63,0
2026-10-09T07:13:00,29.3,55.7,47.2,53,1
2026-10-09T07:14:00,28.7,55.6,47.0,64,1
2026-10-09T07:15:00,32.0,55.2,47.0,56,0
2026-10-09T07:16:00,27.2,56.4,46.9,73,1
2026-10-09T07:17:00,31.1,56.2,46.9,64,1
2026-10-09T07:18:00,33.4,55.0,46.9,59,0
2026-10-09T07:19:00,29.3,53.1,47.0,70,0
2026-10-09T07:20:00,29.0,56.1,47.0,59,0
2026-10-09T07:21:00,28.3,54.9,47.1,65,0
2026-10-09T07:22:00,25.8,54.2,47.1,66,0
2026-10-09T07:23:00,36.3,55.3,47.2,69,1
2026-10-09T07:24:00,30.9,56.0,47.1,63,0
2026-10-09T07:25:00,27.3,55.1,47.1,59,1
2026-10-09T07:26:00,29.5,56.6,46.7,58,0
2026-10-09T07:27:00,31.4,54.5,46.9,52,1
2026-10-09T07:28:00,26.3,54.2,47.1,70,0
2026-10-09T07:29:00,30.1,54.7,46.8,59,0
2026-10-09T07:30:00,32.6,55.6,47.1,64,0
2026-10-09T07:31:00,32.9,55.2,47.0,62,0
2026-10-09T07:32:00,26.3,54.2,47.1,65,0
2026-10-09T07:33:00,30.2,55.5,46.8,61,0
2026-10-09T07:34:00,30.9,53.3,47.0,57,0
2026-10-09T07:35:00,28.4,56.7,47.1,65,0
2026-10-09T07:36:00,32.0,56.2,47.1,62,0
2026-10-09T07:37:00,24.7,55.6,47.1,54,1
2026-10-09T07:38:00,28.1,54.8,46.9,58,0
2026-10-09T07:39:00,36.0,57.3,46.9,60,2
2026-10-09T07:40:00,29.1,54.9,47.0,47,0
2026-10-09T07:41:00,31.0,53.6,47.0,67,1
2026-10-09T07:42:00,28.8,55.7,46.9,60,0
2026-10-09T07:43:00,33.3,54.7,47.0,52,1
2026-10-09T07:44:00,32.0,54.7,46.9,56,0
2026-10-09T07:45:00,31.5,55.7,46.8,61,0
2026-10-09T07:46:00,33.6,56.7,46.8,55,0
2026-10-09T07:47:00,30.0,54.6,47.1,52,1
2026-10-09T07:48:00,28.9,54.1,47.0,59,1
2026-10-09T07:49:00,32.9,56.5,47.1,66,1
2026-10-09T07:50:00,27.1,53.7,46.9,66,0
2026-10-09T07:51:00,26.1,55.6,46.9,65,0
2026-10-09T07:52:00,31.5,55.9,47.0,62,1
2026-10-09T07:53:00,34.4,54.0,47.1,59,1
2026-10-09T07:54:00,28.1,54.1,46.9,53,0
2026-10-09T07:55:00,29.4,57.6,46.9,67,0
2026-10-09T07:56:00,31.3,54.5,46.9,64,1
2026-10-09T07:57:00,31.2,55.1,47.0,62,1
2026-10-09T07:58:00,27.6,53.5,47.0,69,0
2026-10-09T07:59:00,28.1,53.9,46.9,62,1
2026-10-09T08:00:00,32.0,55.3,47.1,66,0
2026-10-09T08:01:00,31.7,55.5,47.0,54,0
2026-10-09T08:02:00,31.1,54.1,46.8,62,0
2026-10-09T08:03:00,30.4,53.9,47.0,56,1
2026-10-09T08:04:00,32.0,56.6,47.0,56,2
2026-10-09T08:05:00,27.9,55.1,46.9,72,1
2026-10-09T08:06:00,31.0,55.1,47.0,67,2
2026-10-09T08:07:00,33.2,53.9,46.9,62,0
2026-10-09T08:08:00,27.3,54.1,47.0,49,2
2026-10-09T08:09:00,31.0,55.9,46.9,64,0
2026-10-09T08:10:00,37.2,54.3,47.0,56,0
2026-10-09T08:11:00,34.9,54.7,47.0,58,0
2026-10-09T08:12:00,31.2,54.8,46.9,62,0
2026-10-09T08:13:00,25.5,56.0,46.9,66,1
2026-10-09T08:14:00,34.8,55.1,47.0,63,0
2026-10-09T08:15:00,34.0,56.7,47.2,67,1
2026-10-09T08:16:00,34.4,54.8,47.0,65,0
2026-10-09T08:17:00,30.6,52.4,47.1,53,0
2026-10-09T08:18:00,23.4,55.6,47.1,64,2
2026-10-09T08:19:00,31.6,56.5,46.8,59,0
2026-10-09T08:20:00,32.3,55.6,47.1,62,2
2026-10-09T08:21:00,33.4,56.4,47.1,56,0
2026-10-09T08:22:00,31.3,55.9,47.1,53,0
2026-10-09T08:23:00,32.6,52.5,46.9,66,0
2026-10-09T08:24:00,28.5,56.3,46.9,64,0
2026-10-09T08:25:00,24.8,53.8,46.9,58,2
2026-10-09T08:26:00,32.3,54.7,47.2,61,0
2026-10-09T08:27:00,33.6,54.3,46.9,54,1
2026-10-09T08:28:00,30.4,54.0,47.1,61,0
2026-10-09T08:29:00,30.8,57.2,46.9,65,1
2026-10-09T08:30:00,39.2,57.0,46.9,71,0
2026-10-09T08:31:00,28.3,54.6,47.1,63,1
2026-10-09T08:32:00,29.8,54.3,46.9,55,1
2026-10-09T08:33:00,26.9,55.1,46.9,51,0
2026-10-09T08:34:00,33.4,55.0,47.1,59,1
2026-10-09T08:35:00,30.8,55.8,47.0,64,0
2026-10-09T08:36:00,35.2,53.3,47.0,56,0
2026-10-09T08:37:00,30.4,55.4,46.9,58,0
2026-10-09T08:38:00,29.6,54.2,47.1,59,2
2026-10-09T08:39:00,29.4,55.6,47.1,69,0
2026-10-09T08:40:00,31.8,54.2,47.1,53,1
2026-10-09T08:41:00,27.6,55.7,46.8,55,2
2026-10-09T08:42:00,34.3,55.6,47.1,58,1
2026-10-09T08:43:00,29.7,54.0,46.8,71,0
2026-10-09T08:44:00,30.2,56.2,46.9,63,1
2026-10-09T08:45:00,33.3,55.8,47.0,62,0
2026-10-09T08:46:00,34.3,53.5,47.0,70,0
2026-10-09T08:47:00,31.3,54.3,46.9,50,1
2026-10-09T08:48:00,32.0,53.9,47.1,59,2
2026-10-09T08:49:00,34.9,53.7,47.0,63,1
2026-10-09T08:50:00,34.7,54.8,46.9,58,0
2026-10-09T08:51:00,35.6,54.2,46.8,67,0
2026-10-09T08:52:00,30.3,56.3,47.0,61,0
2026-10-09T08:53:00,32.0,55.2,46.9,56,1
2026-10-09T08:54:00,28.5,53.8,47.0,54,0
2026-10-09T08:55:00,33.5,55.3,47.0,63,0
2026-10-09T08:56:00,30.7,56.3,46.8,66,0
2026-10-09T08:57:00,30.9,55.2,46.9,76,0
2026-10-09T08:58:00,27.9,54.3,47.1,60,0
2026-10-09T08:59:00,32.8,55.7,47.0,57,0
2026-10-09T09:00:00,27.3,52.9,47.1,56,0
2026-10-09T09:01:00,34.9,55.7,47.0,59,0
2026-10-09T09:02:00,29.6,55.9,46.9,60,0
2026-10-09T09:03:00,30.1,54.9,47.0,61,1
2026-10-09T09:04:00,30.0,55.6,47.1,66,0
2026-10-09T09:05:00,26.9,55.7,47.0,62,0
2026-10-09T09:06:00,30.3,53.6,46.9,56,0
2026-10-09T09:07:00,31.2,53.7,46.8,68,1
2026-10-09T09:08:00,32.8,56.1,46.9,59,1
2026-10-09T09:09:00,33.0,52.3,47.1,63,0
2026-10-09T09:10:00,28.8,52.7,47.0,54,0
2026-10-09T09:11:00,33.0,54.3,47.0,60,0
2026-10-09T09:12:00,33.2,55.6,46.9,62,0
2026-10-09T09:13:00,31.5,54.7,47.0,62,2
2026-10-09T09:14:00,29.9,53.2,47.2,53,1
2026-10-09T09:15:00,34.0,56.2,47.1,56,0
2026-10-09T09:16:00,33.6,55.9,47.0,59,0
2026-10-09T09:17:00,32.5,56.5,47.0,62,0
2026-10-09T09:18:00,27.7,55.3,47.0,61,1
2026-10-09T09:19:00,28.9,54.1,46.8,54,0
2026-10-09T09:20:00,31.4,55.6,47.0,70,0
2026-10-09T09:21:00,29.1,57.0,47.0,64,0
2026-10-09T09:22:00,31.5,55.5,47.0,56,1
2026-10-09T09:23:00,32.1,55.6,47.0,54,0
2026-10-09T09:24:00,34.2,55.8,46.9,65,1
2026-10-09T09:25:00,30.9,55.4,47.0,68,0
2026-10-09T09:26:00,31.3,56.9,46.9,49,0
2026-10-09T09:27:00,28.3,55.3,47.0,60,2
2026-10-09T09:28:00,28.7,55.2,47.0,65,0
2026-10-09T09:29:00,33.0,54.7,47.0,55,0
2026-10-09T09:30:00,31.7,55.8,47.1,63,0
2026-10-09T09:31:00,34.5,55.7,46.9,63,0
2026-10-09T09:32:00,27.3,55.5,47.0,68,0
2026-10-09T09:33:00,32.9,53.3,47.1,55,0
2026-10-09T09:34:00,33.8,54.9,47.0,67,0
2026-10-09T09:35:00,31.9,54.0,47.0,51,0
2026-10-09T09:36:00,30.6,53.5,47.0,64,1
2026-10-09T09:37:00,26.4,55.1,47.1,56,0
2026-10-09T09:38:00,32.2,55.6,47.1,63,0
2026-10-09T09:39:00,27.1,55.6,46.9,55,0
2026-10-09T09:40:00,32.8,56.5,46.9,50,1
2026-10-09T09:41:00,32.8,53.8,47.0,63,1
2026-10-09T09:42:00,32.4,53.7,47.0,54,1
2026-10-09T09:43:00,31.3,54.7,46.8,60,0
2026-10-09T09:44:00,32.7,54.6,47.1,68,0
2026-10-09T09:45:00,32.1,54.9,47.0,56,0
2026-10-09T09:46:00,29.8,54.5,46.9,52,0
2026-10-09T09:47:00,34.9,55.2,46.8,58,0
2026-10-09T09:48:00,32.8,53.4,47.0,46,1
2026-10-09T09:49:00,32.9,54.7,47.1,61,0
2026-10-09T09:50:00,27.1,54.8,47.0,56,0
2026-10-09T09:51:00,33.6,56.4,47.0,60,1
2026-10-09T09:52:00,34.6,56.0,47.1,60,0
2026-10-09T09:53:00,33.0,56.7,47.0,57,0
2026-10-09T09:54:00,31.3,55.9,47.0,71,0
2026-10-09T09:55:00,34.3,56.0,47.2,61,0
2026-10-09T09:56:00,29.8,55.9,47.1,54,0
2026-10-09T09:57:00,28.3,53.4,47.0,51,1
2026-10-09T09:58:00,34.5,54.1,47.1,65,0
2026-10-09T09:59:00,21.2,55.2,47.1,51,0
2026-10-09T10:00:00,29.2,53.1,47.0,54,0
2026-10-09T10:01:00,37.1,54.6,47.0,64,0
2026-10-09T10:02:00,31.2,53.0,47.0,56,0
2026-10-09T10:03:00,33.3,56.3,46.8,66,2
2026-10-09T10:04:00,30.1,54.8,47.1,64,0
2026-10-09T10:05:00,32.8,56.3,46.8,63,0
2026-10-09T10:06:00,32.2,56.6,47.1,50,0
2026-10-09T10:07:00,31.6,54.8,46.9,65,0
2026-10-09T10:08:00,30.3,53.8,47.0,65,1
2026-10-09T10:09:00,26.6,56.3,47.1,64,2
2026-10-09T10:10:00,31.2,56.0,46.9,54,1
2026-10-09T10:11:00,30.5,53.9,46.9,71,1
2026-10-09T10:12:00,28.8,53.5,47.1,58,0
2026-10-09T10:13:00,32.5,54.2,46.9,54,0
2026-10-09T10:14:00,35.5,55.1,46.9,71,0
2026-10-09T10:15:00,29.8,55.8,46.9,54,0
2026-10-09T10:16:00,31.3,54.7,47.1,60,1
2026-10-09T10:17:00,33.1,54.5,47.0,70,0
2026-10-09T10:18:00,29.7,56.4,47.1,71,1
2026-10-09T10:19:00,32.8,55.4,46.8,44,0
2026-10-09T10:20:00,32.0,54.8,47.1,53,0
2026-10-09T10:21:00,36.1,55.7,47.0,63,1
2026-10-09T10:22:00,30.6,55.0,46.9,54,1
2026-10-09T10:23:00,30.4,54.2,47.0,64,1
2026-10-09T10:24:00,27.8,56.0,46.8,52,0
2026-10-09T10:25:00,32.1,55.5,47.1,53,1
2026-10-09T10:26:00,33.5,54.4,47.0,77,0
2026-10-09T10:27:00,27.3,55.5,47.0,60,0
2026-10-09T10:28:00,36.3,54.9,47.2,55,0
2026-10-09T10:29:00,30.1,56.2,47.0,64,0
2026-10-09T10:30:00,28.0,55.4,46.9,51,1
2026-10-09T10:31:00,32.1,56.1,47.0,68,0
2026-10-09T10:32:00,31.9,53.3,47.0,56,0
2026-10-09T10:33:00,30.8,53.8,47.2,60,0
2026-10-09T10:34:00,36.6,55.4,47.0,54,0
2026-10-09T10:35:00,28.8,55.0,47.0,57,0
2026-10-09T10:36:00,31.6,54.6,47.0,58,1
2026-10-09T10:37:00,34.0,54.4,47.0,59,0
2026-10-09T10:38:00,29.6,55.0,47.0,55,1
2026-10-09T10:39:00,31.0,56.5,46.9,59,0
2026-10-09T10:40:00,28.8,54.6,47.0,68,0
2026-10-09T10:41:00,31.2,54.6,47.0,53,2
2026-10-09T10:42:00,23.4,55.2,47.0,72,2
2026-10-09T10:43:00,26.0,56.3,47.0,58,0
2026-10-09T10:44:00,32.4,53.2,47.0,59,0
2026-10-09T10:45:00,26.8,54.6,47.1,59,0
2026-10-09T10:46:00,30.9,55.9,47.1,52,0
2026-10-09T10:47:00,32.2,55.8,46.8,65,2
2026-10-09T10:48:00,29.8,54.0,46.8,56,1
2026-10-09T10:49:00,27.1,53.7,46.9,54,2
2026-10-09T10:50:00,30.7,54.2,47.0,64,1
2026-10-09T10:51:00,36.8,53.6,46.9,53,0
2026-10-09T10:52:00,26.9,56.3,46.9,62,0
2026-10-09T10:53:00,28.8,56.3,47.0,62,0
2026-10-09T10:54:00,31.8,54.3,47.0,68,0
2026-10-09T10:55:00,28.5,54.5,47.0,58,0
2026-10-09T10:56:00,31.1,56.0,47.1,61,0
2026-10-09T10:57:00,30.9,53.6,46.8,69,0
2026-10-09T10:58:00,28.4,54.6,46.9,53,1
2026-10-09T10:59:00,38.6,55.9,47.0,61,0
2026-10-09T11:00:00,29.4,57.2,46.9,67,0
2026-10-09T11:01:00,30.1,55.2,46.9,61,1
2026-10-09T11:02:00,33.6,55.8,47.0,55,1
2026-10-09T11:03:00,30.3,54.9,47.0,56,0
2026-10-09T11:04:00,29.3,53.6,46.8,58,0
2026-10-09T11:05:00,33.4,54.6,46.9,68,1
2026-10-09T11:06:00,35.7,56.6,47.1,60,0
2026-10-09T11:07:00,30.5,54.8,47.0,55,1
2026-10-09T11:08:00,35.7,55.4,47.1,71,0
2026-10-09T11:09:00,31.3,57.6,47.0,57,1
2026-10-09T11:10:00,36.3,55.0,46.8,47,2
2026-10-09T11:11:00,33.7,54.0,46.9,66,0
2026-10-09T11:12:00,31.5,56.2,46.9,63,1
2026-10-09T11:13:00,32.4,54.5,47.1,46,1
2026-10-09T11:14:00,35.1,53.1,47.0,54,0
2026-10-09T11:15:00,28.3,55.7,46.9,66,0
2026-10-09T11:16:00,30.3,54.5,46.9,57,0
2026-10-09T11:17:00,34.1,54.9,47.0,61,0
2026-10-09T11:18:00,31.8,56.1,47.0,57,1
2026-10-09T11:19:00,25.5,55.0,47.0,65,0
2026-10-09T11:20:00,32.8,54.9,47.1,53,0
2026-10-09T11:21:00,32.7,54.5,47.1,63,0
2026-10-09T11:22:00,31.0,54.6,47.1,61,0
2026-10-09T11:23:00,26.7,54.8,47.1,68,0
2026-10-09T11:24:00,30.1,56.0,46.9,65,0
2026-10-09T11:25:00,32.3,55.1,47.2,66,0
2026-10-09T11:26:00,29.8,55.1,47.0,63,0
2026-10-09T11:27:00,31.3,55.6,47.1,59,0
2026-10-09T11:28:00,28.4,55.7,47.0,67,0
2026-10-09T11:29:00,30.1,55.1,46.9,69,1
2026-10-09T11:30:00,38.2,55.1,47.1,57,1
2026-10-09T11:31:00,30.6,54.0,47.0,65,2
2026-10-09T11:32:00,35.2,55.6,47.1,56,0
2026-10-09T11:33:00,33.1,54.8,46.9,55,0
2026-10-09T11:34:00,31.4,54.6,47.0,57,0
2026-10-09T11:35:00,29.0,56.4,47.0,48,0
2026-10-09T11:36:00,32.7,54.6,47.0,67,0
2026-10-09T11:37:00,34.4,54.4,47.1,70,0
2026-10-09T11:38:00,30.2,54.5,47.1,46,0
2026-10-09T11:39:00,38.0,54.3,47.1,61,1
2026-10-09T11:40:00,27.8,54.1,46.9,64,0
2026-10-09T11:41:00,30.3,54.2,47.0,57,0
2026-10-09T11:42:00,30.0,54.7,47.2,58,0
2026-10-09T11:43:00,31.3,55.5,46.9,64,0
2026-10-09T11:44:00,33.9,55.0,46.9,59,0
2026-10-09T11:45:00,26.1,55.6,47.1,56,0
2026-10-09T11:46:00,29.9,56.0,46.9,51,0
2026-10-09T11:47:00,28.9,54.8,47.0,57,1
2026-10-09T11:48:00,24.4,55.0,46.9,65,0
2026-10-09T11:49:00,27.5,55.4,47.0,52,0
2026-10-09T11:50:00,30.7,54.3,47.0,61,0
2026-10-09T11:51:00,32.1,56.0,47.1,60,0
2026-10-09T11:52:00,35.4,53.7,46.9,54,2
2026-10-09T11:53:00,28.8,55.1,47.2,58,2
2026-10-09T11:54:00,32.3,53.6,47.1,66,0
2026-10-09T11:55:00,32.4,55.3,47.1,70,0
2026-10-09T11:56:00,29.5,56.7,46.9,69,0
2026-10-09T11:57:00,32.8,56.0,46.9,56,0
2026-10-09T11:58:00,29.4,55.4,46.9,68,2
2026-10-09T11:59:00,31.0,54.6,47.2,55,2
2026-10-09T12:00:00,28.7,54.7,47.1,61,0
2026-10-09T12:01:00,39.4,53.6,47.2,66,1
2026-10-09T12:02:00,27.8,55.9,46.9,57,0
2026-10-09T12:03:00,30.0,55.0,47.0,51,0
2026-10-09T12:04:00,34.2,55.7,47.1,69,2
2026-10-09T12:05:00,34.2,55.2,47.0,59,0
2026-10-09T12:06:00,28.8,54.0,46.9,67,0
2026-10-09T12:07:00,31.2,56.2,46.9,65,0
2026-10-09T12:08:00,33.0,54.2,47.1,59,0
2026-10-09T12:09:00,34.3,55.0,47.1,57,1
2026-10-09T12:10:00,30.9,55.3,47.1,60,1
2026-10-09T12:11:00,31.3,55.4,46.9,61,0
2026-10-09T12:12:00,32.0,55.1,47.1,50,0
2026-10-09T12:13:00,32.9,54.4,47.1,67,2
2026-10-09T12:14:00,37.2,54.7,47.1,68,1
2026-10-09T12:15:00,28.3,54.5,47.1,60,0
2026-10-09T12:16:00,29.5,55.3,47.1,61,0
2026-10-09T12:17:00,27.2,55.1,46.8,55,1
2026-10-09T12:18:00,29.3,54.3,47.0,66,1
2026-10-09T12:19:00,32.2,55.5,47.1,48,0
2026-10-09T12:20:00,27.4,54.9,47.1,72,1
2026-10-09T12:21:00,31.8,56.9,47.0,62,1
2026-10-09T12:22:00,34.0,53.8,47.1,57,0
2026-10-09T12:23:00,29.9,54.4,47.0,50,1
2026-10-09T12:24:00,29.5,52.4,47.0,53,0
2026-10-09T12:25:00,36.4,54.3,46.9,64,1
2026-10-09T12:26:00,29.1,55.0,46.9,65,0
2026-10-09T12:27:00,29.9,56.5,47.0,61,0
2026-10-09T12:28:00,29.3,54.6,47.0,55,0
2026-10-09T12:29:00,35.0,54.7,47.1,53,0
2026-10-09T12:30:00,34.3,54.4,46.9,56,0
2026-10-09T12:31:00,33.3,55.4,46.9,58,0
2026-10-09T12:32:00,29.7,55.0,46.9,57,0
2026-10-09T12:33:00,32.0,56.0,47.1,54,1
2026-10-09T12:34:00,29.4,54.5,46.9,53,0
2026-10-09T12:35:00,29.6,54.6,47.0,64,0
2026-10-09T12:36:00,32.1,55.2,47.0,65,0
2026-10-09T12:37:00,31.4,53.3,47.0,60,0
2026-10-09T12:38:00,33.3,55.8,47.1,71,2
2026-10-09T12:39:00,31.1,55.5,47.0,63,0
2026-10-09T12:40:00,29.6,55.5,46.9,51,2
2026-10-09T12:41:00,30.8,54.3,47.0,61,0
2026-10-09T12:42:00,35.5,55.5,47.1,59,1
2026-10-09T12:43:00,32.0,55.7,47.1,52,1
2026-10-09T12:44:00,37.2,53.9,47.1,61,0
2026-10-09T12:45:00,31.2,55.0,46.9,52,2
2026-10-09T12:46:00,30.2,56.1,47.1,50,1
2026-10-09T12:47:00,25.1,54.2,46.9,67,1
2026-10-09T12:48:00,32.1,54.8,47.1,51,2
2026-10-09T12:49:00,31.2,56.9,46.9,62,1
2026-10-09T12:50:00,29.6,54.6,47.0,81,0
2026-10-09T12:51:00,32.5,54.4,47.1,62,1
2026-10-09T12:52:00,33.6,53.8,46.8,63,0
2026-10-09T12:53:00,26.5,56.6,47.1,57,0
2026-10-09T12:54:00,32.5,54.5,47.0,54,1
2026-10-09T12:55:00,28.8,53.7,47.0,44,1
2026-10-09T12:56:00,30.9,53.7,46.9,54,1
2026-10-09T12:57:00,34.5,55.4,47.1,62,0
2026-10-09T12:58:00,35.2,53.2,46.9,55,0
2026-10-09T12:59:00,32.0,56.7,46.7,56,0
2026-10-09T13:00:00,26.1,54.0,46.9,55,1
2026-10-09T13:01:00,32.0,53.9,47.1,58,2
2026-10-09T13:02:00,31.8,54.9,47.0,63,1
2026-10-09T13:03:00,25.1,54.2,47.0,60,0
2026-10-09T13:04:00,28.3,54.9,46.9,63,0
2026-10-09T13:05:00,30.3,56.0,46.9,59,0
2026-10-09T13:06:00,28.9,54.3,47.1,48,0
2026-10-09T13:07:00,31.1,56.5,47.0,48,1
2026-10-09T13:08:00,31.2,56.5,46.9,56,0
2026-10-09T13:09:00,29.5,55.0,46.9,67,1
2026-10-09T13:10:00,35.1,55.6,47.1,58,1
2026-10-09T13:11:00,29.5,55.2,46.9,55,0
2026-10-09T13:12:00,37.1,56.6,46.9,64,1
2026-10-09T13:13:00,30.1,54.8,47.0,67,0
2026-10-09T13:14:00,28.7,55.4,46.9,60,0
2026-10-09T13:15:00,31.1,56.0,47.0,65,0
2026-10-09T13:16:00,27.5,54.4,47.0,59,0
2026-10-09T13:17:00,27.8,55.0,47.1,67,0
2026-10-09T13:18:00,35.1,55.4,47.0,51,0
2026-10-09T13:19:00,39.2,54.0,47.2,50,1
2026-10-09T13:20:00,27.3,55.2,47.0,59,2
2026-10-09T13:21:00,34.1,56.5,47.0,72,1
2026-10-09T13:22:00,31.3,54.2,47.0,51,1
2026-10-09T13:23:00,29.8,54.7,47.0,66,0
2026-10-09T13:24:00,32.1,56.4,46.9,63,0
2026-10-09T13:25:00,33.5,55.6,46.7,65,1
2026-10-09T13:26:00,29.0,55.5,47.1,63,0
2026-10-09T13:27:00,31.8,54.6,47.0,58,0
2026-10-09T13:28:00,34.1,56.9,47.1,52,0
2026-10-09T13:29:00,30.4,55.2,46.9,57,0
2026-10-09T13:30:00,32.0,55.6,47.0,53,0
2026-10-09T13:31:00,35.5,55.8,47.1,48,0
2026-10-09T13:32:00,28.2,55.3,47.0,56,0
2026-10-09T13:33:00,32.1,53.8,47.0,67,0
2026-10-09T13:34:00,34.8,55.1,46.9,57,1
2026-10-09T13:35:00,29.7,55.4,47.0,55,1
2026-10-09T13:36:00,33.5,55.2,47.1,64,0
2026-10-09T13:37:00,28.9,54.4,47.2,74,1
2026-10-09T13:38:00,28.9,54.5,47.1,55,3
2026-10-09T13:39:00,28.5,55.6,47.0,60,1
2026-10-09T13:40:00,29.9,56.2,47.0,49,0
2026-10-09T13:41:00,28.6,55.3,46.9,70,3
2026-10-09T13:42:00,30.0,55.6,47.1,69,0
2026-10-09T13:43:00,31.3,56.4,46.8,60,2
2026-10-09T13:44:00,28.8,55.2,46.9,60,0
2026-10-09T13:45:00,30.1,54.5,46.9,68,1
2026-10-09T13:46:00,32.5,53.3,47.0,56,0
2026-10-09T13:47:00,28.6,55.5,46.9,41,0
2026-10-09T13:48:00,33.5,54.5,47.0,64,1
2026-10-09T13:49:00,32.7,55.1,46.9,54,0
2026-10-09T13:50:00,27.1,55.5,47.1,60,0
2026-10-09T13:51:00,28.4,56.2,47.0,63,0
2026-10-09T13:52:00,28.2,55.9,47.1,67,0
2026-10-09T13:53:00,32.0,54.2,47.1,62,0
2026-10-09T13:54:00,31.3,55.1,46.9,62,1
2026-10-09T13:55:00,29.9,55.7,46.8,63,0
2026-10-09T13:56:00,30.3,55.5,47.0,53,1
2026-10-09T13:57:00,27.8,56.1,47.2,62,1
2026-10-09T13:58:00,26.7,54.3,46.9,65,0
2026-10-09T13:59:00,31.8,53.4,47.1,60,0
2026-10-09T14:00:00,30.0,56.7,47.0,62,0
2026-10-09T14:01:00,38.2,53.9,46.9,59,0
2026-10-09T14:02:00,28.2,55.7,47.0,62,3
2026-10-09T14:03:00,28.2,53.1,46.9,55,0
2026-10-09T14:04:00,27.7,54.5,47.0,64,1
2026-10-09T14:05:00,33.6,53.7,46.9,62,0
2026-10-09T14:06:00,29.8,55.1,47.0,56,0
2026-10-09T14:07:00,28.2,53.9,46.9,63,0
2026-10-09T14:08:00,32.4,55.3,46.9,65,0
2026-10-09T14:09:00,29.5,56.5,46.8,72,1
2026-10-09T14:10:00,24.6,53.6,47.0,70,0
2026-10-09T14:11:00,36.7,55.6,47.0,61,0
2026-10-09T14:12:00,32.0,55.5,47.0,62,1
2026-10-09T14:13:00,33.5,55.4,47.2,57,0
2026-10-09T14:14:00,28.8,55.3,46.9,61,1
2026-10-09T14:15:00,36.1,54.2,46.9,56,0
2026-10-09T14:16:00,32.4,56.8,46.9,61,2
2026-10-09T14:17:00,32.2,52.7,47.1,68,0
2026-10-09T14:18:00,31.3,54.6,47.1,57,1
2026-10-09T14:19:00,34.5,54.3,47.0,58,1
2026-10-09T14:20:00,26.6,55.7,47.0,56,0
2026-10-09T14:21:00,32.7,54.8,47.0,78,1
2026-10-09T14:22:00,36.4,54.8,47.1,61,0
2026-10-09T14:23:00,31.1,56.2,46.9,64,1
2026-10-09T14:24:00,28.7,56.3,47.1,61,1
2026-10-09T14:25:00,31.0,56.1,47.0,74,0
2026-10-09T14:26:00,27.9,56.6,47.2,55,0
2026-10-09T14:27:00,32.1,53.6,47.1,58,0
2026-10-09T14:28:00,33.6,54.9,47.0,70,0
2026-10-09T14:29:00,26.7,54.5,46.8,55,1
2026-10-09T14:30:00,31.6,54.7,47.1,53,1
2026-10-09T14:31:00,33.2,55.9,47.0,57,0
2026-10-09T14:32:00,31.8,55.0,47.0,57,0
2026-10-09T14:33:00,32.3,54.6,47.0,74,0
2026-10-09T14:34:00,34.7,54.7,47.2,54,1
2026-10-09T14:35:00,31.4,54.4,47.0,42,1
2026-10-09T14:36:00,26.9,54.6,47.0,61,1
2026-10-09T14:37:00,23.7,55.8,47.0,48,0
2026-10-09T14:38:00,26.3,55.3,47.1,52,0
2026-10-09T14:39:00,31.0,54.4,47.0,57,1
2026-10-09T14:40:00,35.5,54.3,47.2,62,0
2026-10-09T14:41:00,28.4,54.1,47.0,70,0
2026-10-09T14:42:00,29.8,53.9,46.8,53,0
2026-10-09T14:43:00,39.2,54.3,47.0,58,1
2026-10-09T14:44:00,32.9,54.9,47.1,63,0
2026-10-09T14:45:00,31.0,53.8,46.9,70,0
2026-10-09T14:46:00,23.7,56.3,47.0,56,3
2026-10-09T14:47:00,34.1,55.5,47.2,57,3
2026-10-09T14:48:00,28.5,55.7,47.0,59,3
2026-10-09T14:49:00,28.7,56.7,46.8,54,1
2026-10-09T14:50:00,31.3,55.9,46.9,55,0
2026-10-09T14:51:00,26.1,56.6,46.9,60,2
2026-10-09T14:52:00,30.2,53.0,46.9,65,2
2026-10-09T14:53:00,31.7,55.7,47.0,57,2
2026-10-09T14:54:00,29.0,55.2,46.9,60,0
2026-10-09T14:55:00,30.1,55.4,47.0,51,0
2026-10-09T14:56:00,33.3,56.4,46.8,65,3
2026-10-09T14:57:00,36.8,55.8,47.1,53,0
2026-10-09T14:58:00,33.7,54.8,47.1,64,0
2026-10-09T14:59:00,28.2,56.6,47.1,63,0
2026-10-09T15:00:00,30.6,56.9,46.8,68,1
2026-10-09T15:01:00,36.5,56.0,46.9,70,0
2026-10-09T15:02:00,30.3,56.0,46.9,70,3
2026-10-09T15:03:00,34.9,54.9,47.1,60,1
2026-10-09T15:04:00,31.5,55.7,47.0,64,1
2026-10-09T15:05:00,31.3,55.5,47.1,59,0
2026-10-09T15:06:00,34.5,54.9,46.8,59,1
2026-10-09T15:07:00,32.2,55.1,47.0,65,0
2026-10-09T15:08:00,33.5,54.5,47.1,67,2
2026-10-09T15:09:00,31.6,55.0,46.8,50,0
2026-10-09T15:10:00,25.5,56.0,47.1,52,1
2026-10-09T15:11:00,31.5,53.9,46.9,62,0
2026-10-09T15:12:00,31.3,56.2,47.0,49,1
2026-10-09T15:13:00,35.1,56.6,46.9,52,1
2026-10-09T15:14:00,31.2,53.4,47.0,55,0
2026-10-09T15:15:00,25.1,56.4,47.2,56,0
2026-10-09T15:16:00,35.7,54.3,46.9,68,1
2026-10-09T15:17:00,30.7,56.3,47.0,60,1
2026-10-09T15:18:00,27.5,55.9,47.1,57,0
2026-10-09T15:19:00,28.8,53.2,46.9,64,0
2026-10-09T15:20:00,29.4,53.6,46.9,58,0
2026-10-09T15:21:00,30.9,56.4,47.1,74,0
2026-10-09T15:22:00,31.8,54.2,47.0,72,1
2026-10-09T15:23:00,32.9,55.3,46.8,64,1
2026-10-09T15:24:00,30.2,53.7,47.1,48,0
2026-10-09T15:25:00,30.1,56.6,46.9,67,1
2026-10-09T15:26:00,29.8,54.0,46.9,66,0
2026-10-09T15:27:00,33.8,55.6,47.0,68,0
2026-10-09T15:28:00,33.9,55.6,47.1,60,0
2026-10-09T15:29:00,27.1,55.6,46.8,70,0
2026-10-09T15:30:00,29.3,55.9,47.0,60,1
2026-10-09T15:31:00,36.4,54.6,47.0,59,0
2026-10-09T15:32:00,31.8,53.8,47.2,58,0
2026-10-09T15:33:00,33.8,55.1,47.2,56,0
2026-10-09T15:34:00,34.4,55.5,46.8,66,1
2026-10-09T15:35:00,32.5,55.1,47.0,68,0
2026-10-09T15:36:00,33.8,54.9,47.0,54,1
2026-10-09T15:37:00,30.7,57.0,47.0,64,1
2026-10-09T15:38:00,30.6,54.7,47.1,48,1
2026-10-09T15:39:00,32.6,55.5,47.0,64,0
2026-10-09T15:40:00,34.0,55.0,46.9,58,0
2026-10-09T15:41:00,27.8,55.7,47.0,54,0
2026-10-09T15:42:00,30.6,55.9,47.0,55,1
2026-10-09T15:43:00,32.1,53.6,47.1,60,0
2026-10-09T15:44:00,33.1,57.5,47.2,54,3
2026-10-09T15:45:00,35.3,53.9,46.8,52,0
2026-10-09T15:46:00,28.2,54.9,47.2,57,1
2026-10-09T15:47:00,28.3,54.8,46.9,50,1
2026-10-09T15:48:00,26.7,54.5,47.1,68,1
2026-10-09T15:49:00,37.2,54.2,46.9,71,1
2026-10-09T15:50:00,31.2,55.6,47.0,62,0
2026-10-09T15:51:00,28.8,57.2,47.1,62,0
2026-10-09T15:52:00,29.3,54.1,46.9,66,1
2026-10-09T15:53:00,31.1,55.7,47.0,62,0
2026-10-09T15:54:00,35.5,55.1,47.0,59,1
2026-10-09T15:55:00,30.4,55.4,46.8,62,0
2026-10-09T15:56:00,26.7,55.3,46.9,63,0
2026-10-09T15:57:00,32.3,54.3,46.9,57,1
2026-10-09T15:58:00,29.1,55.7,46.9,64,0
2026-10-09T15:59:00,26.7,54.8,46.9,67,0
2026-10-09T16:00:00,36.0,54.9,47.0,68,1
2026-10-09T16:01:00,24.9,55.5,46.9,69,0
2026-10-09T16:02:00,29.2,54.4,47.1,67,0
2026-10-09T16:03:00,31.2,53.5,46.9,50,0
2026-10-09T16:04:00,34.0,55.5,47.1,56,0
2026-10-09T16:05:00,29.7,52.8,47.0,62,0
2026-10-09T16:06:00,27.3,55.2,47.1,60,0
2026-10-09T16:07:00,36.5,57.4,46.9,70,0
2026-10-09T16:08:00,30.9,54.1,47.0,75,0
2026-10-09T16:09:00,33.3,53.6,46.8,57,1
2026-10-09T16:10:00,29.5,55.5,46.9,57,0
2026-10-09T16:11:00,31.0,56.1,47.0,60,0
2026-10-09T16:12:00,31.0,54.6,46.9,64,0
2026-10-09T16:13:00,30.7,57.6,47.1,65,1
2026-10-09T16:14:00,32.5,55.5,47.0,64,0
2026-10-09T16:15:00,27.5,55.9,46.9,56,1
2026-10-09T16:16:00,35.8,53.7,47.1,70,0
2026-10-09T16:17:00,29.0,54.8,46.8,65,1
2026-10-09T16:18:00,32.4,55.0,46.9,55,0
2026-10-09T16:19:00,25.9,54.4,47.0,67,0
2026-10-09T16:20:00,30.7,53.3,47.0,51,0
2026-10-09T16:21:00,32.7,54.5,47.1,70,0
2026-10-09T16:22:00,35.4,56.4,47.1,60,0
2026-10-09T16:23:00,31.8,55.3,47.0,53,0
2026-10-09T16:24:00,28.9,56.1,47.2,64,1
2026-10-09T16:25:00,27.9,53.2,46.9,49,0
2026-10-09T16:26:00,27.4,56.0,46.8,57,1
2026-10-09T16:27:00,34.5,55.3,47.1,70,0
2026-10-09T16:28:00,32.2,54.1,47.1,50,0
2026-10-09T16:29:00,32.0,55.3,47.0,51,2
2026-10-09T16:30:00,33.8,54.5,47.0,60,1
2026-10-09T16:31:00,31.6,54.5,46.8,65,0
2026-10-09T16:32:00,29.8,54.8,46.9,61,1
2026-10-09T16:33:00,26.2,57.0,47.0,70,0
2026-10-09T16:34:00,37.5,55.2,47.1,71,1
2026-10-09T16:35:00,30.2,55.7,46.9,66,0
2026-10-09T16:36:00,35.5,54.7,46.9,48,0
2026-10-09T16:37:00,31.5,54.8,47.2,58,0
2026-10-09T16:38:00,34.0,55.3,46.9,60,0
2026-10-09T16:39:00,27.8,55.6,47.1,58,0
2026-10-09T16:40:00,27.1,54.9,46.9,62,2
2026-10-09T16:41:00,33.8,54.9,47.0,59,0
2026-10-09T16:42:00,32.0,54.4,47.0,60,1
2026-10-09T16:43:00,29.2,56.3,47.2,64,3
2026-10-09T16:44:00,26.8,55.2,47.0,63,0
2026-10-09T16:45:00,34.2,55.4,47.2,72,2
2026-10-09T16:46:00,30.4,52.6,47.0,53,0
2026-10-09T16:47:00,31.9,56.7,46.8,59,0
2026-10-09T16:48:00,29.9,54.6,47.1,52,0
2026-10-09T16:49:00,34.3,55.8,46.9,66,0
2026-10-09T16:50:00,28.5,55.5,47.1,62,0
2026-10-09T16:51:00,32.8,53.9,46.8,56,1
2026-10-09T16:52:00,31.1,54.2,47.0,64,2
2026-10-09T16:53:00,34.1,53.6,47.0,55,0
2026-10-09T16:54:00,25.5,54.4,46.9,67,0
2026-10-09T16:55:00,33.0,53.8,47.0,59,0
2026-10-09T16:56:00,32.0,53.6,47.1,49,0
2026-10-09T16:57:00,32.3,55.9,47.0,65,0
2026-10-09T16:58:00,33.9,54.6,47.1,67,1
2026-10-09T16:59:00,32.0,55.7,47.2,69,0
2026-10-09T17:00:00,27.9,55.5,47.0,70,1
2026-10-09T17:01:00,25.7,56.8,47.0,60,0
2026-10-09T17:02:00,25.6,55.0,47.1,57,0
2026-10-09T17:03:00,30.3,55.4,46.9,66,0
2026-10-09T17:04:00,31.8,56.8,47.2,64,0
2026-10-09T17:05:00,31.7,55.6,46.9,55,1
2026-10-09T17:06:00,29.0,54.4,46.9,56,1
2026-10-09T17:07:00,28.7,56.9,47.0,66,2
2026-10-09T17:08:00,37.0,55.3,47.2,66,1
2026-10-09T17:09:00,31.4,54.2,47.2,57,2
2026-10-09T17:10:00,29.4,55.4,47.0,62,1
2026-10-09T17:11:00,27.4,53.8,47.0,63,0
2026-10-09T17:12:00,38.1,54.5,46.9,68,0
2026-10-09T17:13:00,27.7,55.0,47.0,57,0
2026-10-09T17:14:00,30.8,55.1,46.9,62,0
2026-10-09T17:15:00,27.8,55.1,47.0,56,1
2026-10-09T17:16:00,33.3,54.6,47.0,71,0
2026-10-09T17:17:00,34.6,56.0,46.9,69,0
2026-10-09T17:18:00,27.6,55.9,47.1,60,1
2026-10-09T17:19:00,30.5,54.3,47.0,63,2
2026-10-09T17:20:00,31.2,55.3,47.0,61,0
2026-10-09T17:21:00,33.0,55.1,47.0,61,0
2026-10-09T17:22:00,30.2,54.9,47.1,59,0
2026-10-09T17:23:00,27.2,57.2,46.9,57,2
2026-10-09T17:24:00,34.2,55.7,47.0,56,0
2026-10-09T17:25:00,27.8,53.6,47.1,61,0
2026-10-09T17:26:00,29.3,56.0,47.2,65,1
2026-10-09T17:27:00,31.0,54.8,46.9,60,0
2026-10-09T17:28:00,32.2,53.5,47.1,68,1
2026-10-09T17:29:00,30.5,54.3,47.1,60,0
2026-10-09T17:30:00,29.7,56.2,47.0,55,2
2026-10-09T17:31:00,28.7,55.3,47.0,55,0
2026-10-09T17:32:00,27.4,55.7,47.0,66,0
2026-10-09T17:33:00,32.5,54.6,47.0,60,1
2026-10-09T17:34:00,27.0,54.6,47.0,51,0
2026-10-09T17:35:00,33.8,55.8,47.0,63,0
2026-10-09T17:36:00,33.2,54.8,46.8,62,1
2026-10-09T17:37:00,26.7,54.9,47.0,60,0
2026-10-09T17:38:00,33.1,53.6,47.0,71,0
2026-10-09T17:39:00,33.5,55.2,47.0,50,0
2026-10-09T17:40:00,30.9,55.9,47.0,64,0
2026-10-09T17:41:00,30.9,56.1,46.9,62,0
2026-10-09T17:42:00,33.2,56.1,47.1,62,0
2026-10-09T17:43:00,33.5,54.2,46.9,66,0
2026-10-09T17:44:00,30.6,55.1,47.1,53,0
2026-10-09T17:45:00,32.0,56.5,46.9,70,0
2026-10-09T17:46:00,32.2,56.1,46.8,61,0
2026-10-09T17:47:00,29.2,56.0,47.0,61,0
2026-10-09T17:48:00,31.8,56.0,47.1,65,0
2026-10-09T17:49:00,32.0,55.0,47.1,60,0
2026-10-09T17:50:00,29.7,54.5,46.9,63,1
2026-10-09T17:51:00,30.5,55.9,47.0,47,1
2026-10-09T17:52:00,29.8,54.8,47.1,67,1
2026-10-09T17:53:00,32.1,56.6,46.9,63,0
2026-10-09T17:54:00,29.1,55.2,46.8,64,0
2026-10-09T17:55:00,34.6,53.8,47.0,56,3
2026-10-09T17:56:00,32.4,52.9,47.0,65,0
2026-10-09T17:57:00,32.6,53.5,47.0,57,1
2026-10-09T17:58:00,22.3,52.9,47.1,69,0
2026-10-09T17:59:00,31.9,54.7,47.3,69,1
2026-10-09T18:00:00,35.7,55.0,47.1,61,0
2026-10-09T18:01:00,35.5,56.2,46.9,62,1
2026-10-09T18:02:00,34.0,55.0,47.0,63,0
2026-10-09T18:03:00,36.4,56.1,47.0,63,0
2026-10-09T18:04:00,27.6,56.0,46.9,53,0
2026-10-09T18:05:00,32.5,53.7,47.0,46,0
2026-10-09T18:06:00,31.7,56.2,47.0,51,0
2026-10-09T18:07:00,28.4,54.1,47.1,68,2
2026-10-09T18:08:00,26.9,55.9,47.0,60,0
2026-10-09T18:09:00,28.4,55.4,46.8,54,1
2026-10-09T18:10:00,33.4,57.6,47.1,55,0
2026-10-09T18:11:00,30.5,56.2,47.1,62,1
2026-10-09T18:12:00,28.4,55.7,47.2,54,0
2026-10-09T18:13:00,28.0,55.0,47.1,61,0
2026-10-09T18:14:00,30.6,55.6,47.2,64,0
2026-10-09T18:15:00,28.0,55.5,47.0,62,3
2026-10-09T18:16:00,34.2,54.1,47.1,55,1
2026-10-09T18:17:00,28.6,55.4,47.0,56,1
2026-10-09T18:18:00,31.0,54.5,46.8,63,0
2026-10-09T18:19:00,27.6,54.5,47.1,64,1
2026-10-09T18:20:00,27.6,52.9,47.1,68,0
2026-10-09T18:21:00,30.8,55.8,47.0,58,0
2026-10-09T18:22:00,34.1,55.4,46.9,62,0
2026-10-09T18:23:00,31.1,55.5,47.0,57,0
2026-10-09T18:24:00,33.6,54.2,47.0,65,0
2026-10-09T18:25:00,29.8,53.8,47.0,60,1
2026-10-09T18:26:00,31.5,56.8,47.1,58,0
2026-10-09T18:27:00,29.0,54.1,46.9,66,0
2026-10-09T18:28:00,29.5,53.8,47.1,64,0
2026-10-09T18:29:00,31.3,55.4,47.1,55,0
2026-10-09T18:30:00,30.5,54.4,47.0,47,0
2026-10-09T18:31:00,32.3,55.4,47.0,52,0
2026-10-09T18:32:00,29.1,54.0,46.9,62,2
2026-10-09T18:33:00,30.9,53.3,47.1,65,0
2026-10-09T18:34:00,35.6,55.0,46.8,44,0
2026-10-09T18:35:00,37.8,54.9,47.1,46,1
2026-10-09T18:36:00,26.2,54.3,46.9,60,0
2026-10-09T18:37:00,28.8,55.2,47.0,59,1
2026-10-09T18:38:00,32.6,55.6,47.0,65,0
2026-10-09T18:39:00,28.8,54.3,46.8,57,1
2026-10-09T18:40:00,33.5,53.7,47.1,60,0
2026-10-09T18:41:00,32.2,56.5,47.1,56,1
2026-10-09T18:42:00,26.5,54.7,46.8,55,0
2026-10-09T18:43:00,29.8,56.2,46.9,63,1
2026-10-09T18:44:00,28.9,55.4,46.9,54,0
2026-10-09T18:45:00,32.5,56.6,47.1,62,0
2026-10-09T18:46:00,31.1,57.2,46.9,46,0
2026-10-09T18:47:00,30.6,54.5,47.1,53,0
2026-10-09T18:48:00,32.2,57.7,47.0,61,1
2026-10-09T18:49:00,29.3,54.8,47.0,56,2
2026-10-09T18:50:00,29.9,56.4,47.0,52,2
2026-10-09T18:51:00,31.9,57.9,47.0,63,1
2026-10-09T18:52:00,32.1,54.5,46.9,56,0
2026-10-09T18:53:00,29.5,55.6,46.9,58,2
2026-10-09T18:54:00,29.9,54.6,47.0,58,1
2026-10-09T18:55:00,33.5,55.0,46.9,70,0
2026-10-09T18:56:00,34.8,54.8,46.9,57,1
2026-10-09T18:57:00,33.6,54.9,47.0,59,0
2026-10-09T18:58:00,38.4,53.4,46.9,61,0
2026-10-09T18:59:00,28.6,54.2,46.9,61,0
2026-10-09T19:00:00,36.5,57.2,46.9,60,1
2026-10-09T19:01:00,29.1,56.4,47.0,69,1
2026-10-09T19:02:00,31.7,52.6,47.0,54,1
2026-10-09T19:03:00,30.9,54.1,47.2,63,0
2026-10-09T19:04:00,31.0,53.2,46.9,63,0
2026-10-09T19:05:00,28.5,55.1,46.9,63,2
2026-10-09T19:06:00,28.0,55.2,47.0,67,0
2026-10-09T19:07:00,33.0,53.2,47.1,67,0
2026-10-09T19:08:00,29.0,55.2,47.0,57,1
2026-10-09T19:09:00,32.6,55.4,46.9,70,0
2026-10-09T19:10:00,31.0,56.3,47.0,59,1
2026-10-09T19:11:00,34.6,54.2,47.0,56,2
2026-10-09T19:12:00,34.1,54.2,47.0,63,0
2026-10-09T19:13:00,32.2,55.8,47.1,55,0
2026-10-09T19:14:00,33.5,52.7,47.0,53,0
2026-10-09T19:15:00,29.3,53.5,46.9,56,0
2026-10-09T19:16:00,30.3,54.8,47.2,51,0
2026-10-09T19:17:00,31.3,54.1,46.9,66,1
2026-10-09T19:18:00,25.9,54.8,47.1,50,1
2026-10-09T19:19:00,29.4,53.8,46.9,64,0
2026-10-09T19:20:00,31.0,56.4,47.1,65,1
2026-10-09T19:21:00,29.8,55.7,47.0,58,0
2026-10-09T19:22:00,31.2,55.6,47.0,62,0
2026-10-09T19:23:00,34.2,54.1,47.2,62,0
2026-10-09T19:24:00,31.0,53.5,47.0,53,1
2026-10-09T19:25:00,29.9,56.3,47.0,66,0
2026-10-09T19:26:00,30.8,54.8,46.8,55,1
2026-10-09T19:27:00,25.0,55.3,47.0,47,1
2026-10-09T19:28:00,34.1,56.8,47.1,65,1
2026-10-09T19:29:00,37.2,53.2,47.0,73,0
2026-10-09T19:30:00,34.2,56.1,47.0,54,2
2026-10-09T19:31:00,25.4,54.2,47.0,56,0
2026-10-09T19:32:00,34.5,56.0,47.0,64,0
2026-10-09T19:33:00,34.6,55.3,47.1,58,0
2026-10-09T19:34:00,35.6,55.7,46.8,58,0
2026-10-09T19:35:00,31.0,54.1,46.9,62,0
2026-10-09T19:36:00,30.8,54.6,47.2,67,1
2026-10-09T19:37:00,28.4,54.3,47.2,72,0
2026-10-09T19:38:00,32.2,54.9,47.1,68,0
2026-10-09T19:39:00,33.8,54.5,47.0,60,0
2026-10-09T19:40:00,33.2,53.2,46.9,56,1
2026-10-09T19:41:00,28.7,54.1,46.9,54,0
2026-10-09T19:42:00,29.4,55.2,47.0,58,1
2026-10-09T19:43:00,29.1,57.8,47.1,63,2
2026-10-09T19:44:00,33.2,54.2,47.1,56,0
2026-10-09T19:45:00,30.4,55.6,47.0,58,0
2026-10-09T19:46:00,34.2,55.5,47.0,66,1
2026-10-09T19:47:00,28.1,56.4,46.9,63,0
2026-10-09T19:48:00,29.9,55.5,47.1,66,0
2026-10-09T19:49:00,27.9,54.5,47.0,50,1
2026-10-09T19:50:00,31.5,55.4,46.8,60,0
2026-10-09T19:51:00,30.3,55.6,46.6,58,1
2026-10-09T19:52:00,32.5,54.6,47.1,69,2
2026-10-09T19:53:00,33.5,54.3,47.0,53,0
2026-10-09T19:54:00,29.7,54.4,46.9,55,1
2026-10-09T19:55:00,33.5,54.7,47.1,57,1
2026-10-09T19:56:00,28.6,55.0,46.8,60,1
2026-10-09T19:57:00,30.5,53.8,47.2,63,0
2026-10-09T19:58:00,33.6,54.2,47.0,55,0
2026-10-09T19:59:00,32.1,54.0,46.9,56,0
2026-10-09T20:00:00,30.1,53.1,47.0,66,1
2026-10-09T20:01:00,29.0,54.4,47.2,63,1
2026-10-09T20:02:00,29.0,54.8,47.0,50,0
2026-10-09T20:03:00,32.6,54.8,47.0,63,0
2026-10-09T20:04:00,28.5,56.7,47.0,63,1
2026-10-09T20:05:00,31.0,54.8,47.0,56,0
2026-10-09T20:06:00,36.3,54.2,47.0,49,2
2026-10-09T20:07:00,35.0,54.6,46.9,48,1
2026-10-09T20:08:00,33.5,55.6,47.1,52,0
2026-10-09T20:09:00,30.2,56.5,47.1,59,0
2026-10-09T20:10:00,36.4,56.5,47.1,61,0
2026-10-09T20:11:00,31.9,55.4,47.0,75,0
2026-10-09T20:12:00,31.2,54.7,47.1,57,0
2026-10-09T20:13:00,33.1,55.2,47.2,62,0
2026-10-09T20:14:00,26.7,56.1,47.1,59,0
2026-10-09T20:15:00,29.8,55.0,47.2,65,0
2026-10-09T20:16:00,32.8,54.7,46.8,54,0
2026-10-09T20:17:00,30.1,55.2,46.9,73,0
2026-10-09T20:18:00,32.5,54.8,46.9,64,0
2026-10-09T20:19:00,24.9,56.9,46.9,49,0
2026-10-09T20:20:00,31.6,55.4,46.9,67,1
2026-10-09T20:21:00,35.4,54.4,47.1,63,0
2026-10-09T20:22:00,28.9,53.6,47.0,75,0
2026-10-09T20:23:00,27.7,54.4,46.9,58,1
2026-10-09T20:24:00,29.2,55.3,46.9,56,0
2026-10-09T20:25:00,28.2,55.5,46.8,54,2
2026-10-09T20:26:00,31.4,56.6,47.1,63,1
2026-10-09T20:27:00,29.4,55.0,47.0,66,1
2026-10-09T20:28:00,37.5,54.9,47.0,75,0
2026-10-09T20:29:00,27.8,55.3,47.2,60,0
2026-10-09T20:30:00,30.0,53.1,47.1,58,0
2026-10-09T20:31:00,29.8,56.4,47.3,65,0
2026-10-09T20:32:00,28.7,54.2,47.0,58,0
2026-10-09T20:33:00,30.9,54.5,47.1,46,0
2026-10-09T20:34:00,27.6,56.1,47.0,65,1
2026-10-09T20:35:00,28.0,55.5,47.1,61,0
2026-10-09T20:36:00,29.5,56.5,47.1,63,0
2026-10-09T20:37:00,29.8,54.4,46.9,50,0
2026-10-09T20:38:00,31.3,55.4,46.9,61,1
2026-10-09T20:39:00,29.3,56.2,47.0,53,0
2026-10-09T20:40:00,30.0,54.2,47.1,64,0
2026-10-09T20:41:00,28.9,54.6,47.0,63,0
2026-10-09T20:42:00,28.9,54.8,46.8,68,0
2026-10-09T20:43:00,35.0,56.3,47.2,65,0
2026-10-09T20:44:00,35.0,54.9,47.1,54,0
2026-10-09T20:45:00,33.6,57.9,46.9,60,0
2026-10-09T20:46:00,30.6,54.4,47.0,66,1
2026-10-09T20:47:00,28.9,55.1,47.0,54,1
2026-10-09T20:48:00,34.6,55.7,47.0,58,0
2026-10-09T20:49:00,32.0,54.6,46.9,54,0
2026-10-09T20:50:00,29.6,52.6,47.0,58,0
2026-10-09T20:51:00,36.9,56.6,47.0,65,1
2026-10-09T20:52:00,32.4,54.6,47.0,62,1
2026-10-09T20:53:00,33.1,56.0,47.0,53,0
2026-10-09T20:54:00,34.2,53.7,47.0,58,3
2026-10-09T20:55:00,28.9,54.6,47.0,61,0
2026-10-09T20:56:00,31.1,54.5,47.0,60,0
2026-10-09T20:57:00,27.1,56.7,47.0,53,0
2026-10-09T20:58:00,32.9,53.6,47.0,70,1
2026-10-09T20:59:00,31.4,54.1,47.0,56,0
2026-10-09T21:00:00,28.9,56.2,47.0,55,0
2026-10-09T21:01:00,30.8,55.5,46.9,57,0
2026-10-09T21:02:00,29.2,54.4,46.9,62,0
2026-10-09T21:03:00,29.1,54.2,46.9,52,0
2026-10-09T21:04:00,33.1,56.0,47.0,52,0
2026-10-09T21:05:00,28.9,54.4,47.0,66,1
2026-10-09T21:06:00,29.9,54.7,46.8,63,1
2026-10-09T21:07:00,26.7,55.7,47.0,61,0
2026-10-09T21:08:00,31.5,54.1,46.8,47,1
2026-10-09T21:09:00,36.0,55.2,47.0,51,0
2026-10-09T21:10:00,28.5,54.8,47.1,61,0
2026-10-09T21:11:00,25.9,56.3,46.7,55,1
2026-10-09T21:12:00,32.7,55.0,46.9,62,2
2026-10-09T21:13:00,28.8,55.7,47.1,58,0
2026-10-09T21:14:00,35.5,54.4,46.9,60,0
2026-10-09T21:15:00,23.3,57.6,46.9,50,0
2026-10-09T21:16:00,31.1,54.6,46.8,54,1
2026-10-09T21:17:00,27.4,56.1,46.9,70,0
2026-10-09T21:18:00,34.3,54.9,47.1,61,0
2026-10-09T21:19:00,30.5,55.5,46.9,55,0
2026-10-09T21:20:00,30.8,54.9,47.2,59,0
2026-10-09T21:21:00,31.8,54.5,46.9,58,1
2026-10-09T21:22:00,28.1,55.0,47.0,61,0
2026-10-09T21:23:00,33.6,54.5,47.1,53,1
2026-10-09T21:24:00,30.8,53.7,47.0,47,0
2026-10-09T21:25:00,34.3,53.4,47.1,57,0
2026-10-09T21:26:00,29.5,54.8,47.1,78,2
2026-10-09T21:27:00,31.3,55.1,47.1,50,0
2026-10-09T21:28:00,35.7,54.5,46.8,65,0
2026-10-09T21:29:00,31.2,54.6,46.9,63,0
2026-10-09T21:30:00,29.4,55.8,47.1,70,1
2026-10-09T21:31:00,33.1,54.3,46.9,70,0
2026-10-09T21:32:00,32.1,53.1,47.2,63,0
2026-10-09T21:33:00,31.7,55.7,47.0,60,0
2026-10-09T21:34:00,39.6,54.6,47.1,57,0
2026-10-09T21:35:00,35.9,55.7,47.0,59,0
2026-10-09T21:36:00,35.9,55.3,46.9,50,1
2026-10-09T21:37:00,31.2,56.5,46.9,53,0
2026-10-09T21:38:00,28.2,54.8,47.0,60,0
2026-10-09T21:39:00,32.0,54.9,47.0,52,0
2026-10-09T21:40:00,29.7,54.1,47.2,62,0
2026-10-09T21:41:00,26.8,55.6,47.1,58,0
2026-10-09T21:42:00,28.5,53.3,46.9,65,0
2026-10-09T21:43:00,39.3,55.7,46.9,48,1
2026-10-09T21:44:00,31.1,55.0,47.0,55,0
2026-10-09T21:45:00,32.9,54.8,47.0,53,0
2026-10-09T21:46:00,29.3,54.4,47.1,70,0
2026-10-09T21:47:00,28.3,56.2,46.9,56,0
2026-10-09T21:48:00,34.5,55.5,46.9,57,0
2026-10-09T21:49:00,32.3,55.7,46.9,59,1
2026-10-09T21:50:00,31.4,54.8,47.0,52,0
2026-10-09T21:51:00,27.7,55.5,47.0,56,0
2026-10-09T21:52:00,33.9,54.9,47.1,60,0
2026-10-09T21:53:00,27.9,55.2,46.9,58,1
2026-10-09T21:54:00,39.7,56.5,47.1,63,1
2026-10-09T21:55:00,37.5,55.4,46.9,62,1
2026-10-09T21:56:00,28.1,54.4,47.0,59,0
2026-10-09T21:57:00,33.8,56.5,47.0,62,0
2026-10-09T21:58:00,29.4,55.6,47.1,61,0
2026-10-09T21:59:00,31.2,56.4,47.1,60,0
2026-10-09T22:00:00,30.6,54.1,46.9,59,1
2026-10-09T22:01:00,36.2,55.3,47.0,49,0
2026-10-09T22:02:00,33.0,56.2,47.2,57,3
2026-10-09T22:03:00,26.6,56.7,47.2,58,0
2026-10-09T22:04:00,31.0,55.8,47.1,55,0
2026-10-09T22:05:00,31.4,55.5,46.9,68,1
2026-10-09T22:06:00,32.2,55.8,46.9,58,0
2026-10-09T22:07:00,32.7,55.0,47.1,55,0
2026-10-09T22:08:00,35.8,54.6,47.0,69,1
2026-10-09T22:09:00,36.5,54.6,47.0,58,1
2026-10-09T22:10:00,34.8,54.6,46.9,55,0
2026-10-09T22:11:00,31.2,54.5,47.0,57,0
2026-10-09T22:12:00,27.4,55.0,47.1,54,1
2026-10-09T22:13:00,32.5,56.0,47.0,69,0
2026-10-09T22:14:00,31.0,54.2,47.1,71,0
2026-10-09T22:15:00,32.3,53.8,47.1,62,1
2026-10-09T22:16:00,34.2,55.8,47.0,45,0
2026-10-09T22:17:00,28.1,54.8,47.1,53,0
2026-10-09T22:18:00,29.1,56.4,47.0,52,0
2026-10-09T22:19:00,30.5,56.5,47.0,55,0
2026-10-09T22:20:00,34.6,55.6,46.9,68,0
2026-10-09T22:21:00,33.5,55.8,46.9,69,0
2026-10-09T22:22:00,29.2,54.6,47.0,66,0
2026-10-09T22:23:00,29.2,54.3,47.0,53,1
2026-10-09T22:24:00,26.4,56.8,46.9,64,0
2026-10-09T22:25:00,28.4,54.2,47.0,62,1
2026-10-09T22:26:00,31.1,53.9,47.2,53,0
2026-10-09T22:27:00,29.2,54.4,47.1,61,0
2026-10-09T22:28:00,24.7,55.6,47.0,58,0
2026-10-09T22:29:00,34.4,54.6,47.0,65,1
2026-10-09T22:30:00,29.0,55.0,47.1,63,1
2026-10-09T22:31:00,27.6,56.0,47.1,60,0
2026-10-09T22:32:00,33.4,54.1,47.0,64,0
2026-10-09T22:33:00,30.2,55.5,47.1,64,1
2026-10-09T22:34:00,35.3,54.6,47.0,61,2
2026-10-09T22:35:00,28.5,55.4,47.0,59,0
2026-10-09T22:36:00,35.5,55.6,47.1,50,2
2026-10-09T22:37:00,34.2,56.2,47.2,49,0
2026-10-09T22:38:00,30.5,55.5,47.1,57,0
2026-10-09T22:39:00,26.7,54.9,47.0,66,1
2026-10-09T22:40:00,29.8,53.8,46.9,56,0
2026-10-09T22:41:00,29.3,56.3,47.0,67,1
2026-10-09T22:42:00,31.0,56.0,47.1,73,0
2026-10-09T22:43:00,25.1,54.7,47.0,66,0
2026-10-09T22:44:00,33.9,56.7,47.0,52,0
2026-10-09T22:45:00,33.7,54.0,47.1,72,0
2026-10-09T22:46:00,30.4,55.1,46.9,55,1
2026-10-09T22:47:00,26.5,54.3,46.9,56,0
2026-10-09T22:48:00,31.5,53.4,46.9,63,1
2026-10-09T22:49:00,30.8,53.8,47.0,56,0
2026-10-09T22:50:00,32.1,56.2,46.9,63,0
2026-10-09T22:51:00,29.8,54.5,46.9,67,0
2026-10-09T22:52:00,34.4,54.6,47.1,64,0
2026-10-09T22:53:00,33.4,57.3,47.0,60,1
2026-10-09T22:54:00,31.0,53.9,47.0,54,1
2026-10-09T22:55:00,35.8,55.1,46.9,61,0
2026-10-09T22:56:00,29.7,53.6,47.0,52,1
2026-10-09T22:57:00,33.4,56.0,46.8,60,0
2026-10-09T22:58:00,33.3,52.8,47.0,54,0
2026-10-09T22:59:00,24.5,55.6,47.0,48,2
2026-10-09T23:00:00,32.8,55.9,47.0,61,0
2026-10-09T23:01:00,30.4,55.4,46.9,62,0
2026-10-09T23:02:00,25.5,53.3,47.0,49,0
2026-10-09T23:03:00,33.9,56.0,47.0,55,1
2026-10-09T23:04:00,32.4,54.7,46.9,64,1
2026-10-09T23:05:00,35.6,54.9,46.9,59,0
2026-10-09T23:06:00,29.9,54.9,47.0,56,0
2026-10-09T23:07:00,26.6,53.9,47.1,56,0
2026-10-09T23:08:00,28.8,54.7,47.0,72,1
2026-10-09T23:09:00,27.0,54.4,46.8,55,1
2026-10-09T23:10:00,26.3,54.1,47.0,50,0
2026-10-09T23:11:00,28.8,56.2,46.9,58,0
2026-10-09T23:12:00,28.2,56.5,47.0,58,1
2026-10-09T23:13:00,27.5,54.1,46.9,59,1
2026-10-09T23:14:00,31.8,54.0,46.9,62,0
2026-10-09T23:15:00,30.6,54.5,47.0,53,1
2026-10-09T23:16:00,29.7,54.9,47.1,58,2
2026-10-09T23:17:00,32.4,53.3,46.9,72,2
2026-10-09T23:18:00,26.1,55.4,47.1,59,0
2026-10-09T23:19:00,31.1,56.1,46.9,65,1
2026-10-09T23:20:00,29.5,56.1,46.9,59,0
2026-10-09T23:21:00,33.8,54.5,47.1,58,0
2026-10-09T23:22:00,27.9,55.1,47.2,66,1
2026-10-09T23:23:00,30.6,53.6,46.8,42,0
2026-10-09T23:24:00,31.6,53.8,46.9,59,0
2026-10-09T23:25:00,36.5,54.1,46.9,58,1
2026-10-09T23:26:00,27.9,55.5,47.1,50,2
2026-10-09T23:27:00,29.4,54.8,46.9,62,1
2026-10-09T23:28:00,28.4,53.2,47.0,53,0
2026-10-09T23:29:00,31.1,53.4,47.0,58,0
2026-10-09T23:30:00,32.4,54.6,47.0,58,0
2026-10-09T23:31:00,30.5,54.1,47.2,57,0
2026-10-09T23:32:00,27.6,56.2,46.9,51,0
2026-10-09T23:33:00,32.2,54.8,47.0,58,1
2026-10-09T23:34:00,28.3,54.5,47.1,56,1
2026-10-09T23:35:00,35.8,54.0,47.0,62,1
2026-10-09T23:36:00,27.8,56.5,47.1,58,0
2026-10-09T23:37:00,27.1,54.1,47.0,69,0
2026-10-09T23:38:00,30.4,54.6,46.8,63,0
2026-10-09T23:39:00,35.6,56.4,47.1,53,0
2026-10-09T23:40:00,28.9,55.2,47.1,54,0
2026-10-09T23:41:00,29.2,55.2,47.2,70,1
2026-10-09T23:42:00,28.2,54.9,46.9,60,0
2026-10-09T23:43:00,30.8,55.1,47.0,62,1
2026-10-09T23:44:00,28.3,54.5,47.0,52,0
2026-10-09T23:45:00,30.5,55.3,47.1,63,0
2026-10-09T23:46:00,31.7,53.2,47.0,49,0
2026-10-09T23:47:00,28.4,55.6,47.0,63,0
2026-10-09T23:48:00,30.4,55.5,46.9,66,0
2026-10-09T23:49:00,35.4,55.4,47.1,66,0
2026-10-09T23:50:00,26.8,54.6,46.9,68,0
2026-10-09T23:51:00,28.0,55.6,46.9,53,1
2026-10-09T23:52:00,32.5,53.4,46.8,66,0
2026-10-09T23:53:00,33.4,54.1,47.0,58,1
2026-10-09T23:54:00,33.3,54.3,47.1,68,0
2026-10-09T23:55:00,34.3,53.6,47.0,65,0
2026-10-09T23:56:00,34.6,55.1,47.1,61,0
2026-10-09T23:57:00,30.2,53.8,47.1,69,0
2026-10-09T23:58:00,28.8,55.6,47.1,62,0
2026-10-09T23:59:00,37.5,53.7,46.9,70,0
2026-10-10T00:00:00,24.8,54.1,46.9,45,1
2026-10-10T00:01:00,35.0,56.4,47.1,50,0
2026-10-10T00:02:00,25.5,54.4,46.8,56,1
2026-10-10T00:03:00,29.3,55.2,47.0,68,0
2026-10-10T00:04:00,29.5,53.9,47.0,57,0
2026-10-10T00:05:00,29.2,54.5,46.9,69,1
2026-10-10T00:06:00,33.8,54.3,47.0,47,1
2026-10-10T00:07:00,31.8,55.6,46.9,48,2
2026-10-10T00:08:00,27.8,54.5,46.9,65,0
2026-10-10T00:09:00,35.4,55.1,46.8,74,0
2026-10-10T00:10:00,30.1,54.0,47.1,56,0
2026-10-10T00:11:00,29.7,55.1,46.9,58,1
2026-10-10T00:12:00,30.5,54.1,46.9,57,1
2026-10-10T00:13:00,32.0,54.0,47.0,65,0
2026-10-10T00:14:00,28.6,55.6,47.0,51,1
2026-10-10T00:15:00,22.9,55.1,47.0,51,0
2026-10-10T00:16:00,26.4,55.2,47.0,45,2
2026-10-10T00:17:00,32.5,54.1,47.1,64,0
2026-10-10T00:18:00,31.0,54.0,46.9,55,1
2026-10-10T00:19:00,32.3,55.3,47.0,58,0
2026-10-10T00:20:00,27.6,56.2,47.2,61,1
2026-10-10T00:21:00,30.1,55.9,46.9,52,0
2026-10-10T00:22:00,30.4,56.9,46.9,69,0
2026-10-10T00:23:00,35.2,53.9,47.1,59,0
2026-10-10T00:24:00,33.8,53.0,46.9,66,0
2026-10-10T00:25:00,34.6,54.5,46.9,68,0
2026-10-10T00:26:00,32.3,55.7,47.1,61,0
2026-10-10T00:27:00,31.7,55.3,46.8,52,0
2026-10-10T00:28:00,29.9,56.0,46.9,62,0
2026-10-10T00:29:00,27.8,56.4,47.0,72,0
2026-10-10T00:30:00,29.6,54.3,46.9,62,0
2026-10-10T00:31:00,31.3,55.4,47.0,67,1
2026-10-10T00:32:00,32.1,54.8,47.0,51,0
2026-10-10T00:33:00,29.2,54.5,46.9,61,0
2026-10-10T00:34:00,32.5,56.3,47.1,59,1
2026-10-10T00:35:00,29.7,55.1,47.2,55,0
2026-10-10T00:36:00,29.3,54.5,46.8,61,0
2026-10-10T00:37:00,27.3,53.8,47.1,61,0
2026-10-10T00:38:00,29.6,55.6,47.0,52,0
2026-10-10T00:39:00,33.8,54.5,47.0,66,1
2026-10-10T00:40:00,30.7,55.0,46.9,64,0
2026-10-10T00:41:00,31.0,53.6,46.9,58,0
2026-10-10T00:42:00,27.4,52.9,47.2,64,1
2026-10-10T00:43:00,26.8,54.9,47.1,61,1
2026-10-10T00:44:00,29.9,54.2,47.1,59,2
2026-10-10T00:45:00,29.1,54.0,47.0,54,1
2026-10-10T00:46:00,32.9,55.1,46.8,54,0
2026-10-10T00:47:00,34.2,55.7,46.9,64,2
2026-10-10T00:48:00,31.1,55.3,46.9,62,0
2026-10-10T00:49:00,29.7,55.0,46.9,63,1
2026-10-10T00:50:00,24.6,54.9,47.0,53,1
2026-10-10T00:51:00,30.6,55.4,47.1,66,0
2026-10-10T00:52:00,30.6,55.7,47.1,67,1
2026-10-10T00:53:00,28.6,56.6,47.0,56,1
2026-10-10T00:54:00,29.0,54.9,47.0,68,0
2026-10-10T00:55:00,30.6,57.2,46.9,60,1
2026-10-10T00:56:00,26.1,56.0,47.0,61,0
2026-10-10T00:57:00,24.2,54.9,47.0,53,1
2026-10-10T00:58:00,33.0,53.8,47.1,57,0
2026-10-10T00:59:00,28.4,54.3,47.0,58,1
2026-10-10T01:00:00,30.5,55.5,47.0,54,1
2026-10-10T01:01:00,33.3,55.3,47.0,73,1
2026-10-10T01:02:00,31.7,56.5,46.9,63,0
2026-10-10T01:03:00,31.8,55.6,46.9,62,1
2026-10-10T01:04:00,30.2,56.7,46.9,59,2
2026-10-10T01:05:00,26.6,56.2,47.1,58,0
2026-10-10T01:06:00,24.7,56.1,47.0,58,0
2026-10-10T01:07:00,32.5,54.5,46.9,67,0
2026-10-10T01:08:00,30.1,53.9,46.9,64,3
2026-10-10T01:09:00,28.5,53.9,46.9,77,2
2026-10-10T01:10:00,34.5,54.4,47.1,57,0
2026-10-10T01:11:00,30.0,56.1,46.9,65,1
2026-10-10T01:12:00,29.1,55.6,46.9,59,0
2026-10-10T01:13:00,28.6,56.1,47.1,65,0
2026-10-10T01:14:00,28.8,55.5,47.0,66,1
2026-10-10T01:15:00,31.8,55.3,47.2,59,0
2026-10-10T01:16:00,34.3,55.7,47.1,57,0
2026-10-10T01:17:00,34.3,57.2,46.9,50,0
2026-10-10T01:18:00,29.3,55.2,47.1,69,0
2026-10-10T01:19:00,28.7,55.5,47.0,60,0
2026-10-10T01:20:00,34.5,54.1,47.1,64,1
2026-10-10T01:21:00,28.2,54.2,47.1,65,1
2026-10-10T01:22:00,25.9,54.0,46.9,55,1
2026-10-10T01:23:00,32.5,54.9,47.0,69,0
2026-10-10T01:24:00,25.9,55.6,47.1,51,2
2026-10-10T01:25:00,27.6,54.5,46.9,63,0
2026-10-10T01:26:00,28.1,54.2,47.0,57,0
2026-10-10T01:27:00,29.3,54.7,47.0,59,1
2026-10-10T01:28:00,28.8,55.6,46.9,65,0
2026-10-10T01:29:00,30.1,55.3,46.9,59,0
2026-10-10T01:30:00,34.3,54.1,47.0,65,0
2026-10-10T01:31:00,37.8,55.9,46.9,53,0
2026-10-10T01:32:00,30.0,55.3,46.8,63,1
2026-10-10T01:33:00,27.5,54.6,47.0,53,0
2026-10-10T01:34:00,31.4,54.8,47.1,66,0
2026-10-10T01:35:00,31.4,53.3,47.0,64,1
2026-10-10T01:36:00,35.9,55.8,46.9,54,0
2026-10-10T01:37:00,31.7,55.2,47.0,61,0
2026-10-10T01:38:00,32.1,56.0,47.1,65,0
2026-10-10T01:39:00,29.6,56.2,47.1,47,0
2026-10-10T01:40:00,34.6,55.3,47.1,48,0
2026-10-10T01:41:00,34.2,53.5,46.9,51,1
2026-10-10T01:42:00,31.0,52.9,47.0,60,0
2026-10-10T01:43:00,29.4,55.3,47.1,58,0
2026-10-10T01:44:00,27.0,55.8,47.1,72,0
2026-10-10T01:45:00,28.0,55.2,46.8,63,0
2026-10-10T01:46:00,29.9,53.6,47.0,61,1
2026-10-10T01:47:00,30.7,54.6,47.0,60,1
2026-10-10T01:48:00,27.3,55.1,47.1,58,2
2026-10-10T01:49:00,31.1,55.5,47.1,67,0
2026-10-10T01:50:00,34.6,55.9,47.0,54,0
2026-10-10T01:51:00,29.6,54.1,47.0,58,1
2026-10-10T01:52:00,30.1,55.4,47.1,61,0
2026-10-10T01:53:00,32.0,55.4,47.0,58,0
2026-10-10T01:54:00,24.4,54.4,47.0,51,1
2026-10-10T01:55:00,30.2,54.7,47.1,62,0
2026-10-10T01:56:00,32.2,56.0,47.2,56,0
2026-10-10T01:57:00,30.5,54.9,47.0,60,2
2026-10-10T01:58:00,32.7,54.5,47.1,71,2
2026-10-10T01:59:00,31.5,54.1,46.9,64,0
2026-10-10T02:00:00,27.3,57.7,47.2,61,0
2026-10-10T02:01:00,32.9,54.9,47.1,62,0
2026-10-10T02:02:00,31.9,56.1,47.1,59,1
2026-10-10T02:03:00,34.8,56.9,47.0,61,0
2026-10-10T02:04:00,35.3,56.5,47.0,57,1
2026-10-10T02:05:00,29.8,54.6,47.0,61,0
2026-10-10T02:06:00,31.1,54.8,47.1,56,1
2026-10-10T02:07:00,30.5,55.2,47.2,75,0
2026-10-10T02:08:00,29.0,54.7,47.0,58,2
2026-10-10T02:09:00,30.1,54.5,46.8,56,3
2026-10-10T02:10:00,30.6,54.1,47.1,66,0
2026-10-10T02:11:00,23.8,54.5,47.0,74,0
2026-10-10T02:12:00,34.1,54.7,47.0,57,1
2026-10-10T02:13:00,33.4,54.4,46.9,54,3
2026-10-10T02:14:00,31.9,55.1,46.9,56,0
2026-10-10T02:15:00,33.6,54.3,46.9,62,1
2026-10-10T02:16:00,28.4,55.8,47.2,59,0
2026-10-10T02:17:00,31.7,54.6,47.1,53,1
2026-10-10T02:18:00,29.1,54.6,46.9,69,0
2026-10-10T02:19:00,27.5,54.8,47.0,66,1
2026-10-10T02:20:00,31.4,55.5,46.9,63,0
2026-10-10T02:21:00,35.9,54.7,47.0,63,0
2026-10-10T02:22:00,33.3,54.2,46.9,55,1
2026-10-10T02:23:00,30.2,55.2,47.1,59,0
2026-10-10T02:24:00,31.4,56.0,47.1,66,0
2026-10-10T02:25:00,27.7,55.2,47.1,63,3
2026-10-10T02:26:00,25.5,55.8,47.1,60,1
2026-10-10T02:27:00,29.6,54.8,47.0,66,0
2026-10-10T02:28:00,24.9,54.5,46.9,61,0
2026-10-10T02:29:00,30.0,53.2,47.0,56,1
2026-10-10T02:30:00,29.3,54.4,47.1,56,1
2026-10-10T02:31:00,29.6,53.9,47.0,60,0
2026-10-10T02:32:00,29.1,54.5,46.9,56,0
2026-10-10T02:33:00,28.6,56.6,47.1,69,0
2026-10-10T02:34:00,28.3,54.0,46.9,73,0
2026-10-10T02:35:00,40.7,54.6,47.0,61,1
2026-10-10T02:36:00,28.3,56.7,47.0,55,0
2026-10-10T02:37:00,31.1,54.5,47.1,63,0
2026-10-10T02:38:00,31.8,54.8,46.9,70,0
2026-10-10T02:39:00,35.0,56.4,47.1,65,0
2026-10-10T02:40:00,32.3,55.3,47.0,61,1
2026-10-10T02:41:00,32.6,53.0,46.9,55,1
2026-10-10T02:42:00,30.8,54.1,46.9,52,1
2026-10-10T02:43:00,33.9,55.7,46.9,55,0
2026-10-10T02:44:00,30.6,54.7,47.1,69,2
2026-10-10T02:45:00,23.7,54.3,46.9,63,0
2026-10-10T02:46:00,33.4,54.8,46.8,59,1
2026-10-10T02:47:00,28.8,56.3,47.1,57,0
2026-10-10T02:48:00,29.5,53.7,47.1,55,0
2026-10-10T02:49:00,28.2,54.7,46.9,51,0
2026-10-10T02:50:00,33.7,53.4,47.1,61,1
2026-10-10T02:51:00,31.3,55.5,47.0,61,0
2026-10-10T02:52:00,26.0,54.6,47.0,64,1
2026-10-10T02:53:00,34.1,54.8,47.0,65,1
2026-10-10T02:54:00,32.0,54.1,47.2,61,1
2026-10-10T02:55:00,32.9,54.7,47.0,62,0
2026-10-10T02:56:00,31.6,56.2,47.1,68,1
2026-10-10T02:57:00,33.5,53.1,47.1,60,0
2026-10-10T02:58:00,29.6,55.1,47.2,63,0
2026-10-10T02:59:00,31.2,54.5,47.1,60,0
2026-10-10T03:00:00,27.2,56.1,47.0,49,0
2026-10-10T03:01:00,30.3,54.8,46.9,66,0
2026-10-10T03:02:00,29.4,55.7,46.8,65,0
2026-10-10T03:03:00,30.3,56.1,47.1,49,2
2026-10-10T03:04:00,31.5,55.6,47.0,66,1
2026-10-10T03:05:00,33.2,55.2,46.8,64,0
2026-10-10T03:06:00,37.1,55.8,47.0,54,0
2026-10-10T03:07:00,33.8,54.1,47.0,69,0
2026-10-10T03:08:00,31.2,55.4,46.9,55,0
2026-10-10T03:09:00,32.4,55.7,46.8,66,0
2026-10-10T03:10:00,29.5,53.3,47.1,60,0
2026-10-10T03:11:00,33.4,56.5,47.1,61,0
2026-10-10T03:12:00,30.5,53.4,47.1,63,3
2026-10-10T03:13:00,33.4,55.0,46.9,58,0
2026-10-10T03:14:00,25.0,56.9,46.9,55,0
2026-10-10T03:15:00,32.8,54.5,47.1,61,1
2026-10-10T03:16:00,36.9,54.7,46.9,62,0
2026-10-10T03:17:00,32.9,55.1,47.1,54,0
2026-10-10T03:18:00,30.1,55.0,46.9,50,1
2026-10-10T03:19:00,32.2,56.3,47.0,63,0
2026-10-10T03:20:00,36.7,56.0,46.8,59,0
2026-10-10T03:21:00,29.0,54.3,46.9,54,0
2026-10-10T03:22:00,32.9,56.2,47.0,48,1
2026-10-10T03:23:00,31.5,55.8,47.1,59,0
2026-10-10T03:24:00,32.3,56.5,46.8,71,1
2026-10-10T03:25:00,36.9,54.4,46.9,65,1
2026-10-10T03:26:00,29.6,55.9,46.9,65,0
2026-10-10T03:27:00,39.0,54.6,46.9,69,1
2026-10-10T03:28:00,33.1,55.9,47.0,52,0
2026-10-10T03:29:00,31.1,57.0,47.1,49,1
2026-10-10T03:30:00,29.1,55.5,46.9,61,1
2026-10-10T03:31:00,27.6,53.7,46.9,58,2
2026-10-10T03:32:00,34.1,54.2,47.2,63,1
2026-10-10T03:33:00,29.1,55.5,46.9,60,0
2026-10-10T03:34:00,29.0,54.9,47.0,52,0
2026-10-10T03:35:00,31.5,54.8,47.0,56,0
2026-10-10T03:36:00,31.6,56.0,46.9,57,0
2026-10-10T03:37:00,32.4,54.6,47.0,69,0
2026-10-10T03:38:00,27.6,54.0,47.0,66,0
2026-10-10T03:39:00,32.0,55.5,47.0,51,1
2026-10-10T03:40:00,28.9,53.4,46.9,38,1
2026-10-10T03:41:00,29.4,53.0,47.0,49,1
2026-10-10T03:42:00,35.1,53.6,47.0,74,0
2026-10-10T03:43:00,29.8,52.5,47.0,57,1
2026-10-10T03:44:00,34.4,54.3,47.0,61,0
2026-10-10T03:45:00,35.9,54.5,47.2,62,0
2026-10-10T03:46:00,33.8,53.8,47.1,63,0
2026-10-10T03:47:00,32.3,55.5,47.1,64,0
2026-10-10T03:48:00,28.2,55.0,47.1,62,0
2026-10-10T03:49:00,27.9,56.8,47.0,47,0
2026-10-10T03:50:00,38.5,54.1,46.8,57,1
2026-10-10T03:51:00,30.1,55.2,47.1,51,0
2026-10-10T03:52:00,30.1,56.3,47.0,64,0
2026-10-10T03:53:00,33.1,54.3,47.2,59,1
2026-10-10T03:54:00,27.1,56.4,46.9,59,1
2026-10-10T03:55:00,27.8,53.6,47.0,65,0
2026-10-10T03:56:00,37.1,55.6,47.1,57,0
2026-10-10T03:57:00,33.3,55.7,46.9,69,0
2026-10-10T03:58:00,30.8,54.9,46.9,66,0
2026-10-10T03:59:00,31.8,55.9,47.0,69,1
2026-10-10T04:00:00,33.1,54.9,47.0,59,1
2026-10-10T04:01:00,31.8,53.4,46.9,57,1
2026-10-10T04:02:00,31.4,55.6,47.1,65,0
2026-10-10T04:03:00,31.9,55.4,47.0,50,0
2026-10-10T04:04:00,29.5,54.7,46.8,64,1
2026-10-10T04:05:00,32.5,54.9,47.0,64,0
2026-10-10T04:06:00,30.6,54.8,47.1,58,2
2026-10-10T04:07:00,34.7,54.4,46.8,67,0
2026-10-10T04:08:00,30.1,55.0,47.1,63,2
2026-10-10T04:09:00,33.0,56.6,47.0,54,0
2026-10-10T04:10:00,29.9,53.3,47.1,64,0
2026-10-10T04:11:00,32.5,56.2,47.1,63,0
2026-10-10T04:12:00,34.1,54.5,47.0,52,1
2026-10-10T04:13:00,29.4,54.4,47.0,59,0
2026-10-10T04:14:00,32.9,55.5,47.1,58,1
2026-10-10T04:15:00,33.8,57.1,46.9,62,0
2026-10-10T04:16:00,30.6,56.3,47.1,67,2
2026-10-10T04:17:00,29.7,55.0,47.1,58,1
2026-10-10T04:18:00,31.0,54.1,47.2,56,0
2026-10-10T04:19:00,28.6,56.2,47.1,55,0
2026-10-10T04:20:00,33.0,54.4,46.9,62,0
2026-10-10T04:21:00,24.7,53.6,47.1,58,0
2026-10-10T04:22:00,28.5,56.6,47.1,53,0
2026-10-10T04:23:00,29.5,53.3,46.9,56,0
2026-10-10T04:24:00,27.2,54.5,47.1,60,0
2026-10-10T04:25:00,29.0,54.8,47.1,61,0
2026-10-10T04:26:00,33.9,54.5,47.0,60,0
2026-10-10T04:27:00,35.0,55.3,46.9,59,1
2026-10-10T04:28:00,31.7,55.7,47.0,62,0
2026-10-10T04:29:00,32.4,55.8,46.9,66,2
2026-10-10T04:30:00,30.8,53.1,47.1,59,1
2026-10-10T04:31:00,30.6,55.1,47.0,62,0
2026-10-10T04:32:00,32.9,55.6,47.0,63,0
2026-10-10T04:33:00,29.7,52.0,46.8,74,0
2026-10-10T04:34:00,32.8,54.5,47.0,63,0
2026-10-10T04:35:00,29.5,54.3,47.1,62,0
2026-10-10T04:36:00,33.5,55.9,47.1,55,0
2026-10-10T04:37:00,28.5,53.5,47.1,68,0
2026-10-10T04:38:00,29.1,56.0,46.9,66,0
2026-10-10T04:39:00,30.1,54.1,46.8,64,0
2026-10-10T04:40:00,27.1,55.4,46.9,50,1
2026-10-10T04:41:00,28.9,54.9,47.0,59,0
2026-10-10T04:42:00,30.7,56.0,47.3,60,0
2026-10-10T04:43:00,26.8,56.4,47.0,49,0
2026-10-10T04:44:00,29.7,55.2,47.0,50,1
2026-10-10T04:45:00,33.1,55.5,47.0,60,0
2026-10-10T04:46:00,29.8,54.6,47.0,70,0
2026-10-10T04:47:00,25.1,55.3,46.9,53,1
2026-10-10T04:48:00,28.7,54.8,46.8,55,2
2026-10-10T04:49:00,29.7,55.7,47.0,71,0
2026-10-10T04:50:00,30.7,56.5,46.9,55,1
2026-10-10T04:51:00,32.8,56.4,47.1,60,0
2026-10-10T04:52:00,34.2,55.5,46.9,61,1
2026-10-10T04:53:00,32.1,54.1,47.0,61,1
2026-10-10T04:54:00,33.7,53.6,47.0,51,3
2026-10-10T04:55:00,29.5,57.1,47.0,50,0
2026-10-10T04:56:00,32.2,55.3,47.0,65,0
2026-10-10T04:57:00,32.7,55.6,47.0,61,1
2026-10-10T04:58:00,33.8,54.4,47.1,49,1
2026-10-10T04:59:00,30.9,54.3,47.2,48,1
2026-10-10T05:00:00,29.9,54.3,47.0,53,0
2026-10-10T05:01:00,27.7,55.7,47.0,44,0
2026-10-10T05:02:00,31.7,54.5,47.1,65,0
2026-10-10T05:03:00,34.4,55.2,46.9,61,1
2026-10-10T05:04:00,33.6,54.3,46.9,55,2
2026-10-10T05:05:00,32.2,53.7,46.9,60,1
2026-10-10T05:06:00,32.9,55.7,47.0,50,2
2026-10-10T05:07:00,29.4,56.5,46.9,59,0
2026-10-10T05:08:00,33.4,54.5,47.0,64,0
2026-10-10T05:09:00,32.4,56.2,46.7,66,0
2026-10-10T05:10:00,32.7,54.7,46.9,61,1
2026-10-10T05:11:00,32.1,54.8,47.0,60,1
2026-10-10T05:12:00,25.7,57.3,47.0,66,0
2026-10-10T05:13:00,34.7,55.3,47.0,56,1
2026-10-10T05:14:00,30.5,53.8,46.9,60,0
2026-10-10T05:15:00,29.1,55.6,47.0,63,0
2026-10-10T05:16:00,35.9,55.3,47.1,71,0
2026-10-10T05:17:00,32.5,54.6,47.0,49,1
2026-10-10T05:18:00,32.5,54.1,47.0,63,0
2026-10-10T05:19:00,31.6,54.7,47.0,61,1
2026-10-10T05:20:00,33.6,56.6,46.8,65,1
2026-10-10T05:21:00,34.4,54.4,47.1,65,0
2026-10-10T05:22:00,25.9,55.1,47.2,50,1
2026-10-10T05:23:00,28.5,55.3,46.9,58,1
2026-10-10T05:24:00,28.6,54.3,47.0,50,0
2026-10-10T05:25:00,29.5,54.2,47.0,58,0
2026-10-10T05:26:00,32.7,55.6,46.9,61,0
2026-10-10T05:27:00,33.7,54.1,47.0,55,2
2026-10-10T05:28:00,29.9,56.3,47.0,65,0
2026-10-10T05:29:00,35.6,53.3,46.9,61,1
2026-10-10T05:30:00,33.0,53.7,47.1,59,1
2026-10-10T05:31:00,34.2,55.3,46.9,52,0
2026-10-10T05:32:00,26.3,55.5,47.1,63,0
2026-10-10T05:33:00,26.9,55.4,46.9,59,1
2026-10-10T05:34:00,35.8,53.9,46.8,57,0
2026-10-10T05:35:00,32.6,54.7,47.1,58,0
2026-10-10T05:36:00,29.7,55.5,46.9,48,1
2026-10-10T05:37:00,33.0,54.7,47.0,47,1
2026-10-10T05:38:00,37.4,56.1,47.1,56,0
2026-10-10T05:39:00,32.5,52.9,46.9,54,3
2026-10-10T05:40:00,30.7,54.6,46.9,56,0
2026-10-10T05:41:00,32.6,56.5,46.9,61,0
2026-10-10T05:42:00,28.6,55.7,46.8,60,1
2026-10-10T05:43:00,27.6,55.6,46.9,75,0
2026-10-10T05:44:00,30.1,54.3,47.0,59,1
2026-10-10T05:45:00,34.5,54.2,46.9,60,0
2026-10-10T05:46:00,33.9,55.1,47.0,57,1
2026-10-10T05:47:00,30.2,56.2,47.0,60,1
2026-10-10T05:48:00,34.5,57.0,46.9,55,1
2026-10-10T05:49:00,25.2,53.8,47.1,51,1
2026-10-10T05:50:00,33.8,54.7,46.9,55,1
2026-10-10T05:51:00,35.9,56.5,46.9,72,0
2026-10-10T05:52:00,25.6,56.6,47.1,71,1
2026-10-10T05:53:00,32.8,56.0,47.0,69,0
2026-10-10T05:54:00,32.1,57.7,47.0,58,0
2026-10-10T05:55:00,34.7,56.6,47.0,69,0
2026-10-10T05:56:00,32.8,54.9,47.0,61,0
2026-10-10T05:57:00,31.0,54.6,47.0,63,0
2026-10-10T05:58:00,29.9,57.0,46.9,53,0
2026-10-10T05:59:00,31.0,55.0,47.0,69,2
2026-10-10T06:00:00,29.7,55.3,47.0,68,1
2026-10-10T06:01:00,32.9,55.5,47.0,66,1
2026-10-10T06:02:00,33.6,56.3,47.0,61,0
2026-10-10T06:03:00,31.0,54.6,47.1,57,0
2026-10-10T06:04:00,29.1,53.6,47.0,70,1
2026-10-10T06:05:00,31.2,52.8,47.0,70,0
2026-10-10T06:06:00,33.5,55.3,46.9,67,0
2026-10-10T06:07:00,33.3,56.1,47.1,66,1
2026-10-10T06:08:00,31.3,54.7,46.9,61,0
2026-10-10T06:09:00,32.2,55.7,46.9,58,0
2026-10-10T06:10:00,33.7,54.3,46.9,67,0
2026-10-10T06:11:00,31.5,55.3,46.9,64,0
2026-10-10T06:12:00,30.6,53.5,46.9,57,0
2026-10-10T06:13:00,28.5,54.2,47.1,55,0
2026-10-10T06:14:00,29.4,54.4,46.9,45,0
2026-10-10T06:15:00,34.5,54.2,46.9,54,0
2026-10-10T06:16:00,29.0,54.5,47.0,52,2
2026-10-10T06:17:00,27.1,55.0,46.8,67,0
2026-10-10T06:18:00,31.1,55.0,47.1,64,1
2026-10-10T06:19:00,31.3,53.3,47.0,59,2
2026-10-10T06:20:00,35.9,53.6,47.0,64,0
2026-10-10T06:21:00,30.4,54.0,46.9,55,0
2026-10-10T06:22:00,33.9,54.8,47.0,64,1
2026-10-10T06:23:00,31.9,54.0,47.1,54,0
2026-10-10T06:24:00,29.6,55.6,47.0,66,2
2026-10-10T06:25:00,33.3,56.0,47.1,67,1
2026-10-10T06:26:00,32.7,53.1,46.9,53,0
2026-10-10T06:27:00,27.0,55.5,47.1,55,1
2026-10-10T06:28:00,35.2,55.6,47.0,61,0
2026-10-10T06:29:00,26.0,54.9,47.1,55,0
2026-10-10T06:30:00,33.2,55.0,46.9,74,0
2026-10-10T06:31:00,29.3,55.0,47.0,66,0
2026-10-10T06:32:00,30.7,56.3,46.9,60,0
2026-10-10T06:33:00,32.3,55.3,47.0,57,0
2026-10-10T06:34:00,35.4,54.3,46.9,63,0
2026-10-10T06:35:00,32.2,54.9,47.1,61,0
2026-10-10T06:36:00,34.6,53.2,47.1,64,1
2026-10-10T06:37:00,33.6,54.6,47.1,64,0
2026-10-10T06:38:00,30.6,54.9,47.0,52,2
2026-10-10T06:39:00,33.8,55.2,47.1,57,0
2026-10-10T06:40:00,27.1,55.1,47.0,60,2
2026-10-10T06:41:00,29.5,57.2,47.0,54,0
2026-10-10T06:42:00,30.2,55.3,46.8,61,0
2026-10-10T06:43:00,36.9,53.7,47.1,56,0
2026-10-10T06:44:00,29.3,55.1,47.0,70,1
2026-10-10T06:45:00,34.2,55.2,46.9,67,0
2026-10-10T06:46:00,27.2,55.1,47.0,60,0
2026-10-10T06:47:00,31.0,53.7,47.1,60,1
2026-10-10T06:48:00,27.7,55.7,47.0,64,0
2026-10-10T06:49:00,33.7,56.1,47.0,59,0
2026-10-10T06:50:00,30.4,53.8,46.9,57,0
2026-10-10T06:51:00,29.3,53.8,47.1,70,0
2026-10-10T06:52:00,32.3,55.0,46.9,63,3
2026-10-10T06:53:00,24.4,55.5,47.0,59,0
2026-10-10T06:54:00,24.6,55.2,47.1,66,2
2026-10-10T06:55:00,28.7,56.0,46.9,61,1
2026-10-10T06:56:00,30.6,57.1,47.0,59,1
2026-10-10T06:57:00,32.5,56.3,47.0,56,0
2026-10-10T06:58:00,31.4,54.5,47.2,63,1
2026-10-10T06:59:00,28.5,55.6,46.9,65,0
2026-10-10T07:00:00,32.2,54.5,47.0,64,0
2026-10-10T07:01:00,33.5,57.3,47.0,61,0
2026-10-10T07:02:00,31.4,55.5,47.0,61,1
2026-10-10T07:03:00,29.2,54.8,47.0,55,1
2026-10-10T07:04:00,32.8,55.4,46.9,61,0
2026-10-10T07:05:00,28.6,55.5,47.0,67,1
2026-10-10T07:06:00,31.9,55.6,47.0,59,0
2026-10-10T07:07:00,28.6,54.5,46.9,62,0
2026-10-10T07:08:00,31.8,55.6,46.8,56,0
2026-10-10T07:09:00,31.5,56.2,47.0,70,2
2026-10-10T07:10:00,26.4,56.7,47.0,57,0
2026-10-10T07:11:00,29.3,55.6,47.0,59,0
2026-10-10T07:12:00,29.8,53.1,47.0,52,1
2026-10-10T07:13:00,37.1,55.3,47.0,54,1
2026-10-10T07:14:00,27.8,55.9,47.0,57,1
2026-10-10T07:15:00,29.9,53.4,47.1,58,0
2026-10-10T07:16:00,30.2,54.7,46.8,55,0
2026-10-10T07:17:00,27.5,55.8,47.1,63,0
2026-10-10T07:18:00,33.2,57.7,47.1,54,1
2026-10-10T07:19:00,33.7,54.3,47.0,55,1
2026-10-10T07:20:00,28.5,56.3,46.9,49,0
2026-10-10T07:21:00,31.9,55.8,47.1,62,1
2026-10-10T07:22:00,32.1,55.9,46.9,51,0
2026-10-10T07:23:00,26.0,57.8,47.0,58,0
2026-10-10T07:24:00,34.4,53.9,46.9,69,0
2026-10-10T07:25:00,33.1,55.3,46.9,61,0
2026-10-10T07:26:00,30.5,54.9,47.0,67,3
2026-10-10T07:27:00,36.3,53.7,47.0,61,1
2026-10-10T07:28:00,31.4,54.9,47.0,57,1
2026-10-10T07:29:00,30.7,56.4,46.9,52,0
2026-10-10T07:30:00,29.3,55.2,47.0,60,0
2026-10-10T07:31:00,34.8,55.9,47.1,61,0
2026-10-10T07:32:00,32.7,53.3,46.9,65,2
2026-10-10T07:33:00,29.9,55.2,47.1,59,1
2026-10-10T07:34:00,32.5,55.0,47.1,67,0
2026-10-10T07:35:00,30.1,55.6,47.0,57,2
2026-10-10T07:36:00,30.2,55.5,46.9,62,0
2026-10-10T07:37:00,32.8,55.3,47.0,57,1
2026-10-10T07:38:00,33.5,54.5,46.9,58,1
2026-10-10T07:39:00,30.8,55.3,47.1,67,0
2026-10-10T07:40:00,30.3,55.0,47.0,54,1
2026-10-10T07:41:00,31.8,53.4,47.0,55,0
2026-10-10T07:42:00,33.6,56.1,47.0,65,0
2026-10-10T07:43:00,28.6,55.0,46.8,57,0
2026-10-10T07:44:00,30.7,55.4,46.9,57,0
2026-10-10T07:45:00,29.4,56.2,47.0,69,1
2026-10-10T07:46:00,29.4,53.8,47.0,66,0
2026-10-10T07:47:00,30.0,57.2,47.0,58,0
2026-10-10T07:48:00,33.4,56.0,47.1,65,0
2026-10-10T07:49:00,29.0,55.0,47.0,53,1
2026-10-10T07:50:00,26.5,54.4,46.9,66,0
2026-10-10T07:51:00,34.2,55.9,47.1,56,0
2026-10-10T07:52:00,32.2,54.8,47.0,66,0
2026-10-10T07:53:00,25.5,55.5,47.1,56,0
2026-10-10T07:54:00,30.4,54.8,46.9,57,0
2026-10-10T07:55:00,26.7,55.6,47.0,65,0
2026-10-10T07:56:00,32.3,52.7,47.1,59,2
2026-10-10T07:57:00,30.9,54.8,47.0,62,0
2026-10-10T07:58:00,29.8,55.7,47.1,62,1
2026-10-10T07:59:00,30.1,55.6,46.8,69,0
2026-10-10T08:00:00,30.9,54.2,46.9,59,0
2026-10-10T08:01:00,28.7,56.1,47.0,56,0
2026-10-10T08:02:00,29.8,54.4,47.0,56,0
2026-10-10T08:03:00,31.2,54.6,47.1,45,0
2026-10-10T08:04:00,28.7,52.0,46.8,65,1
2026-10-10T08:05:00,35.7,54.5,47.0,67,0
2026-10-10T08:06:00,31.2,55.0,47.0,54,0
2026-10-10T08:07:00,29.2,54.0,47.0,66,0
2026-10-10T08:08:00,27.9,53.7,47.0,63,0
2026-10-10T08:09:00,31.1,55.3,47.0,57,0
2026-10-10T08:10:00,35.3,55.5,47.1,59,0
2026-10-10T08:11:00,30.1,54.9,47.0,68,0
2026-10-10T08:12:00,33.1,54.1,46.9,56,1
2026-10-10T08:13:00,29.5,56.1,46.9,55,0
2026-10-10T08:14:00,35.4,54.8,47.0,71,0
2026-10-10T08:15:00,30.3,55.4,47.1,68,0
2026-10-10T08:16:00,26.3,54.5,47.1,58,0
2026-10-10T08:17:00,32.8,56.8,47.2,58,0
2026-10-10T08:18:00,31.7,54.4,46.8,51,2
2026-10-10T08:19:00,29.3,54.8,47.0,63,0
2026-10-10T08:20:00,37.1,52.8,47.0,72,0
2026-10-10T08:21:00,21.8,55.3,47.2,61,0
2026-10-10T08:22:00,31.8,55.3,46.9,59,1
2026-10-10T08:23:00,24.9,54.7,47.1,69,0
2026-10-10T08:24:00,30.2,55.3,47.1,60,0
2026-10-10T08:25:00,33.8,56.1,46.9,64,1
2026-10-10T08:26:00,24.0,55.0,46.8,42,2
2026-10-10T08:27:00,34.2,55.6,47.0,59,0
2026-10-10T08:28:00,37.1,57.1,47.0,53,0
2026-10-10T08:29:00,29.6,55.5,47.0,64,0
2026-10-10T08:30:00,33.1,53.1,46.9,55,0
2026-10-10T08:31:00,30.2,55.5,47.0,64,1
2026-10-10T08:32:00,29.3,54.4,47.0,51,2
2026-10-10T08:33:00,32.2,54.8,47.0,64,2
2026-10-10T08:34:00,26.1,55.5,46.9,48,0
2026-10-10T08:35:00,28.9,53.6,47.1,49,1
2026-10-10T08:36:00,38.2,56.9,47.0,60,0
2026-10-10T08:37:00,32.8,55.2,46.9,62,0
2026-10-10T08:38:00,28.4,54.1,47.0,65,1
2026-10-10T08:39:00,31.6,54.9,47.0,54,1
2026-10-10T08:40:00,24.1,55.6,47.0,64,1
2026-10-10T08:41:00,29.4,56.6,47.0,64,0
2026-10-10T08:42:00,30.9,54.4,47.3,62,2
2026-10-10T08:43:00,33.5,56.0,46.9,67,1
2026-10-10T08:44:00,26.7,55.1,47.0,58,0
2026-10-10T08:45:00,34.7,53.9,46.8,54,1
2026-10-10T08:46:00,29.7,54.6,46.9,62,1
2026-10-10T08:47:00,29.0,55.5,47.1,62,1
2026-10-10T08:48:00,36.1,53.2,47.0,55,0
2026-10-10T08:49:00,33.6,55.2,46.9,52,0
2026-10-10T08:50:00,28.7,55.0,46.9,64,1
2026-10-10T08:51:00,33.2,53.2,47.1,55,3
2026-10-10T08:52:00,30.8,55.1,46.8,50,0
2026-10-10T08:53:00,34.1,56.1,47.1,66,0
2026-10-10T08:54:00,34.0,56.2,47.1,61,0
2026-10-10T08:55:00,27.8,55.3,47.0,64,0
2026-10-10T08:56:00,33.5,55.7,47.1,64,0
2026-10-10T08:57:00,32.1,54.2,47.0,65,0
2026-10-10T08:58:00,30.2,55.4,47.1,64,0
2026-10-10T08:59:00,31.1,53.9,47.0,60,0
2026-10-10T09:00:00,29.5,57.6,47.0,56,1
2026-10-10T09:01:00,36.4,55.7,47.0,56,0
2026-10-10T09:02:00,32.3,55.9,46.7,61,2
2026-10-10T09:03:00,33.6,55.0,47.0,62,0
2026-10-10T09:04:00,31.8,53.0,46.9,48,0
2026-10-10T09:05:00,32.6,55.5,47.0,61,2
2026-10-10T09:06:00,34.5,55.6,47.1,58,0
2026-10-10T09:07:00,31.6,54.6,47.0,67,0
2026-10-10T09:08:00,33.1,54.9,47.2,59,0
2026-10-10T09:09:00,29.9,54.7,46.9,70,2
2026-10-10T09:10:00,32.1,53.4,46.9,52,1
2026-10-10T09:11:00,34.0,53.3,47.0,55,1
2026-10-10T09:12:00,28.4,56.4,47.1,59,1
2026-10-10T09:13:00,35.2,56.6,47.3,57,0
2026-10-10T09:14:00,34.6,57.1,47.0,66,2
2026-10-10T09:15:00,34.4,55.6,47.1,76,2
2026-10-10T09:16:00,29.2,54.8,47.2,68,1
2026-10-10T09:17:00,27.6,54.5,47.0,71,0
2026-10-10T09:18:00,32.8,54.0,47.0,48,1
2026-10-10T09:19:00,32.2,54.5,46.9,58,0
2026-10-10T09:20:00,31.5,55.0,47.1,56,1
2026-10-10T09:21:00,31.6,55.3,47.1,57,0
2026-10-10T09:22:00,34.7,55.5,47.1,61,0
2026-10-10T09:23:00,33.3,55.8,47.2,63,3
2026-10-10T09:24:00,32.9,54.9,47.0,60,0
2026-10-10T09:25:00,28.8,55.3,47.1,64,0
2026-10-10T09:26:00,32.8,54.8,47.1,68,0
2026-10-10T09:27:00,34.9,57.3,47.1,55,0
2026-10-10T09:28:00,32.2,55.6,47.0,42,0
2026-10-10T09:29:00,30.7,54.6,47.1,61,0
2026-10-10T09:30:00,30.8,56.3,47.1,54,1
2026-10-10T09:31:00,29.6,54.9,46.9,60,1
2026-10-10T09:32:00,25.3,54.1,47.1,55,0
2026-10-10T09:33:00,29.8,53.5,47.0,60,1
2026-10-10T09:34:00,27.9,55.1,47.1,53,0
2026-10-10T09:35:00,33.9,54.9,47.2,63,2
2026-10-10T09:36:00,33.0,55.7,46.9,65,0
2026-10-10T09:37:00,30.2,54.2,47.0,61,0
2026-10-10T09:38:00,30.4,56.2,47.1,57,1
2026-10-10T09:39:00,36.4,54.8,47.0,63,0
2026-10-10T09:40:00,35.8,53.5,46.9,61,0
2026-10-10T09:41:00,32.3,54.8,47.0,67,0
2026-10-10T09:42:00,31.5,54.2,47.0,49,0
2026-10-10T09:43:00,28.5,55.7,47.1,47,0
2026-10-10T09:44:00,31.7,53.4,46.9,62,0
2026-10-10T09:45:00,33.3,55.2,46.9,59,0
2026-10-10T09:46:00,33.2,54.9,47.0,51,0
2026-10-10T09:47:00,33.9,54.6,47.0,60,0
2026-10-10T09:48:00,29.0,54.8,47.0,57,1
2026-10-10T09:49:00,31.0,55.2,47.1,72,0
2026-10-10T09:50:00,28.4,53.5,46.8,64,0
2026-10-10T09:51:00,29.9,54.0,47.0,65,0
2026-10-10T09:52:00,32.3,54.1,47.0,69,0
2026-10-10T09:53:00,36.1,53.6,47.1,54,1
2026-10-10T09:54:00,30.0,55.4,46.8,45,1
2026-10-10T09:55:00,34.1,56.5,46.9,52,0
2026-10-10T09:56:00,33.1,54.9,46.9,59,1
2026-10-10T09:57:00,29.0,56.0,46.9,58,0
2026-10-10T09:58:00,35.3,54.2,46.8,50,0
2026-10-10T09:59:00,31.3,53.7,47.1,54,0
2026-10-10T10:00:00,33.1,55.7,46.9,63,1
2026-10-10T10:01:00,27.8,53.7,47.1,53,0
2026-10-10T10:02:00,31.1,54.4,47.2,58,3
2026-10-10T10:03:00,27.8,55.1,46.9,57,2
2026-10-10T10:04:00,30.7,56.3,47.1,58,1
2026-10-10T10:05:00,33.6,56.7,47.0,65,0
2026-10-10T10:06:00,30.6,54.6,47.2,49,2
2026-10-10T10:07:00,31.6,55.8,47.2,65,2
2026-10-10T10:08:00,31.1,55.9,47.1,58,0
2026-10-10T10:09:00,34.0,54.6,47.0,55,0
2026-10-10T10:10:00,28.6,55.8,47.1,55,2
2026-10-10T10:11:00,36.1,55.0,47.0,56,3
2026-10-10T10:12:00,35.3,54.3,46.9,64,0
2026-10-10T10:13:00,34.7,55.4,47.0,56,0
2026-10-10T10:14:00,29.0,55.6,47.0,66,0
2026-10-10T10:15:00,32.5,55.5,47.1,58,0
2026-10-10T10:16:00,30.7,54.5,46.9,55,1
2026-10-10T10:17:00,30.3,55.2,47.0,61,0
2026-10-10T10:18:00,33.3,54.0,47.2,68,1
2026-10-10T10:19:00,23.2,55.5,46.9,66,0
2026-10-10T10:20:00,25.8,54.9,47.1,62,1
2026-10-10T10:21:00,33.8,53.7,47.0,67,1
2026-10-10T10:22:00,34.2,54.5,46.9,64,1
2026-10-10T10:23:00,33.8,54.8,47.1,57,0
2026-10-10T10:24:00,25.6,54.5,46.9,56,1
2026-10-10T10:25:00,28.1,55.5,47.0,55,0
2026-10-10T10:26:00,27.1,52.0,47.0,64,0
2026-10-10T10:27:00,27.6,56.4,46.9,63,0
2026-10-10T10:28:00,32.3,56.5,47.0,59,1
2026-10-10T10:29:00,34.9,55.7,47.0,61,0
2026-10-10T10:30:00,34.3,54.3,46.9,54,1
2026-10-10T10:31:00,29.8,54.9,47.0,54,0
2026-10-10T10:32:00,32.7,53.4,47.0,66,1
2026-10-10T10:33:00,38.0,54.7,46.9,65,1
2026-10-10T10:34:00,31.0,53.2,47.1,71,0
2026-10-10T10:35:00,29.6,55.5,46.8,60,0
2026-10-10T10:36:00,28.5,55.5,47.0,66,0
2026-10-10T10:37:00,30.5,56.5,46.9,47,1
2026-10-10T10:38:00,34.9,55.0,46.8,60,0
2026-10-10T10:39:00,28.8,54.2,47.0,56,0
2026-10-10T10:40:00,33.3,54.9,46.9,54,0
2026-10-10T10:41:00,32.9,56.6,47.0,64,0
2026-10-10T10:42:00,28.3,55.0,47.0,55,2
2026-10-10T10:43:00,28.6,55.5,46.9,62,1
2026-10-10T10:44:00,26.7,55.6,47.0,64,2
2026-10-10T10:45:00,32.5,54.1,47.1,67,1
2026-10-10T10:46:00,29.8,55.1,47.0,67,0
2026-10-10T10:47:00,31.7,55.6,47.0,56,0
2026-10-10T10:48:00,29.5,56.8,46.9,60,1
2026-10-10T10:49:00,27.7,55.2,47.0,59,0
2026-10-10T10:50:00,33.8,53.4,47.0,65,0
2026-10-10T10:51:00,37.3,56.5,46.9,71,0
2026-10-10T10:52:00,35.1,54.7,46.9,59,0
2026-10-10T10:53:00,34.1,54.0,47.1,66,1
2026-10-10T10:54:00,31.9,55.6,47.2,59,0
2026-10-10T10:55:00,31.8,53.8,47.1,64,0
2026-10-10T10:56:00,24.4,55.2,46.8,60,1
2026-10-10T10:57:00,30.7,56.5,47.1,64,0
2026-10-10T10:58:00,26.8,55.8,47.0,61,0
2026-10-10T10:59:00,32.6,54.8,47.1,47,0
2026-10-10T11:00:00,35.6,56.3,47.0,65,0
2026-10-10T11:01:00,36.2,56.5,47.0,59,0
2026-10-10T11:02:00,30.3,56.7,47.2,60,1
2026-10-10T11:03:00,29.2,58.7,47.0,55,0
2026-10-10T11:04:00,30.4,56.6,47.0,62,1
2026-10-10T11:05:00,30.0,55.6,47.0,64,1
2026-10-10T11:06:00,33.1,53.5,47.0,53,0
2026-10-10T11:07:00,32.3,54.4,46.9,65,0
2026-10-10T11:08:00,29.6,54.2,47.0,51,0
2026-10-10T11:09:00,32.5,56.0,47.0,65,1
2026-10-10T11:10:00,25.7,55.2,46.9,74,2
2026-10-10T11:11:00,30.7,53.7,47.0,61,0
2026-10-10T11:12:00,29.8,54.1,46.8,57,0
2026-10-10T11:13:00,34.1,54.6,47.2,51,1
2026-10-10T11:14:00,32.5,54.1,47.0,63,1
2026-10-10T11:15:00,33.1,55.9,46.9,54,1
2026-10-10T11:16:00,25.4,55.4,47.0,64,2
2026-10-10T11:17:00,28.4,55.7,47.1,60,1
2026-10-10T11:18:00,37.2,55.8,47.2,68,2
2026-10-10T11:19:00,32.1,54.4,46.9,54,2
2026-10-10T11:20:00,30.7,55.5,47.0,58,0
2026-10-10T11:21:00,31.6,55.6,47.1,55,0
2026-10-10T11:22:00,32.2,55.0,47.0,52,1
2026-10-10T11:23:00,30.8,55.7,47.0,58,0
2026-10-10T11:24:00,33.2,55.5,47.0,51,0
2026-10-10T11:25:00,33.0,53.1,47.1,61,0
2026-10-10T11:26:00,29.9,57.0,47.0,61,0
2026-10-10T11:27:00,33.8,54.9,47.0,64,1
2026-10-10T11:28:00,29.1,56.4,47.1,64,1
2026-10-10T11:29:00,29.1,55.0,47.1,63,1
2026-10-10T11:30:00,27.9,56.1,47.0,59,1
2026-10-10T11:31:00,33.7,55.5,47.0,52,0
2026-10-10T11:32:00,30.0,56.4,47.1,63,2
2026-10-10T11:33:00,25.5,55.9,47.1,62,1
2026-10-10T11:34:00,31.2,55.1,47.0,48,1
2026-10-10T11:35:00,29.4,54.9,47.0,64,1
2026-10-10T11:36:00,31.4,54.1,47.1,56,1
2026-10-10T11:37:00,31.0,53.9,47.1,57,0
2026-10-10T11:38:00,32.2,54.3,47.0,56,0
2026-10-10T11:39:00,30.6,55.8,47.0,60,2
2026-10-10T11:40:00,32.6,53.7,47.1,60,0
2026-10-10T11:41:00,28.8,54.2,46.9,51,1
2026-10-10T11:42:00,29.0,55.1,47.0,59,0
2026-10-10T11:43:00,32.4,55.9,47.0,61,0
2026-10-10T11:44:00,32.7,56.1,47.0,52,0
2026-10-10T11:45:00,32.1,54.6,47.2,66,1
2026-10-10T11:46:00,29.2,55.8,47.0,60,1
2026-10-10T11:47:00,31.7,53.6,47.0,67,1
2026-10-10T11:48:00,32.1,55.7,46.9,70,0
2026-10-10T11:49:00,32.7,55.0,47.1,55,0
2026-10-10T11:50:00,32.3,55.3,47.1,67,2
2026-10-10T11:51:00,32.6,54.4,47.1,55,0
2026-10-10T11:52:00,29.5,53.8,47.0,64,1
2026-10-10T11:53:00,30.1,56.1,47.0,52,0
2026-10-10T11:54:00,32.6,54.5,47.0,63,1
2026-10-10T11:55:00,30.3,54.1,47.2,50,1
2026-10-10T11:56:00,30.8,55.1,46.8,55,1
2026-10-10T11:57:00,32.0,54.9,46.9,68,0
2026-10-10T11:58:00,30.3,54.6,47.1,57,0
2026-10-10T11:59:00,33.6,54.8,47.1,62,0
2026-10-10T12:00:00,30.2,54.9,47.0,67,0
2026-10-10T12:01:00,31.0,54.1,47.1,70,0
2026-10-10T12:02:00,33.3,55.2,46.9,65,0
2026-10-10T12:03:00,33.9,55.0,46.8,60,0
2026-10-10T12:04:00,31.1,54.3,47.1,73,2
2026-10-10T12:05:00,32.7,55.6,47.1,64,1
2026-10-10T12:06:00,27.6,54.3,47.3,62,0
2026-10-10T12:07:00,33.3,55.5,46.9,64,0
2026-10-10T12:08:00,35.1,54.6,47.1,56,1
2026-10-10T12:09:00,31.4,53.8,47.0,51,0
2026-10-10T12:10:00,30.5,53.8,47.0,57,2
2026-10-10T12:11:00,31.7,55.1,47.1,55,0
2026-10-10T12:12:00,31.7,54.3,46.9,54,0
2026-10-10T12:13:00,31.6,54.7,47.0,64,1
2026-10-10T12:14:00,30.9,54.5,47.1,69,0
2026-10-10T12:15:00,31.9,54.6,47.1,58,2
2026-10-10T12:16:00,33.0,54.6,47.2,65,1
2026-10-10T12:17:00,29.1,53.2,47.0,63,1
2026-10-10T12:18:00,34.3,55.9,47.0,61,0
2026-10-10T12:19:00,27.9,55.3,46.8,51,1
2026-10-10T12:20:00,31.0,55.3,47.1,62,0
2026-10-10T12:21:00,29.7,55.7,47.0,60,1
2026-10-10T12:22:00,32.1,55.5,47.0,60,1
2026-10-10T12:23:00,28.2,55.2,46.9,58,1
2026-10-10T12:24:00,28.7,54.1,47.0,57,1
2026-10-10T12:25:00,32.8,54.8,47.2,63,0
2026-10-10T12:26:00,27.8,55.1,47.0,63,1
2026-10-10T12:27:00,29.8,55.1,46.9,67,0
2026-10-10T12:28:00,37.1,55.2,47.0,67,0
2026-10-10T12:29:00,31.6,55.0,47.0,62,0
2026-10-10T12:30:00,35.8,53.7,47.2,53,1
2026-10-10T12:31:00,29.8,55.6,46.9,48,0
2026-10-10T12:32:00,34.9,54.5,47.1,66,2
2026-10-10T12:33:00,29.2,56.2,47.1,67,1
2026-10-10T12:34:00,34.5,54.5,47.0,52,0
2026-10-10T12:35:00,37.1,56.8,47.0,58,0
2026-10-10T12:36:00,33.5,53.5,46.9,63,0
2026-10-10T12:37:00,31.7,54.3,47.1,58,0
2026-10-10T12:38:00,26.3,53.0,47.0,56,3
2026-10-10T12:39:00,28.6,55.6,47.0,59,0
2026-10-10T12:40:00,31.5,55.1,47.0,49,0
2026-10-10T12:41:00,29.8,55.9,46.8,59,0
2026-10-10T12:42:00,28.4,55.3,46.9,53,0
2026-10-10T12:43:00,33.4,55.7,46.9,54,3
2026-10-10T12:44:00,29.5,54.3,47.0,62,1
2026-10-10T12:45:00,32.3,54.7,46.9,59,0
2026-10-10T12:46:00,30.8,55.9,47.0,63,0
2026-10-10T12:47:00,35.9,55.8,47.0,57,0
2026-10-10T12:48:00,23.8,54.3,47.1,52,0
2026-10-10T12:49:00,31.0,54.0,47.1,70,0
2026-10-10T12:50:00,30.6,54.0,47.0,54,0
2026-10-10T12:51:00,26.2,55.3,47.0,54,2
2026-10-10T12:52:00,31.5,52.9,46.9,57,1
2026-10-10T12:53:00,35.4,54.9,47.1,50,0
2026-10-10T12:54:00,25.1,55.7,47.0,52,1
2026-10-10T12:55:00,27.0,55.3,47.2,62,0
2026-10-10T12:56:00,33.1,55.8,46.8,51,1
2026-10-10T12:57:00,29.7,54.7,47.0,63,0
2026-10-10T12:58:00,31.9,56.8,47.0,62,0
2026-10-10T12:59:00,32.0,55.0,47.0,63,1
2026-10-10T13:00:00,29.6,54.2,47.1,55,0
2026-10-10T13:01:00,36.6,54.3,46.8,61,1
2026-10-10T13:02:00,34.0,57.2,46.9,53,1
2026-10-10T13:03:00,27.4,54.9,47.1,62,0
2026-10-10T13:04:00,32.6,54.0,47.1,61,2
2026-10-10T13:05:00,28.3,55.1,46.9,64,1
2026-10-10T13:06:00,26.8,55.8,46.9,60,0
2026-10-10T13:07:00,31.9,56.1,46.9,61,0
2026-10-10T13:08:00,30.1,55.0,46.9,49,1
2026-10-10T13:09:00,35.1,55.6,46.6,64,3
2026-10-10T13:10:00,30.5,53.4,46.9,69,0
2026-10-10T13:11:00,30.2,54.1,46.9,52,0
2026-10-10T13:12:00,28.1,56.5,47.1,60,0
2026-10-10T13:13:00,32.9,55.2,46.8,53,2
2026-10-10T13:14:00,34.2,53.0,46.9,60,1
2026-10-10T13:15:00,37.6,54.0,47.2,53,0
2026-10-10T13:16:00,31.5,55.2,46.9,56,3
2026-10-10T13:17:00,34.7,55.0,47.0,55,0
2026-10-10T13:18:00,30.1,55.0,46.9,68,1
2026-10-10T13:19:00,29.3,54.0,47.0,58,0
2026-10-10T13:20:00,27.9,54.5,46.8,46,1
2026-10-10T13:21:00,29.9,53.9,47.0,61,0
2026-10-10T13:22:00,31.9,54.7,47.1,57,0
2026-10-10T13:23:00,29.3,54.3,46.9,63,0
2026-10-10T13:24:00,31.9,55.4,47.1,67,1
2026-10-10T13:25:00,36.4,54.3,46.8,62,2
2026-10-10T13:26:00,34.1,53.3,46.9,60,1
2026-10-10T13:27:00,30.8,55.0,47.2,68,1
2026-10-10T13:28:00,29.1,54.9,47.0,54,0
2026-10-10T13:29:00,29.1,54.7,47.0,51,0
2026-10-10T13:30:00,29.1,56.3,46.7,55,1
2026-10-10T13:31:00,31.3,54.4,46.9,70,0
2026-10-10T13:32:00,34.8,54.7,46.9,64,0
2026-10-10T13:33:00,30.3,53.9,46.9,60,2
2026-10-10T13:34:00,29.6,54.1,47.0,62,2
2026-10-10T13:35:00,29.1,54.5,47.1,58,0
2026-10-10T13:36:00,25.3,54.7,46.9,56,0
2026-10-10T13:37:00,29.6,56.9,47.1,58,0
2026-10-10T13:38:00,31.8,54.4,47.1,55,1
2026-10-10T13:39:00,30.3,57.3,47.1,51,0
2026-10-10T13:40:00,32.9,55.6,47.1,65,2
2026-10-10T13:41:00,31.7,55.4,47.0,46,1
2026-10-10T13:42:00,34.6,57.3,47.2,64,0
2026-10-10T13:43:00,30.3,55.6,46.9,66,1
2026-10-10T13:44:00,32.5,55.4,46.8,53,1
2026-10-10T13:45:00,31.5,55.8,46.8,56,2
2026-10-10T13:46:00,33.9,54.4,47.1,61,1
2026-10-10T13:47:00,31.0,53.4,47.1,63,0
2026-10-10T13:48:00,32.9,54.1,46.8,55,0
2026-10-10T13:49:00,33.0,56.4,47.0,63,0
2026-10-10T13:50:00,32.2,56.8,47.0,56,1
2026-10-10T13:51:00,30.0,56.2,47.0,45,0
2026-10-10T13:52:00,29.2,53.9,47.1,68,0
2026-10-10T13:53:00,34.7,57.3,46.8,67,0
2026-10-10T13:54:00,34.3,55.8,47.0,66,1
2026-10-10T13:55:00,33.6,53.4,47.2,60,1
2026-10-10T13:56:00,30.4,53.7,47.1,65,1
2026-10-10T13:57:00,27.9,54.6,47.1,60,0
2026-10-10T13:58:00,33.8,55.8,47.0,63,1
2026-10-10T13:59:00,32.7,54.2,47.1,67,0
2026-10-10T14:00:00,28.0,56.9,47.2,71,0
2026-10-10T14:01:00,28.6,53.9,47.0,55,1
2026-10-10T14:02:00,31.7,55.6,47.1,71,0
2026-10-10T14:03:00,28.4,54.9,46.8,57,1
2026-10-10T14:04:00,30.4,53.7,47.1,68,1
2026-10-10T14:05:00,31.4,55.4,46.9,52,0
2026-10-10T14:06:00,30.7,54.5,47.1,55,1
2026-10-10T14:07:00,30.9,55.8,46.9,60,1
2026-10-10T14:08:00,36.7,54.9,47.0,57,1
2026-10-10T14:09:00,27.6,55.7,47.0,62,0
2026-10-10T14:10:00,30.7,54.9,47.0,66,0
2026-10-10T14:11:00,35.4,54.0,47.0,69,0
2026-10-10T14:12:00,36.4,53.7,47.0,68,0
2026-10-10T14:13:00,30.8,54.6,47.1,62,0
2026-10-10T14:14:00,36.4,56.3,47.0,63,1
2026-10-10T14:15:00,26.8,55.3,47.0,70,0
2026-10-10T14:16:00,31.9,55.7,46.9,62,1
2026-10-10T14:17:00,28.0,55.8,46.9,59,0
2026-10-10T14:18:00,36.8,57.4,46.9,63,0
2026-10-10T14:19:00,34.9,54.6,47.0,68,0
2026-10-10T14:20:00,34.1,54.1,46.9,64,0
2026-10-10T14:21:00,32.7,55.0,47.0,67,0
2026-10-10T14:22:00,26.6,53.4,47.0,57,1
2026-10-10T14:23:00,35.5,54.9,46.9,53,0
2026-10-10T14:24:00,30.4,54.3,46.9,67,0
2026-10-10T14:25:00,32.2,54.9,47.1,52,1
2026-10-10T14:26:00,28.0,56.1,47.1,68,0
2026-10-10T14:27:00,26.3,56.7,47.0,55,0
2026-10-10T14:28:00,26.4,55.7,47.1,66,2
2026-10-10T14:29:00,34.4,54.5,46.8,57,0
2026-10-10T14:30:00,31.7,55.1,47.0,62,0
2026-10-10T14:31:00,32.3,53.8,47.2,62,0
2026-10-10T14:32:00,34.3,54.6,47.2,67,1
2026-10-10T14:33:00,29.9,56.7,47.1,59,0
2026-10-10T14:34:00,35.9,54.9,47.0,44,0
2026-10-10T14:35:00,30.0,55.7,47.0,68,0
2026-10-10T14:36:00,33.2,56.1,47.0,49,2
2026-10-10T14:37:00,27.5,55.9,47.1,65,0
2026-10-10T14:38:00,30.8,55.8,47.0,57,0
2026-10-10T14:39:00,30.1,54.7,46.8,68,0
2026-10-10T14:40:00,33.0,55.1,47.0,57,0
2026-10-10T14:41:00,30.3,55.0,47.1,59,2
2026-10-10T14:42:00,34.3,53.6,47.1,76,1
2026-10-10T14:43:00,32.1,56.1,47.0,63,0
2026-10-10T14:44:00,25.0,56.9,47.0,58,0
2026-10-10T14:45:00,38.5,54.8,47.0,62,1
2026-10-10T14:46:00,27.3,55.9,46.8,57,2
2026-10-10T14:47:00,33.3,55.9,47.0,70,1
2026-10-10T14:48:00,33.9,56.0,47.0,61,0
2026-10-10T14:49:00,30.7,56.4,47.3,53,0
2026-10-10T14:50:00,26.2,54.0,47.0,52,0
2026-10-10T14:51:00,30.0,53.5,47.0,52,0
2026-10-10T14:52:00,28.1,55.2,46.8,58,0
2026-10-10T14:53:00,31.4,55.9,46.9,67,0
2026-10-10T14:54:00,24.0,54.7,47.2,58,0
2026-10-10T14:55:00,28.6,54.9,46.9,59,0
2026-10-10T14:56:00,28.4,55.5,47.1,53,0
2026-10-10T14:57:00,27.4,54.6,47.0,55,0
2026-10-10T14:58:00,28.0,55.1,46.9,64,1
2026-10-10T14:59:00,32.7,55.1,46.9,68,0
2026-10-10T15:00:00,34.8,56.2,47.2,63,1
2026-10-10T15:01:00,36.0,57.7,47.0,49,2
2026-10-10T15:02:00,33.7,55.8,46.9,68,0
2026-10-10T15:03:00,32.1,53.6,46.9,60,2
2026-10-10T15:04:00,36.2,56.7,47.1,63,0
2026-10-10T15:05:00,33.3,55.2,46.9,60,0
2026-10-10T15:06:00,26.6,53.4,47.0,57,0
2026-10-10T15:07:00,32.1,54.7,47.0,58,0
2026-10-10T15:08:00,34.4,54.8,47.0,57,0
2026-10-10T15:09:00,32.8,56.0,47.1,59,1
2026-10-10T15:10:00,31.8,55.3,46.9,63,0
2026-10-10T15:11:00,32.4,55.6,46.9,64,2
2026-10-10T15:12:00,30.9,54.8,47.1,60,1
2026-10-10T15:13:00,30.2,54.0,47.2,65,1
2026-10-10T15:14:00,32.9,54.6,47.0,65,0
2026-10-10T15:15:00,31.7,54.7,46.9,60,1
2026-10-10T15:16:00,24.1,54.5,47.1,54,0
2026-10-10T15:17:00,31.7,53.7,46.9,69,0
2026-10-10T15:18:00,31.9,53.4,46.8,46,0
2026-10-10T15:19:00,27.2,55.9,47.0,60,0
2026-10-10T15:20:00,30.0,56.3,47.1,63,1
2026-10-10T15:21:00,28.2,55.3,47.0,69,0
2026-10-10T15:22:00,28.3,54.1,47.1,61,2
2026-10-10T15:23:00,30.6,55.0,47.0,57,0
2026-10-10T15:24:00,30.6,55.1,47.0,67,1
2026-10-10T15:25:00,31.3,55.5,47.1,61,0
2026-10-10T15:26:00,34.1,56.4,47.0,60,2
2026-10-10T15:27:00,30.0,54.7,47.1,49,0
2026-10-10T15:28:00,31.4,52.5,47.0,55,1
2026-10-10T15:29:00,28.5,55.7,47.0,53,2
2026-10-10T15:30:00,27.8,55.5,47.2,57,1
2026-10-10T15:31:00,34.8,56.0,47.0,57,0
2026-10-10T15:32:00,32.8,55.5,46.9,62,0
2026-10-10T15:33:00,31.9,55.2,46.9,60,1
2026-10-10T15:34:00,31.5,54.4,47.0,61,0
2026-10-10T15:35:00,34.9,53.7,46.9,60,0
2026-10-10T15:36:00,29.8,55.8,46.9,60,0
2026-10-10T15:37:00,31.3,54.5,47.1,56,1
2026-10-10T15:38:00,29.8,53.4,46.9,58,0
2026-10-10T15:39:00,28.7,56.0,47.0,63,0
2026-10-10T15:40:00,25.6,54.7,47.0,57,0
2026-10-10T15:41:00,30.9,56.7,46.9,64,0
2026-10-10T15:42:00,36.8,54.3,47.1,65,0
2026-10-10T15:43:00,26.8,56.6,46.9,56,0
2026-10-10T15:44:00,35.6,53.7,47.2,54,0
2026-10-10T15:45:00,32.8,56.0,47.0,64,0
2026-10-10T15:46:00,31.8,54.9,46.9,62,0
2026-10-10T15:47:00,31.5,54.0,47.1,54,0
2026-10-10T15:48:00,34.3,55.5,46.9,68,0
2026-10-10T15:49:00,27.6,53.2,47.1,63,0
2026-10-10T15:50:00,33.2,57.3,46.9,65,0
2026-10-10T15:51:00,26.1,56.4,46.8,61,0
2026-10-10T15:52:00,27.5,54.5,46.9,60,0
2026-10-10T15:53:00,33.3,53.3,47.1,68,0
2026-10-10T15:54:00,28.8,55.4,47.1,60,0
2026-10-10T15:55:00,30.8,53.4,47.0,67,1
2026-10-10T15:56:00,33.3,55.0,47.0,53,0
2026-10-10T15:57:00,26.5,55.2,46.9,57,0
2026-10-10T15:58:00,31.6,55.1,46.9,68,0
2026-10-10T15:59:00,31.8,54.5,46.8,57,1
2026-10-10T16:00:00,31.4,55.5,47.0,72,2
2026-10-10T16:01:00,26.6,55.4,47.0,67,1
2026-10-10T16:02:00,31.7,54.6,47.1,61,0
2026-10-10T16:03:00,33.5,56.5,47.0,49,1
2026-10-10T16:04:00,29.4,54.4,46.8,64,0
2026-10-10T16:05:00,29.7,54.2,47.0,57,1
2026-10-10T16:06:00,29.1,54.7,47.0,75,2
2026-10-10T16:07:00,36.5,55.9,47.0,50,0
2026-10-10T16:08:00,31.4,55.2,46.9,51,0
2026-10-10T16:09:00,32.7,54.3,46.9,60,1
2026-10-10T16:10:00,30.2,56.3,47.0,57,0
2026-10-10T16:11:00,31.5,55.5,46.9,67,1
2026-10-10T16:12:00,34.5,56.3,47.0,63,2
2026-10-10T16:13:00,29.5,57.1,47.1,68,0
2026-10-10T16:14:00,33.2,53.2,47.0,50,1
2026-10-10T16:15:00,31.1,56.0,46.9,67,0
2026-10-10T16:16:00,34.2,56.1,46.9,66,1
2026-10-10T16:17:00,29.4,56.4,47.1,50,1
2026-10-10T16:18:00,32.8,55.3,46.9,59,0
2026-10-10T16:19:00,27.5,54.6,47.1,57,0
2026-10-10T16:20:00,31.1,55.6,46.8,67,1
2026-10-10T16:21:00,29.9,55.2,46.9,50,0
2026-10-10T16:22:00,32.0,54.2,47.1,58,0
2026-10-10T16:23:00,31.9,55.0,47.1,61,0
2026-10-10T16:24:00,34.1,54.7,47.1,61,0
2026-10-10T16:25:00,33.4,55.0,47.1,51,1
2026-10-10T16:26:00,36.3,57.5,47.2,61,0
2026-10-10T16:27:00,31.7,54.7,47.0,58,0
2026-10-10T16:28:00,31.0,53.8,46.8,59,0
2026-10-10T16:29:00,31.5,55.9,47.1,57,0
2026-10-10T16:30:00,25.2,56.6,46.8,55,0
2026-10-10T16:31:00,30.8,54.7,47.0,61,0
2026-10-10T16:32:00,29.7,55.6,46.9,62,0
2026-10-10T16:33:00,31.6,53.6,46.9,66,0
2026-10-10T16:34:00,30.4,54.2,46.9,69,2
2026-10-10T16:35:00,31.6,54.8,46.9,59,0
2026-10-10T16:36:00,32.5,55.0,46.9,60,2
2026-10-10T16:37:00,31.5,52.9,47.0,63,1
2026-10-10T16:38:00,29.9,54.5,47.1,62,0
2026-10-10T16:39:00,29.9,54.5,47.0,66,1
2026-10-10T16:40:00,32.0,55.2,47.0,69,2
2026-10-10T16:41:00,34.1,54.7,47.1,67,1
2026-10-10T16:42:00,28.0,54.4,46.9,60,1
2026-10-10T16:43:00,36.1,54.6,47.0,57,0
2026-10-10T16:44:00,30.1,53.3,46.9,55,1
2026-10-10T16:45:00,33.6,54.3,47.1,69,0
2026-10-10T16:46:00,35.9,56.6,47.0,63,0
2026-10-10T16:47:00,32.7,55.2,47.0,71,1
2026-10-10T16:48:00,32.1,54.2,47.0,66,0
2026-10-10T16:49:00,31.8,54.4,47.1,54,0
2026-10-10T16:50:00,29.5,54.8,46.9,49,1
2026-10-10T16:51:00,27.8,53.9,47.1,69,2
2026-10-10T16:52:00,28.9,54.4,47.0,60,1
2026-10-10T16:53:00,32.6,54.6,47.1,58,2
2026-10-10T16:54:00,30.2,56.1,47.0,63,0
2026-10-10T16:55:00,31.3,55.8,47.0,60,2
2026-10-10T16:56:00,29.0,54.1,47.0,50,0
2026-10-10T16:57:00,29.4,54.1,46.9,67,0
2026-10-10T16:58:00,29.8,52.8,47.1,62,1
2026-10-10T16:59:00,36.7,54.8,47.0,71,0
2026-10-10T17:00:00,30.8,56.6,47.0,71,1
2026-10-10T17:01:00,31.4,56.4,47.0,62,0
2026-10-10T17:02:00,32.8,53.0,46.9,61,1
2026-10-10T17:03:00,25.7,54.1,47.1,65,0
2026-10-10T17:04:00,31.7,54.2,47.1,54,1
2026-10-10T17:05:00,33.0,54.7,47.1,63,0
2026-10-10T17:06:00,32.3,54.8,47.0,60,0
2026-10-10T17:07:00,25.9,54.9,47.1,69,0
2026-10-10T17:08:00,30.2,56.2,47.1,56,1
2026-10-10T17:09:00,30.5,56.2,46.9,63,2
2026-10-10T17:10:00,26.9,55.5,47.0,61,1
2026-10-10T17:11:00,35.2,54.1,47.0,53,1
2026-10-10T17:12:00,30.0,54.1,46.9,67,2
2026-10-10T17:13:00,37.1,55.4,46.9,55,1
2026-10-10T17:14:00,31.2,56.1,47.1,65,0
2026-10-10T17:15:00,30.3,55.6,47.0,65,0
2026-10-10T17:16:00,26.5,53.9,47.1,53,0
2026-10-10T17:17:00,32.5,55.2,47.1,57,0
2026-10-10T17:18:00,27.9,55.2,46.9,54,2
2026-10-10T17:19:00,34.4,53.3,47.1,65,1
2026-10-10T17:20:00,32.2,56.9,46.9,59,2
2026-10-10T17:21:00,31.6,55.8,47.0,69,1
2026-10-10T17:22:00,31.9,54.5,47.0,70,1
2026-10-10T17:23:00,33.6,54.2,47.0,61,1
2026-10-10T17:24:00,31.1,55.7,47.0,56,1
2026-10-10T17:25:00,34.8,56.0,47.0,58,0
2026-10-10T17:26:00,29.0,55.4,47.1,60,0
2026-10-10T17:27:00,31.1,54.6,46.9,65,0
2026-10-10T17:28:00,32.4,53.7,47.1,48,0
2026-10-10T17:29:00,32.4,55.4,46.8,60,0
2026-10-10T17:30:00,32.2,54.4,47.0,66,0
2026-10-10T17:31:00,30.7,54.7,46.9,47,4
2026-10-10T17:32:00,32.9,55.9,47.0,56,2
2026-10-10T17:33:00,28.4,55.0,47.0,54,0
2026-10-10T17:34:00,31.5,54.8,47.2,55,1
2026-10-10T17:35:00,35.0,52.3,47.1,50,0
2026-10-10T17:36:00,31.2,55.4,47.0,67,2
2026-10-10T17:37:00,31.2,53.4,47.2,56,1
2026-10-10T17:38:00,28.0,54.7,46.8,62,1
2026-10-10T17:39:00,30.6,55.5,47.1,71,0
2026-10-10T17:40:00,29.0,55.6,47.2,56,0
2026-10-10T17:41:00,28.6,53.6,47.0,59,0
2026-10-10T17:42:00,31.7,55.7,47.0,56,0
2026-10-10T17:43:00,31.1,56.7,46.9,54,1
2026-10-10T17:44:00,34.1,54.6,47.0,61,0
2026-10-10T17:45:00,34.6,54.1,47.0,55,0
2026-10-10T17:46:00,29.5,55.5,47.1,58,0
2026-10-10T17:47:00,28.8,55.0,47.0,60,1
2026-10-10T17:48:00,29.6,55.5,47.2,63,0
2026-10-10T17:49:00,33.1,55.3,46.9,55,0
2026-10-10T17:50:00,32.2,56.9,47.0,62,0
2026-10-10T17:51:00,29.5,54.9,46.9,58,0
2026-10-10T17:52:00,29.3,54.5,47.0,58,1
2026-10-10T17:53:00,34.3,55.2,46.9,50,1
2026-10-10T17:54:00,28.8,53.8,47.0,60,2
2026-10-10T17:55:00,27.2,54.2,46.8,48,0
2026-10-10T17:56:00,30.9,55.2,47.0,59,2
2026-10-10T17:57:00,28.0,53.8,47.0,64,0
2026-10-10T17:58:00,33.5,55.9,47.0,48,0
2026-10-10T17:59:00,28.7,56.0,47.1,55,0
2026-10-10T18:00:00,34.8,53.9,47.0,44,0
2026-10-10T18:01:00,34.4,54.7,46.9,59,1
2026-10-10T18:02:00,31.6,54.2,47.0,73,1
2026-10-10T18:03:00,35.1,56.5,46.9,61,0
2026-10-10T18:04:00,35.0,53.9,47.0,56,1
2026-10-10T18:05:00,25.3,54.1,47.0,67,0
2026-10-10T18:06:00,30.7,54.7,46.9,58,0
2026-10-10T18:07:00,31.3,52.5,46.9,60,2
2026-10-10T18:08:00,31.3,56.0,47.0,44,1
2026-10-10T18:09:00,32.2,55.4,47.0,60,1
2026-10-10T18:10:00,28.8,58.3,46.9,51,1
2026-10-10T18:11:00,32.2,53.1,47.0,54,0
2026-10-10T18:12:00,35.7,54.9,47.0,58,0
2026-10-10T18:13:00,33.4,53.9,47.0,57,0
2026-10-10T18:14:00,28.4,55.5,47.3,56,0
2026-10-10T18:15:00,29.6,53.8,46.8,47,1
2026-10-10T18:16:00,26.2,54.0,47.0,59,1
2026-10-10T18:17:00,27.4,53.7,46.9,70,1
2026-10-10T18:18:00,31.6,56.7,46.9,65,0
2026-10-10T18:19:00,34.0,54.6,47.0,59,0
2026-10-10T18:20:00,34.6,55.0,46.8,58,1
2026-10-10T18:21:00,30.7,55.1,47.0,61,0
2026-10-10T18:22:00,33.2,54.8,47.0,77,0
2026-10-10T18:23:00,31.6,55.1,47.0,60,1
2026-10-10T18:24:00,33.9,55.1,47.0,67,0
2026-10-10T18:25:00,28.5,55.6,47.2,50,2
2026-10-10T18:26:00,30.4,54.2,47.3,57,0
2026-10-10T18:27:00,29.3,54.2,46.9,56,0
2026-10-10T18:28:00,32.4,56.5,47.0,62,1
2026-10-10T18:29:00,28.1,54.7,47.1,66,0
2026-10-10T18:30:00,27.6,53.8,47.0,58,1
2026-10-10T18:31:00,31.5,54.3,47.0,63,0
2026-10-10T18:32:00,26.5,55.1,47.0,53,0
2026-10-10T18:33:00,27.8,55.0,47.1,68,1
2026-10-10T18:34:00,25.9,54.6,46.9,61,0
2026-10-10T18:35:00,36.1,56.2,47.0,70,0
2026-10-10T18:36:00,29.4,53.9,46.9,48,1
2026-10-10T18:37:00,31.7,56.6,46.9,62,0
2026-10-10T18:38:00,29.7,53.2,47.0,63,1
2026-10-10T18:39:00,35.6,55.1,46.9,67,1
2026-10-10T18:40:00,29.1,56.5,47.0,54,0
2026-10-10T18:41:00,29.9,56.7,47.0,62,2
2026-10-10T18:42:00,31.9,57.0,47.0,68,0
2026-10-10T18:43:00,29.3,53.9,47.1,70,0
2026-10-10T18:44:00,28.0,54.7,47.0,67,0
2026-10-10T18:45:00,31.8,55.2,46.7,52,1
2026-10-10T18:46:00,35.3,54.2,47.0,65,0
2026-10-10T18:47:00,31.9,56.6,47.0,54,0
2026-10-10T18:48:00,34.8,52.6,47.1,64,0
2026-10-10T18:49:00,28.6,54.6,47.0,51,1
2026-10-10T18:50:00,38.2,56.5,47.2,62,0
2026-10-10T18:51:00,30.3,55.3,47.0,64,0
2026-10-10T18:52:00,34.9,55.7,47.1,64,2
2026-10-10T18:53:00,31.6,56.4,47.1,53,1
2026-10-10T18:54:00,30.1,54.7,46.9,52,0
2026-10-10T18:55:00,29.1,55.3,46.9,60,0
2026-10-10T18:56:00,31.7,54.4,46.9,64,1
2026-10-10T18:57:00,29.0,55.6,47.0,59,0
2026-10-10T18:58:00,29.5,54.4,46.9,60,2
2026-10-10T18:59:00,30.3,55.8,47.0,59,1
2026-10-10T19:00:00,26.5,55.4,47.1,54,2
2026-10-10T19:01:00,26.5,54.4,46.9,60,0
2026-10-10T19:02:00,31.3,54.5,47.2,64,0
2026-10-10T19:03:00,30.3,54.8,47.0,77,0
2026-10-10T19:04:00,32.4,52.9,47.1,61,0
2026-10-10T19:05:00,29.4,54.7,47.1,69,0
2026-10-10T19:06:00,33.1,55.5,47.0,65,0
2026-10-10T19:07:00,31.3,54.1,47.0,62,0
2026-10-10T19:08:00,32.1,57.0,47.0,58,0
2026-10-10T19:09:00,34.4,56.2,47.1,71,1
2026-10-10T19:10:00,32.5,55.5,46.9,60,0
2026-10-10T19:11:00,28.7,55.5,47.0,66,0
2026-10-10T19:12:00,24.6,54.7,47.1,65,1
2026-10-10T19:13:00,32.7,54.3,46.9,65,2
2026-10-10T19:14:00,28.9,54.6,46.9,62,1
2026-10-10T19:15:00,28.4,55.4,47.2,62,2
2026-10-10T19:16:00,29.8,55.0,46.9,65,0
2026-10-10T19:17:00,29.5,55.0,47.0,62,2
2026-10-10T19:18:00,23.4,55.7,47.1,63,0
2026-10-10T19:19:00,33.4,55.6,47.0,57,1
2026-10-10T19:20:00,31.3,54.9,47.1,51,0
2026-10-10T19:21:00,34.7,54.3,46.9,69,0
2026-10-10T19:22:00,29.7,54.7,46.9,60,0
2026-10-10T19:23:00,28.9,56.2,47.1,55,0
2026-10-10T19:24:00,30.3,55.2,47.0,61,1
2026-10-10T19:25:00,29.9,54.4,47.0,58,1
2026-10-10T19:26:00,33.8,54.7,47.0,60,1
2026-10-10T19:27:00,29.5,58.2,47.0,67,1
2026-10-10T19:28:00,29.0,55.2,47.0,61,2
2026-10-10T19:29:00,28.4,56.7,47.1,57,1
2026-10-10T19:30:00,27.6,54.8,47.0,61,0
2026-10-10T19:31:00,29.1,55.1,47.1,64,0
2026-10-10T19:32:00,28.8,54.7,47.0,54,1
2026-10-10T19:33:00,30.9,55.1,46.9,57,0
2026-10-10T19:34:00,28.8,54.5,47.1,56,1
2026-10-10T19:35:00,32.0,54.8,47.1,64,0
2026-10-10T19:36:00,30.3,54.4,47.1,54,0
2026-10-10T19:37:00,30.8,54.5,46.8,60,0
2026-10-10T19:38:00,27.1,56.8,47.0,51,0
2026-10-10T19:39:00,34.6,53.9,47.0,51,0
2026-10-10T19:40:00,31.7,53.7,46.9,69,0
2026-10-10T19:41:00,26.1,55.1,47.0,62,0
2026-10-10T19:42:00,32.4,55.3,47.0,56,0
2026-10-10T19:43:00,30.3,55.9,47.0,64,1
2026-10-10T19:44:00,32.2,55.0,47.0,54,1
2026-10-10T19:45:00,30.9,57.9,47.0,50,1
2026-10-10T19:46:00,33.4,53.3,46.9,58,2
2026-10-10T19:47:00,33.3,55.7,47.3,55,1
2026-10-10T19:48:00,29.6,55.7,47.1,40,1
2026-10-10T19:49:00,30.0,55.1,47.1,67,0
2026-10-10T19:50:00,32.3,52.9,47.0,67,0
2026-10-10T19:51:00,31.6,54.5,47.0,59,0
2026-10-10T19:52:00,29.7,56.2,47.0,53,1
2026-10-10T19:53:00,33.4,56.2,47.0,64,1
2026-10-10T19:54:00,28.2,55.7,46.9,47,0
2026-10-10T19:55:00,27.9,55.6,47.2,58,0
2026-10-10T19:56:00,24.8,53.7,47.0,62,0
2026-10-10T19:57:00,29.7,55.5,46.9,72,0
2026-10-10T19:58:00,30.0,55.9,47.0,48,0
2026-10-10T19:59:00,35.1,56.1,47.0,51,2
2026-10-10T20:00:00,31.0,53.9,47.0,58,0
2026-10-10T20:01:00,28.0,56.5,47.0,55,2
2026-10-10T20:02:00,31.0,54.6,47.0,61,0
2026-10-10T20:03:00,31.8,52.9,47.2,70,1
2026-10-10T20:04:00,31.9,55.1,47.1,47,0
2026-10-10T20:05:00,35.0,54.2,47.0,60,1
2026-10-10T20:06:00,33.0,55.7,47.0,60,0
2026-10-10T20:07:00,29.9,52.8,47.1,71,0
2026-10-10T20:08:00,33.0,55.6,47.2,62,0
2026-10-10T20:09:00,30.5,56.4,47.1,70,0
2026-10-10T20:10:00,30.7,54.2,47.0,52,1
2026-10-10T20:11:00,33.3,58.0,46.9,65,0
2026-10-10T20:12:00,35.0,56.0,47.1,73,0
2026-10-10T20:13:00,29.5,54.4,47.0,53,0
2026-10-10T20:14:00,25.9,54.8,47.1,49,0
2026-10-10T20:15:00,28.0,56.8,47.0,59,0
2026-10-10T20:16:00,23.3,55.6,47.0,65,0
2026-10-10T20:17:00,32.2,54.3,46.9,64,0
2026-10-10T20:18:00,26.7,55.1,47.0,58,0
2026-10-10T20:19:00,30.7,55.4,47.0,63,1
2026-10-10T20:20:00,30.5,52.6,46.9,52,0
2026-10-10T20:21:00,29.5,53.9,47.1,49,0
2026-10-10T20:22:00,28.3,54.3,47.0,52,0
2026-10-10T20:23:00,30.9,56.1,47.0,58,1
2026-10-10T20:24:00,31.6,56.5,47.2,63,0
2026-10-10T20:25:00,29.9,55.8,47.1,58,1
2026-10-10T20:26:00,27.3,55.2,46.9,60,0
2026-10-10T20:27:00,29.6,54.8,47.0,67,0
2026-10-10T20:28:00,30.8,56.4,46.9,69,2
2026-10-10T20:29:00,33.1,53.9,47.2,66,2
2026-10-10T20:30:00,32.6,54.3,47.0,59,0
2026-10-10T20:31:00,32.1,55.5,47.0,59,1
2026-10-10T20:32:00,32.4,53.8,47.2,61,1
2026-10-10T20:33:00,26.7,56.1,47.2,56,0
2026-10-10T20:34:00,28.6,54.5,47.0,74,0
2026-10-10T20:35:00,27.7,54.5,47.0,58,0
2026-10-10T20:36:00,32.3,55.9,47.1,71,0
2026-10-10T20:37:00,32.6,56.1,47.0,66,0
2026-10-10T20:38:00,34.5,52.8,47.0,59,0
2026-10-10T20:39:00,35.6,53.1,47.1,62,0
2026-10-10T20:40:00,28.8,54.9,47.0,61,0
2026-10-10T20:41:00,33.5,55.4,47.1,58,0
2026-10-10T20:42:00,29.8,55.9,46.8,54,1
2026-10-10T20:43:00,31.1,54.7,46.9,66,0
2026-10-10T20:44:00,29.2,53.8,46.9,71,0
2026-10-10T20:45:00,36.6,54.8,47.0,57,0
2026-10-10T20:46:00,24.5,57.5,47.1,63,1
2026-10-10T20:47:00,35.4,54.8,47.0,54,1
2026-10-10T20:48:00,30.6,55.1,47.0,65,0
2026-10-10T20:49:00,33.3,55.1,47.0,61,0
2026-10-10T20:50:00,35.0,56.2,47.1,63,1
2026-10-10T20:51:00,31.8,54.2,46.9,57,0
2026-10-10T20:52:00,32.5,55.1,47.0,58,0
2026-10-10T20:53:00,28.6,55.7,47.1,58,1
2026-10-10T20:54:00,38.5,56.2,47.1,52,0
2026-10-10T20:55:00,29.2,55.0,46.9,51,2
2026-10-10T20:56:00,33.7,53.2,46.9,62,1
2026-10-10T20:57:00,30.3,54.4,47.0,71,2
2026-10-10T20:58:00,29.9,55.4,47.0,67,0
2026-10-10T20:59:00,33.3,53.9,47.1,60,0
2026-10-10T21:00:00,32.4,54.5,46.9,64,1
2026-10-10T21:01:00,28.1,55.1,47.1,57,0
2026-10-10T21:02:00,29.3,53.0,47.0,59,1
2026-10-10T21:03:00,28.8,55.9,47.0,55,0
2026-10-10T21:04:00,30.1,54.8,46.9,55,0
2026-10-10T21:05:00,35.2,55.4,47.0,55,0
2026-10-10T21:06:00,31.2,54.6,47.1,65,2
2026-10-10T21:07:00,34.2,55.7,46.9,63,1
2026-10-10T21:08:00,31.4,57.3,47.1,51,0
2026-10-10T21:09:00,34.3,53.9,47.1,63,2
2026-10-10T21:10:00,31.9,55.2,47.0,56,1
2026-10-10T21:11:00,32.3,55.5,46.9,61,0
2026-10-10T21:12:00,27.7,52.5,47.0,60,0
2026-10-10T21:13:00,32.4,55.7,47.0,71,1
2026-10-10T21:14:00,34.5,54.3,47.0,58,1
2026-10-10T21:15:00,33.3,55.9,46.8,64,0
2026-10-10T21:16:00,32.1,55.0,47.2,50,0
2026-10-10T21:17:00,27.8,53.0,47.1,65,0
2026-10-10T21:18:00,29.1,55.6,47.1,62,1
2026-10-10T21:19:00,28.2,56.3,47.1,66,0
2026-10-10T21:20:00,34.5,56.2,47.0,57,0
2026-10-10T21:21:00,34.6,53.8,46.9,54,1
2026-10-10T21:22:00,29.5,55.7,47.1,55,1
2026-10-10T21:23:00,31.7,56.5,46.9,66,0
2026-10-10T21:24:00,28.0,55.2,47.0,57,1
2026-10-10T21:25:00,34.4,57.0,46.9,64,1
2026-10-10T21:26:00,32.9,54.9,47.2,49,0
2026-10-10T21:27:00,29.9,54.2,47.1,55,0
2026-10-10T21:28:00,33.8,55.1,46.9,54,1
2026-10-10T21:29:00,33.4,52.8,47.1,53,0
2026-10-10T21:30:00,29.6,55.1,47.1,50,0
2026-10-10T21:31:00,28.8,53.3,47.0,62,1
2026-10-10T21:32:00,32.5,55.1,46.9,62,0
2026-10-10T21:33:00,34.4,54.2,47.1,53,1
2026-10-10T21:34:00,32.1,56.5,47.2,54,0
2026-10-10T21:35:00,27.9,55.7,47.1,62,0
2026-10-10T21:36:00,26.9,56.3,46.8,57,0
2026-10-10T21:37:00,30.8,54.2,47.0,62,1
2026-10-10T21:38:00,30.1,54.4,47.1,64,1
2026-10-10T21:39:00,33.5,55.4,47.1,48,0
2026-10-10T21:40:00,26.2,55.4,47.0,57,0
2026-10-10T21:41:00,35.2,56.2,47.0,64,0
2026-10-10T21:42:00,28.3,54.7,47.0,66,0
2026-10-10T21:43:00,31.6,54.3,47.1,69,0
2026-10-10T21:44:00,30.3,54.0,47.0,50,0
2026-10-10T21:45:00,29.3,55.8,47.0,65,0
2026-10-10T21:46:00,30.4,55.9,47.2,53,1
2026-10-10T21:47:00,37.0,54.9,46.9,63,0
2026-10-10T21:48:00,35.6,54.6,47.1,66,0
2026-10-10T21:49:00,26.3,54.4,47.1,58,1
2026-10-10T21:50:00,31.7,56.1,47.0,56,0
2026-10-10T21:51:00,35.8,54.5,46.9,58,0
2026-10-10T21:52:00,31.2,53.3,47.1,71,0
2026-10-10T21:53:00,31.1,56.4,47.2,60,2
2026-10-10T21:54:00,29.6,57.0,46.9,55,0
2026-10-10T21:55:00,33.2,56.4,46.9,50,0
2026-10-10T21:56:00,34.0,56.1,47.1,62,0
2026-10-10T21:57:00,34.7,56.0,47.0,49,1
2026-10-10T21:58:00,31.3,55.8,46.9,62,1
2026-10-10T21:59:00,30.8,55.3,46.8,61,0
2026-10-10T22:00:00,31.4,53.7,47.0,62,0
2026-10-10T22:01:00,29.5,55.1,46.8,59,1
2026-10-10T22:02:00,27.2,55.2,47.0,60,0
2026-10-10T22:03:00,33.3,53.9,46.8,73,0
2026-10-10T22:04:00,36.5,55.7,47.0,55,0
2026-10-10T22:05:00,31.7,54.0,47.1,67,2
2026-10-10T22:06:00,31.5,54.3,46.8,48,2
2026-10-10T22:07:00,30.1,54.6,47.1,61,0
2026-10-10T22:08:00,30.3,55.7,46.9,51,1
2026-10-10T22:09:00,36.5,54.8,47.0,55,1
2026-10-10T22:10:00,27.3,55.9,47.0,58,2
2026-10-10T22:11:00,34.5,53.6,47.0,63,2
2026-10-10T22:12:00,31.0,54.3,47.1,59,0
2026-10-10T22:13:00,35.4,55.9,47.0,56,0
2026-10-10T22:14:00,28.3,54.3,47.1,54,0
2026-10-10T22:15:00,32.2,54.6,47.1,57,0
2026-10-10T22:16:00,35.4,53.6,46.9,59,0
2026-10-10T22:17:00,35.7,57.1,47.0,57,0
2026-10-10T22:18:00,32.4,55.1,47.1,62,0
2026-10-10T22:19:00,31.1,55.1,46.8,60,0
2026-10-10T22:20:00,27.6,56.3,47.0,56,1
2026-10-10T22:21:00,35.2,54.4,46.9,52,2
2026-10-10T22:22:00,30.2,55.0,46.9,59,1
2026-10-10T22:23:00,30.9,54.8,47.0,64,1
2026-10-10T22:24:00,27.1,54.4,46.8,61,0
2026-10-10T22:25:00,33.6,56.1,46.9,63,1
2026-10-10T22:26:00,27.6,55.8,46.9,55,0
2026-10-10T22:27:00,30.6,54.0,47.0,65,0
2026-10-10T22:28:00,30.4,56.4,47.0,59,1
2026-10-10T22:29:00,32.6,55.4,47.0,63,2
2026-10-10T22:30:00,31.8,54.4,47.0,50,0
2026-10-10T22:31:00,29.8,55.6,47.0,51,0
2026-10-10T22:32:00,32.5,54.3,46.8,55,1
2026-10-10T22:33:00,34.4,56.3,46.9,57,1
2026-10-10T22:34:00,34.1,54.8,47.0,65,1
2026-10-10T22:35:00,31.9,54.5,47.1,60,0
2026-10-10T22:36:00,29.6,55.0,47.0,51,0
2026-10-10T22:37:00,27.9,54.0,47.2,54,2
2026-10-10T22:38:00,34.9,56.0,47.0,57,1
2026-10-10T22:39:00,30.6,55.1,47.1,59,0
2026-10-10T22:40:00,29.3,56.2,47.0,64,0
2026-10-10T22:41:00,32.1,54.6,47.0,59,0
2026-10-10T22:42:00,30.6,54.1,47.1,56,0
2026-10-10T22:43:00,34.2,54.1,47.1,62,0
2026-10-10T22:44:00,32.4,53.6,47.2,55,0
2026-10-10T22:45:00,34.8,56.1,46.9,68,1
2026-10-10T22:46:00,37.2,54.3,47.1,62,0
2026-10-10T22:47:00,29.8,55.3,46.9,67,0
2026-10-10T22:48:00,24.6,53.0,47.0,62,0
2026-10-10T22:49:00,29.2,54.2,47.1,58,1
2026-10-10T22:50:00,27.7,56.0,47.0,51,1
2026-10-10T22:51:00,32.3,55.5,46.9,48,2
2026-10-10T22:52:00,29.1,54.8,46.9,63,1
2026-10-10T22:53:00,35.0,56.2,46.9,63,0
2026-10-10T22:54:00,32.4,54.1,46.9,59,1
2026-10-10T22:55:00,32.0,54.9,47.1,61,0
2026-10-10T22:56:00,31.2,56.6,47.1,54,2
2026-10-10T22:57:00,33.4,56.2,47.1,52,0
2026-10-10T22:58:00,26.7,54.8,47.0,62,2
2026-10-10T22:59:00,32.1,54.0,46.9,44,1
2026-10-10T23:00:00,25.0,55.6,46.9,56,0
2026-10-10T23:01:00,30.1,54.3,47.0,54,1
2026-10-10T23:02:00,30.2,54.9,46.9,61,0
2026-10-10T23:03:00,34.7,54.8,46.9,65,0
2026-10-10T23:04:00,31.8,55.0,47.0,66,0
2026-10-10T23:05:00,32.7,56.6,47.1,56,0
2026-10-10T23:06:00,31.8,55.2,46.9,57,0
2026-10-10T23:07:00,35.5,54.9,47.0,56,1
2026-10-10T23:08:00,28.5,55.6,47.1,58,0
2026-10-10T23:09:00,28.5,54.0,46.9,66,0
2026-10-10T23:10:00,27.3,54.3,47.2,62,0
2026-10-10T23:11:00,30.3,55.4,47.0,71,1
2026-10-10T23:12:00,28.8,54.3,47.0,55,0
2026-10-10T23:13:00,30.7,54.6,47.1,69,1
2026-10-10T23:14:00,30.3,54.6,46.9,58,2
2026-10-10T23:15:00,27.3,52.8,47.1,48,1
2026-10-10T23:16:00,28.8,53.1,46.9,65,1
2026-10-10T23:17:00,30.8,57.0,46.9,60,2
2026-10-10T23:18:00,28.6,55.3,47.1,63,0
2026-10-10T23:19:00,29.7,55.6,47.2,47,1
2026-10-10T23:20:00,30.5,54.3,46.8,61,0
2026-10-10T23:21:00,36.5,55.5,47.1,59,0
2026-10-10T23:22:00,32.3,54.6,47.1,66,0
2026-10-10T23:23:00,30.1,54.0,46.9,60,1
2026-10-10T23:24:00,28.7,55.1,46.9,67,0
2026-10-10T23:25:00,35.7,56.0,47.0,58,0
2026-10-10T23:26:00,32.9,55.3,47.0,68,1
2026-10-10T23:27:00,34.5,56.2,47.0,60,0
2026-10-10T23:28:00,30.7,54.7,47.0,55,1
2026-10-10T23:29:00,36.4,55.5,47.1,64,0
2026-10-10T23:30:00,30.1,55.4,46.9,64,0
2026-10-10T23:31:00,27.5,55.7,46.8,59,1
2026-10-10T23:32:00,30.2,55.3,46.9,63,1
2026-10-10T23:33:00,32.8,54.0,47.1,56,0
2026-10-10T23:34:00,34.2,54.9,47.1,51,0
2026-10-10T23:35:00,27.0,55.2,47.0,47,1
2026-10-10T23:36:00,32.3,55.6,47.0,58,0
2026-10-10T23:37:00,26.0,54.8,47.1,65,0
2026-10-10T23:38:00,27.1,54.4,47.0,62,0
2026-10-10T23:39:00,29.2,55.5,47.1,56,1
2026-10-10T23:40:00,33.6,56.1,47.1,64,0
2026-10-10T23:41:00,30.1,54.8,47.1,55,0
2026-10-10T23:42:00,35.2,55.7,47.1,57,1
2026-10-10T23:43:00,32.4,54.7,47.1,63,1
2026-10-10T23:44:00,33.2,53.4,46.9,65,1
2026-10-10T23:45:00,30.4,55.2,46.9,64,1
2026-10-10T23:46:00,31.1,54.6,46.8,66,0
2026-10-10T23:47:00,30.8,54.6,46.9,66,1
2026-10-10T23:48:00,29.5,55.7,46.9,70,1
2026-10-10T23:49:00,34.6,55.1,47.1,70,0
2026-10-10T23:50:00,30.7,55.7,46.9,66,0
2026-10-10T23:51:00,31.5,54.2,46.9,54,0
2026-10-10T23:52:00,32.6,54.5,47.1,58,0
2026-10-10T23:53:00,29.8,53.6,46.9,56,2
2026-10-10T23:54:00,32.3,55.8,47.1,55,0
2026-10-10T23:55:00,29.4,54.9,46.9,50,1
2026-10-10T23:56:00,29.5,54.1,46.9,58,0
2026-10-10T23:57:00,30.7,53.4,47.0,58,1
2026-10-10T23:58:00,34.8,55.3,47.0,58,0
2026-10-10T23:59:00,32.3,55.1,47.0,68,0
2026-10-11T00:00:00,32.1,54.4,47.0,62,0
2026-10-11T00:01:00,30.1,54.3,47.0,53,0
2026-10-11T00:02:00,31.3,55.4,46.9,67,2
2026-10-11T00:03:00,35.5,55.3,47.0,55,0
2026-10-11T00:04:00,33.0,55.8,47.1,61,0
2026-10-11T00:05:00,30.2,55.0,47.0,65,0
2026-10-11T00:06:00,32.1,56.1,47.0,71,0
2026-10-11T00:07:00,32.6,56.1,47.1,62,1
2026-10-11T00:08:00,33.9,54.8,46.9,54,0
2026-10-11T00:09:00,28.2,55.0,47.0,55,0
2026-10-11T00:10:00,30.7,52.9,46.9,51,0
2026-10-11T00:11:00,32.7,54.1,46.9,62,1
2026-10-11T00:12:00,33.6,55.6,47.0,71,0
2026-10-11T00:13:00,36.6,54.0,47.0,56,0
2026-10-11T00:14:00,28.9,56.9,46.8,61,2
2026-10-11T00:15:00,33.7,54.9,47.0,57,0
2026-10-11T00:16:00,29.0,55.6,47.1,62,1
2026-10-11T00:17:00,33.5,55.1,47.0,61,0
2026-10-11T00:18:00,32.7,56.0,46.8,67,1
2026-10-11T00:19:00,29.4,52.7,46.9,56,0
2026-10-11T00:20:00,30.2,53.2,46.9,57,0
2026-10-11T00:21:00,33.0,54.4,46.9,65,0
2026-10-11T00:22:00,32.8,54.5,47.0,58,0
2026-10-11T00:23:00,27.6,54.7,46.9,58,1
2026-10-11T00:24:00,33.2,54.8,47.0,70,0
2026-10-11T00:25:00,32.2,56.8,47.1,62,1
2026-10-11T00:26:00,33.5,55.0,47.0,63,0
2026-10-11T00:27:00,30.2,52.7,46.9,53,0
2026-10-11T00:28:00,30.2,55.8,47.1,54,0
2026-10-11T00:29:00,33.3,55.8,46.9,52,1
2026-10-11T00:30:00,31.2,54.5,47.1,53,1
2026-10-11T00:31:00,31.6,56.2,47.0,61,1
2026-10-11T00:32:00,27.4,55.2,47.0,66,0
2026-10-11T00:33:00,33.9,55.2,47.0,60,0
2026-10-11T00:34:00,29.7,55.2,46.9,63,0
2026-10-11T00:35:00,36.0,56.0,47.0,52,0
2026-10-11T00:36:00,36.7,53.8,47.1,62,1
2026-10-11T00:37:00,24.3,55.5,47.1,64,0
2026-10-11T00:38:00,30.4,55.1,46.9,65,0
2026-10-11T00:39:00,26.8,55.2,47.1,63,0
2026-10-11T00:40:00,33.6,55.6,47.0,64,1
2026-10-11T00:41:00,36.1,55.4,47.0,60,0
2026-10-11T00:42:00,28.4,55.2,47.0,59,1
2026-10-11T00:43:00,30.5,56.1,46.9,61,4
2026-10-11T00:44:00,31.9,54.6,46.8,50,0
2026-10-11T00:45:00,27.6,55.0,46.8,53,1
2026-10-11T00:46:00,33.6,52.3,47.2,62,0
2026-10-11T00:47:00,29.7,54.5,47.0,61,0
2026-10-11T00:48:00,34.0,54.4,47.0,66,0
2026-10-11T00:49:00,34.1,54.1,47.0,62,1
2026-10-11T00:50:00,32.7,55.9,47.0,69,0
2026-10-11T00:51:00,29.8,54.3,47.0,59,1
2026-10-11T00:52:00,34.5,54.5,46.9,48,0
2026-10-11T00:53:00,31.8,55.4,47.1,57,1
2026-10-11T00:54:00,30.3,54.7,47.1,67,2
2026-10-11T00:55:00,39.4,55.5,47.0,61,2
2026-10-11T00:56:00,38.5,54.3,47.1,64,0
2026-10-11T00:57:00,31.7,56.6,47.1,65,2
2026-10-11T00:58:00,32.5,56.4,47.1,56,0
2026-10-11T00:59:00,31.2,56.7,46.9,48,1
2026-10-11T01:00:00,34.6,54.5,46.8,68,2
2026-10-11T01:01:00,29.9,54.8,46.8,58,2
2026-10-11T01:02:00,29.6,54.0,47.1,59,2
2026-10-11T01:03:00,33.3,55.7,47.0,62,2
2026-10-11T01:04:00,28.8,54.8,46.9,54,0
2026-10-11T01:05:00,36.8,55.0,47.0,56,1
2026-10-11T01:06:00,31.9,53.2,46.9,60,0
2026-10-11T01:07:00,38.9,57.0,47.0,54,1
2026-10-11T01:08:00,27.1,54.1,46.9,70,0
2026-10-11T01:09:00,36.0,54.3,47.1,61,1
2026-10-11T01:10:00,28.7,56.0,46.9,71,0
2026-10-11T01:11:00,29.5,54.6,47.2,63,0
2026-10-11T01:12:00,32.6,53.0,47.1,58,0
2026-10-11T01:13:00,28.1,56.0,46.9,65,1
2026-10-11T01:14:00,25.9,58.2,47.0,62,1
2026-10-11T01:15:00,34.4,56.2,47.1,58,1
2026-10-11T01:16:00,30.7,55.7,47.2,57,1
2026-10-11T01:17:00,31.8,55.6,47.0,61,0
2026-10-11T01:18:00,34.7,55.2,47.1,63,0
2026-10-11T01:19:00,29.9,55.1,47.0,57,0
2026-10-11T01:20:00,34.5,54.4,47.0,52,0
2026-10-11T01:21:00,31.6,54.0,47.1,55,1
2026-10-11T01:22:00,29.9,55.6,46.9,64,1
2026-10-11T01:23:00,37.5,55.2,47.3,76,0
2026-10-11T01:24:00,27.0,57.0,46.9,58,0
2026-10-11T01:25:00,30.8,57.0,46.8,53,0
2026-10-11T01:26:00,28.2,54.4,47.0,59,1
2026-10-11T01:27:00,30.9,55.3,47.0,60,0
2026-10-11T01:28:00,33.3,55.6,46.7,61,1
2026-10-11T01:29:00,29.3,53.8,47.0,59,0
2026-10-11T01:30:00,33.6,55.1,46.9,61,0
2026-10-11T01:31:00,26.7,55.1,47.1,61,0
2026-10-11T01:32:00,32.5,55.5,47.1,63,2
2026-10-11T01:33:00,29.9,54.2,47.1,63,1
2026-10-11T01:34:00,27.2,54.2,47.0,54,0
2026-10-11T01:35:00,31.1,55.1,47.0,62,0
2026-10-11T01:36:00,31.7,54.8,47.1,60,0
2026-10-11T01:37:00,26.2,54.3,47.0,62,3
2026-10-11T01:38:00,27.4,56.1,47.0,52,0
2026-10-11T01:39:00,32.4,57.1,46.8,64,1
2026-10-11T01:40:00,34.5,53.8,47.3,60,1
2026-10-11T01:41:00,26.8,54.0,47.0,64,0
2026-10-11T01:42:00,29.9,56.0,47.1,58,1
2026-10-11T01:43:00,29.8,54.0,46.9,60,0
2026-10-11T01:44:00,30.9,53.7,47.0,63,1
2026-10-11T01:45:00,28.9,55.8,47.2,58,1
2026-10-11T01:46:00,31.7,53.3,47.0,65,0
2026-10-11T01:47:00,27.2,54.5,47.0,60,1
2026-10-11T01:48:00,28.6,56.6,47.1,61,0
2026-10-11T01:49:00,33.8,55.0,47.1,65,1
2026-10-11T01:50:00,34.5,53.6,47.0,65,0
2026-10-11T01:51:00,30.0,55.4,47.1,57,1
2026-10-11T01:52:00,29.1,54.6,47.0,50,0
2026-10-11T01:53:00,30.2,55.2,47.1,75,0
2026-10-11T01:54:00,29.1,53.4,47.1,64,0
2026-10-11T01:55:00,28.3,54.8,47.0,60,0
2026-10-11T01:56:00,34.1,54.2,47.0,51,0
2026-10-11T01:57:00,30.4,55.5,47.2,58,0
2026-10-11T01:58:00,32.3,54.2,47.0,53,0
2026-10-11T01:59:00,33.2,53.5,47.1,53,0
2026-10-11T02:00:00,26.7,54.0,47.0,63,1
2026-10-11T02:01:00,28.4,55.2,47.1,58,1
2026-10-11T02:02:00,31.0,55.7,47.0,60,0
2026-10-11T02:03:00,35.9,55.0,46.9,66,1
2026-10-11T02:04:00,31.9,54.7,46.9,71,0
2026-10-11T02:05:00,30.4,55.2,47.2,50,1
2026-10-11T02:06:00,35.0,54.2,47.1,63,0
2026-10-11T02:07:00,30.8,54.5,46.9,61,1
2026-10-11T02:08:00,30.0,55.8,46.9,61,1
2026-10-11T02:09:00,30.4,55.8,47.0,51,0
2026-10-11T02:10:00,32.7,53.9,46.8,59,0
2026-10-11T02:11:00,32.1,55.0,46.9,65,0
2026-10-11T02:12:00,30.0,55.0,47.0,67,0
2026-10-11T02:13:00,30.8,55.9,46.7,62,0
2026-10-11T02:14:00,30.1,55.9,46.9,65,1
2026-10-11T02:15:00,28.3,54.5,46.9,60,0
2026-10-11T02:16:00,32.1,55.3,47.0,56,1
2026-10-11T02:17:00,27.4,53.7,47.0,61,1
2026-10-11T02:18:00,27.9,54.8,47.1,59,0
2026-10-11T02:19:00,30.6,54.1,47.0,56,0
2026-10-11T02:20:00,29.4,55.4,46.9,56,0
2026-10-11T02:21:00,35.2,55.4,47.0,73,1
2026-10-11T02:22:00,25.9,53.6,47.1,59,0
2026-10-11T02:23:00,32.5,54.6,47.0,64,0
2026-10-11T02:24:00,24.8,55.3,46.9,70,0
2026-10-11T02:25:00,30.5,54.8,47.1,63,1
2026-10-11T02:26:00,33.1,55.1,46.9,58,0
2026-10-11T02:27:00,30.5,54.1,46.9,71,0
2026-10-11T02:28:00,28.1,54.9,46.9,71,0
2026-10-11T02:29:00,28.5,56.9,46.9,66,0
2026-10-11T02:30:00,29.2,54.4,47.0,58,0
2026-10-11T02:31:00,27.7,54.5,47.2,55,0
2026-10-11T02:32:00,38.2,55.3,46.9,60,0
2026-10-11T02:33:00,34.1,53.3,47.1,50,0
2026-10-11T02:34:00,32.8,55.6,46.9,63,0
2026-10-11T02:35:00,29.4,55.4,47.1,70,0
2026-10-11T02:36:00,27.7,55.7,47.1,52,1
2026-10-11T02:37:00,30.0,53.7,46.9,62,1
2026-10-11T02:38:00,31.1,54.6,47.1,63,0
2026-10-11T02:39:00,33.7,54.9,47.0,61,1
2026-10-11T02:40:00,29.3,54.2,47.1,67,0
2026-10-11T02:41:00,31.5,54.4,47.0,69,0
2026-10-11T02:42:00,29.7,55.2,46.9,57,0
2026-10-11T02:43:00,26.7,56.7,46.9,63,1
2026-10-11T02:44:00,33.0,55.1,47.0,61,1
2026-10-11T02:45:00,31.3,52.5,47.1,63,0
2026-10-11T02:46:00,34.3,53.5,47.0,73,1
2026-10-11T02:47:00,36.5,52.6,46.9,63,1
2026-10-11T02:48:00,27.7,55.2,47.1,65,0
2026-10-11T02:49:00,34.9,53.7,47.0,71,0
2026-10-11T02:50:00,32.6,54.6,47.0,69,0
2026-10-11T02:51:00,32.1,55.9,47.0,56,0
2026-10-11T02:52:00,27.2,54.5,46.9,62,0
2026-10-11T02:53:00,32.0,55.4,47.1,65,1
2026-10-11T02:54:00,36.7,54.1,46.9,68,2
2026-10-11T02:55:00,32.5,55.2,47.0,60,0
2026-10-11T02:56:00,28.0,54.8,47.1,51,0
2026-10-11T02:57:00,33.2,55.1,47.0,59,0
2026-10-11T02:58:00,26.7,53.8,46.9,66,0
2026-10-11T02:59:00,36.4,53.3,46.9,62,0
2026-10-11T03:00:00,31.5,54.3,47.0,62,1
2026-10-11T03:01:00,29.7,56.5,47.1,60,0
2026-10-11T03:02:00,31.9,54.1,46.9,70,0
2026-10-11T03:03:00,32.9,55.7,47.1,65,0
2026-10-11T03:04:00,33.5,55.9,47.0,57,2
2026-10-11T03:05:00,30.9,54.7,47.0,61,1
2026-10-11T03:06:00,29.2,56.2,47.1,68,0
2026-10-11T03:07:00,31.2,55.1,47.0,64,0
2026-10-11T03:08:00,24.3,53.5,47.1,51,0
2026-10-11T03:09:00,28.8,55.1,47.0,57,2
2026-10-11T03:10:00,32.5,54.8,46.9,61,0
2026-10-11T03:11:00,32.3,55.3,47.0,63,1
2026-10-11T03:12:00,28.6,54.9,47.2,59,1
2026-10-11T03:13:00,28.8,54.3,46.9,61,0
2026-10-11T03:14:00,32.0,56.2,46.9,62,0
2026-10-11T03:15:00,30.3,52.4,46.8,62,1
2026-10-11T03:16:00,33.6,54.7,46.9,63,1
2026-10-11T03:17:00,28.4,54.2,46.8,57,0
2026-10-11T03:18:00,23.7,53.4,47.1,71,0
2026-10-11T03:19:00,27.0,55.5,46.9,69,0
2026-10-11T03:20:00,30.6,54.7,47.2,56,0
2026-10-11T03:21:00,30.0,55.7,47.0,46,1
2026-10-11T03:22:00,28.5,54.9,47.0,61,2
2026-10-11T03:23:00,31.5,55.4,47.1,59,1
2026-10-11T03:24:00,38.0,57.5,46.9,60,0
2026-10-11T03:25:00,33.7,54.0,47.3,60,0
2026-10-11T03:26:00,21.9,55.8,46.9,57,2
2026-10-11T03:27:00,29.4,51.9,47.2,61,1
2026-10-11T03:28:00,31.1,54.2,47.1,66,0
2026-10-11T03:29:00,35.2,53.5,46.9,64,1
2026-10-11T03:30:00,31.4,54.4,46.9,69,0
2026-10-11T03:31:00,32.1,55.4,47.1,67,1
2026-10-11T03:32:00,31.4,55.5,47.0,64,1
2026-10-11T03:33:00,32.8,53.1,47.0,71,0
2026-10-11T03:34:00,33.0,53.9,46.9,61,0
2026-10-11T03:35:00,30.7,53.6,47.1,56,0
2026-10-11T03:36:00,33.4,57.0,47.0,55,1
2026-10-11T03:37:00,30.9,54.9,46.8,64,0
2026-10-11T03:38:00,30.0,55.8,47.2,49,1
2026-10-11T03:39:00,33.0,54.8,47.1,62,0
2026-10-11T03:40:00,31.2,54.3,47.1,56,1
2026-10-11T03:41:00,28.0,54.6,46.9,62,0
2026-10-11T03:42:00,29.0,52.2,47.0,53,1
2026-10-11T03:43:00,27.5,54.4,47.2,63,0
2026-10-11T03:44:00,30.7,55.1,47.1,65,0
2026-10-11T03:45:00,31.3,54.4,46.8,54,0
2026-10-11T03:46:00,33.5,55.6,47.0,56,1
2026-10-11T03:47:00,34.8,55.1,47.0,54,1
2026-10-11T03:48:00,33.1,54.0,47.0,63,0
2026-10-11T03:49:00,32.1,56.0,46.9,56,0
2026-10-11T03:50:00,28.1,55.3,47.0,56,0
2026-10-11T03:51:00,31.9,55.8,47.1,64,1
2026-10-11T03:52:00,29.2,54.0,47.1,64,0
2026-10-11T03:53:00,34.3,55.4,46.9,47,2
2026-10-11T03:54:00,29.2,55.7,47.2,54,0
2026-10-11T03:55:00,34.8,53.6,47.0,64,1
2026-10-11T03:56:00,37.0,55.0,47.1,67,0
2026-10-11T03:57:00,27.4,55.0,46.9,64,1
2026-10-11T03:58:00,33.2,54.2,47.2,48,0
2026-10-11T03:59:00,29.0,55.9,46.9,64,0
2026-10-11T04:00:00,31.6,55.0,47.1,45,3
2026-10-11T04:01:00,26.0,55.6,46.9,56,0
2026-10-11T04:02:00,29.8,55.3,47.1,66,0
2026-10-11T04:03:00,30.5,54.4,47.1,60,0
2026-10-11T04:04:00,33.5,55.0,46.8,60,1
2026-10-11T04:05:00,26.8,56.7,47.0,61,0
2026-10-11T04:06:00,32.5,54.6,47.1,63,0
2026-10-11T04:07:00,28.3,53.4,46.8,61,0
2026-10-11T04:08:00,31.0,54.9,47.0,60,1
2026-10-11T04:09:00,33.3,55.0,47.0,53,0
2026-10-11T04:10:00,36.6,55.4,46.9,63,0
2026-10-11T04:11:00,31.0,57.1,46.8,73,0
2026-10-11T04:12:00,29.5,55.8,46.9,61,0
2026-10-11T04:13:00,29.4,54.7,47.0,58,0
2026-10-11T04:14:00,32.7,54.8,47.0,67,0
2026-10-11T04:15:00,34.3,55.4,47.2,68,1
2026-10-11T04:16:00,30.3,56.6,47.0,74,0
2026-10-11T04:17:00,27.0,56.7,47.1,61,0
2026-10-11T04:18:00,31.7,54.8,47.1,70,0
2026-10-11T04:19:00,31.7,55.5,47.1,68,0
2026-10-11T04:20:00,33.1,54.0,47.0,55,1
2026-10-11T04:21:00,27.8,54.4,46.9,58,1
2026-10-11T04:22:00,31.4,56.6,47.0,61,0
2026-10-11T04:23:00,32.9,55.2,46.9,68,1
2026-10-11T04:24:00,33.6,55.8,47.1,52,0
2026-10-11T04:25:00,31.0,55.2,46.9,64,1
2026-10-11T04:26:00,32.0,53.5,47.0,54,0
2026-10-11T04:27:00,33.7,56.2,46.9,58,2
2026-10-11T04:28:00,31.1,55.3,47.0,67,0
2026-10-11T04:29:00,30.8,54.8,47.0,61,1
2026-10-11T04:30:00,32.4,54.4,47.0,51,0
2026-10-11T04:31:00,27.0,54.9,46.8,61,0
2026-10-11T04:32:00,25.2,55.2,47.1,59,0
2026-10-11T04:33:00,32.1,53.7,47.2,52,0
2026-10-11T04:34:00,33.7,54.5,46.9,64,0
2026-10-11T04:35:00,31.9,55.3,47.2,62,1
2026-10-11T04:36:00,28.8,55.7,47.1,59,0
2026-10-11T04:37:00,31.5,53.1,46.9,66,1
2026-10-11T04:38:00,31.2,55.5,47.2,63,1
2026-10-11T04:39:00,29.6,54.3,47.0,65,1
2026-10-11T04:40:00,34.5,55.9,47.0,62,0
2026-10-11T04:41:00,31.3,54.9,47.1,69,0
2026-10-11T04:42:00,30.0,55.2,47.1,58,1
2026-10-11T04:43:00,36.3,55.0,47.1,66,0
2026-10-11T04:44:00,27.8,54.5,47.0,51,1
2026-10-11T04:45:00,29.5,53.0,46.9,61,0
2026-10-11T04:46:00,29.6,54.0,46.9,63,0
2026-10-11T04:47:00,27.5,56.0,47.0,60,0
2026-10-11T04:48:00,31.0,55.9,46.8,60,2
2026-10-11T04:49:00,34.2,54.5,46.9,60,0
2026-10-11T04:50:00,29.8,52.5,47.0,56,0
2026-10-11T04:51:00,30.7,56.6,46.9,51,0
2026-10-11T04:52:00,27.4,55.0,47.0,66,0
2026-10-11T04:53:00,32.7,55.8,47.0,68,1
2026-10-11T04:54:00,28.4,56.2,46.9,61,0
2026-10-11T04:55:00,31.3,55.7,46.8,54,1
2026-10-11T04:56:00,31.9,55.0,46.9,54,0
2026-10-11T04:57:00,31.4,53.8,47.1,63,0
2026-10-11T04:58:00,31.5,54.9,46.8,60,1
2026-10-11T04:59:00,30.8,54.9,46.9,60,1
2026-10-11T05:00:00,31.3,54.6,46.9,63,2
2026-10-11T05:01:00,31.8,53.5,47.2,64,0
2026-10-11T05:02:00,26.7,53.6,47.1,68,0
2026-10-11T05:03:00,28.0,54.2,46.8,61,0
2026-10-11T05:04:00,27.6,53.0,47.2,66,0
2026-10-11T05:05:00,29.9,54.0,47.1,58,1
2026-10-11T05:06:00,32.9,56.9,47.0,69,0
2026-10-11T05:07:00,31.1,54.4,47.0,66,2
2026-10-11T05:08:00,27.2,53.6,46.9,62,0
2026-10-11T05:09:00,30.0,53.8,46.9,52,0
2026-10-11T05:10:00,31.3,56.0,47.1,65,0
2026-10-11T05:11:00,29.2,53.6,47.0,62,0
2026-10-11T05:12:00,33.9,56.1,47.0,64,0
2026-10-11T05:13:00,34.1,55.3,47.1,57,1
2026-10-11T05:14:00,34.8,55.0,47.1,62,0
2026-10-11T05:15:00,31.4,54.5,46.9,57,0
2026-10-11T05:16:00,29.7,54.2,46.9,52,0
2026-10-11T05:17:00,33.4,53.1,47.0,56,2
2026-10-11T05:18:00,31.8,55.0,47.0,64,0
2026-10-11T05:19:00,28.9,53.6,47.1,62,2
2026-10-11T05:20:00,30.5,55.1,47.2,58,0
2026-10-11T05:21:00,29.6,53.1,47.0,57,0
2026-10-11T05:22:00,29.8,56.3,47.0,53,1
2026-10-11T05:23:00,28.6,53.4,47.0,63,2
2026-10-11T05:24:00,29.8,56.1,46.8,66,0
2026-10-11T05:25:00,28.0,54.9,47.0,68,0
2026-10-11T05:26:00,28.7,55.0,46.8,51,1
2026-10-11T05:27:00,28.7,55.7,47.3,60,0
2026-10-11T05:28:00,30.2,53.9,47.1,57,1
2026-10-11T05:29:00,33.5,55.7,47.1,57,0
2026-10-11T05:30:00,31.9,54.0,47.0,65,2
2026-10-11T05:31:00,28.4,53.9,46.9,56,0
2026-10-11T05:32:00,28.0,55.3,47.0,54,0
2026-10-11T05:33:00,32.9,54.1,47.0,57,0
2026-10-11T05:34:00,30.5,56.4,47.0,59,0
2026-10-11T05:35:00,33.7,55.3,46.8,53,1
2026-10-11T05:36:00,31.4,55.3,47.1,70,0
2026-10-11T05:37:00,29.0,54.7,47.0,58,0
2026-10-11T05:38:00,32.6,55.0,47.1,53,0
2026-10-11T05:39:00,32.9,55.9,46.9,58,0
2026-10-11T05:40:00,35.5,55.3,47.1,62,0
2026-10-11T05:41:00,27.8,56.8,47.0,66,1
2026-10-11T05:42:00,29.2,56.2,47.0,69,0
2026-10-11T05:43:00,30.5,55.2,47.0,64,1
2026-10-11T05:44:00,31.9,53.7,46.8,67,0
2026-10-11T05:45:00,33.1,57.0,47.0,61,0
2026-10-11T05:46:00,30.0,57.0,46.9,57,1
2026-10-11T05:47:00,33.8,54.0,47.0,50,0
2026-10-11T05:48:00,31.0,56.4,47.0,50,1
2026-10-11T05:49:00,28.8,54.5,47.1,49,1
2026-10-11T05:50:00,26.2,55.8,47.0,60,1
2026-10-11T05:51:00,30.7,55.2,46.9,53,0
2026-10-11T05:52:00,36.2,54.9,47.0,66,1
2026-10-11T05:53:00,25.9,54.8,47.0,52,0
2026-10-11T05:54:00,35.5,55.8,46.9,53,0
2026-10-11T05:55:00,24.1,55.3,47.0,57,0
2026-10-11T05:56:00,32.0,53.4,47.0,57,0
2026-10-11T05:57:00,22.5,56.0,46.9,58,1
2026-10-11T05:58:00,25.3,55.4,47.0,64,2
2026-10-11T05:59:00,25.8,56.0,47.0,58,0
2026-10-11T06:00:00,29.8,55.5,47.0,60,0
2026-10-11T06:01:00,31.1,54.4,46.9,57,0
2026-10-11T06:02:00,30.8,55.5,47.0,55,1
2026-10-11T06:03:00,28.1,54.6,46.8,54,0
2026-10-11T06:04:00,23.5,55.0,46.9,66,0
2026-10-11T06:05:00,27.4,55.1,47.1,64,0
2026-10-11T06:06:00,32.8,52.5,47.1,64,0
2026-10-11T06:07:00,29.9,54.1,46.9,70,0
2026-10-11T06:08:00,27.0,55.1,46.9,70,1
2026-10-11T06:09:00,34.2,54.7,47.1,56,1
2026-10-11T06:10:00,30.5,56.7,47.1,57,1
2026-10-11T06:11:00,31.3,55.4,46.9,76,0
2026-10-11T06:12:00,31.4,54.4,47.1,57,0
2026-10-11T06:13:00,32.6,53.1,47.0,70,0
2026-10-11T06:14:00,31.3,54.3,47.0,64,0
2026-10-11T06:15:00,34.4,55.2,47.1,66,3
2026-10-11T06:16:00,29.2,55.6,47.1,52,1
2026-10-11T06:17:00,31.5,55.2,47.0,49,0
2026-10-11T06:18:00,29.7,54.7,47.1,71,0
2026-10-11T06:19:00,28.8,53.0,47.0,58,2
2026-10-11T06:20:00,35.6,55.1,47.0,50,0
2026-10-11T06:21:00,28.0,55.5,47.0,59,1
2026-10-11T06:22:00,28.5,55.2,47.0,73,1
2026-10-11T06:23:00,30.5,53.3,46.9,55,0
2026-10-11T06:24:00,34.8,55.2,47.1,60,0
2026-10-11T06:25:00,34.7,56.2,47.1,57,0
2026-10-11T06:26:00,30.4,55.7,47.1,65,1
2026-10-11T06:27:00,31.7,54.2,47.0,57,1
2026-10-11T06:28:00,32.6,56.9,47.0,64,0
2026-10-11T06:29:00,31.2,54.7,47.0,61,0
2026-10-11T06:30:00,27.2,55.8,47.0,68,2
2026-10-11T06:31:00,31.8,54.8,46.9,60,0
2026-10-11T06:32:00,24.3,53.5,46.9,69,0
2026-10-11T06:33:00,35.5,55.4,47.0,63,0
2026-10-11T06:34:00,31.9,55.5,47.1,57,1
2026-10-11T06:35:00,26.1,52.9,47.0,52,0
2026-10-11T06:36:00,28.0,53.5,47.0,53,0
2026-10-11T06:37:00,29.4,56.2,47.1,60,0
2026-10-11T06:38:00,33.8,55.5,47.1,51,0
2026-10-11T06:39:00,25.5,54.6,47.0,56,1
2026-10-11T06:40:00,33.9,55.6,46.9,58,1
2026-10-11T06:41:00,37.5,54.1,47.1,72,2
2026-10-11T06:42:00,29.7,56.0,47.2,73,0
2026-10-11T06:43:00,26.2,56.7,47.1,46,1
2026-10-11T06:44:00,27.8,53.0,47.0,63,0
2026-10-11T06:45:00,28.7,55.1,47.0,59,0
2026-10-11T06:46:00,30.0,55.1,47.0,62,0
2026-10-11T06:47:00,29.8,55.1,47.1,58,0
2026-10-11T06:48:00,28.2,55.2,46.9,60,1
2026-10-11T06:49:00,22.3,54.8,47.0,60,0
2026-10-11T06:50:00,31.6,55.3,47.0,61,2
2026-10-11T06:51:00,29.2,54.8,47.2,61,0
2026-10-11T06:52:00,32.5,53.5,46.9,64,0
2026-10-11T06:53:00,30.2,52.3,46.9,63,1
2026-10-11T06:54:00,26.8,55.1,47.0,59,1
2026-10-11T06:55:00,34.9,54.3,47.0,71,0
2026-10-11T06:56:00,32.6,55.0,46.9,56,1
2026-10-11T06:57:00,31.6,54.8,46.9,48,0
2026-10-11T06:58:00,29.5,57.7,47.0,71,0
2026-10-11T06:59:00,30.2,55.9,47.0,59,1
2026-10-11T07:00:00,29.1,55.2,47.0,63,0
2026-10-11T07:01:00,31.2,54.1,47.0,54,0
2026-10-11T07:02:00,31.2,54.5,46.8,61,1
2026-10-11T07:03:00,32.8,54.9,47.1,60,1
2026-10-11T07:04:00,26.2,55.0,47.1,63,0
2026-10-11T07:05:00,29.5,54.1,47.1,57,0
2026-10-11T07:06:00,30.2,56.0,47.2,62,1
2026-10-11T07:07:00,29.9,56.9,46.8,58,0
2026-10-11T07:08:00,34.6,55.1,46.8,60,0
2026-10-11T07:09:00,27.4,56.1,47.0,64,0
2026-10-11T07:10:00,35.4,52.7,47.0,63,0
2026-10-11T07:11:00,34.1,54.3,47.0,49,2
2026-10-11T07:12:00,29.7,53.6,47.1,62,0
2026-10-11T07:13:00,28.2,53.6,47.0,57,0
2026-10-11T07:14:00,32.3,55.2,47.0,59,2
2026-10-11T07:15:00,31.7,54.9,46.9,63,0
2026-10-11T07:16:00,26.7,54.5,47.1,64,0
2026-10-11T07:17:00,32.5,55.4,47.0,44,0
2026-10-11T07:18:00,32.7,53.6,47.0,68,0
2026-10-11T07:19:00,33.1,55.4,47.1,59,0
2026-10-11T07:20:00,33.5,53.5,47.0,60,1
2026-10-11T07:21:00,29.5,55.2,47.0,65,0
2026-10-11T07:22:00,34.0,55.3,47.1,64,0
2026-10-11T07:23:00,32.5,54.9,47.0,63,0
2026-10-11T07:24:00,29.0,56.0,46.9,55,1
2026-10-11T07:25:00,29.1,54.7,47.1,62,0
2026-10-11T07:26:00,28.7,55.8,47.1,63,1
2026-10-11T07:27:00,33.2,55.2,46.9,68,0
2026-10-11T07:28:00,32.8,55.1,47.1,65,1
2026-10-11T07:29:00,30.4,54.0,47.0,66,0
2026-10-11T07:30:00,30.0,55.7,47.0,59,0
2026-10-11T07:31:00,28.6,55.0,46.9,66,0
2026-10-11T07:32:00,31.6,56.5,47.0,63,0
2026-10-11T07:33:00,34.7,55.3,47.1,60,0
2026-10-11T07:34:00,31.8,56.4,47.0,62,0
2026-10-11T07:35:00,29.0,55.4,47.0,65,1
2026-10-11T07:36:00,32.7,53.6,47.2,67,1
2026-10-11T07:37:00,36.5,53.3,47.0,68,1
2026-10-11T07:38:00,28.9,55.6,47.0,67,1
2026-10-11T07:39:00,33.4,54.4,47.0,68,0
2026-10-11T07:40:00,28.8,54.1,46.9,64,0
2026-10-11T07:41:00,31.7,52.1,47.1,69,1
2026-10-11T07:42:00,30.4,54.5,46.9,55,0
2026-10-11T07:43:00,33.2,54.8,46.9,54,3
2026-10-11T07:44:00,34.9,56.6,47.0,58,1
2026-10-11T07:45:00,31.3,54.5,46.9,64,0
2026-10-11T07:46:00,29.5,54.0,47.0,58,0
2026-10-11T07:47:00,28.4,54.9,47.1,56,0
2026-10-11T07:48:00,34.6,55.2,47.0,57,0
2026-10-11T07:49:00,32.1,55.1,47.0,64,0
2026-10-11T07:50:00,27.9,54.4,47.1,64,0
2026-10-11T07:51:00,34.2,54.3,46.9,55,1
2026-10-11T07:52:00,28.5,55.2,47.2,59,0
2026-10-11T07:53:00,32.3,54.9,46.9,66,0
2026-10-11T07:54:00,23.5,56.1,47.0,53,1
2026-10-11T07:55:00,35.1,54.4,47.0,60,0
2026-10-11T07:56:00,30.1,54.8,47.0,56,0
2026-10-11T07:57:00,28.6,53.0,47.1,47,0
2026-10-11T07:58:00,36.8,54.0,46.9,63,0
2026-10-11T07:59:00,28.3,56.8,46.9,60,0
2026-10-11T08:00:00,33.9,55.4,47.1,56,0
2026-10-11T08:01:00,30.1,55.4,47.0,64,1
2026-10-11T08:02:00,33.5,55.3,47.1,57,1
2026-10-11T08:03:00,34.1,54.3,46.9,64,0
2026-10-11T08:04:00,27.5,55.0,46.9,53,0
2026-10-11T08:05:00,34.9,53.5,47.1,66,1
2026-10-11T08:06:00,30.6,54.5,47.0,63,1
2026-10-11T08:07:00,31.2,55.2,47.0,69,0
2026-10-11T08:08:00,35.0,54.6,47.1,51,1
2026-10-11T08:09:00,28.4,56.5,47.0,60,2
2026-10-11T08:10:00,28.3,53.8,47.0,57,1
2026-10-11T08:11:00,26.8,54.1,46.9,58,0
2026-10-11T08:12:00,28.4,54.4,47.0,62,0
2026-10-11T08:13:00,33.1,57.5,47.1,56,0
2026-10-11T08:14:00,34.7,57.2,47.0,50,0
2026-10-11T08:15:00,27.7,55.1,46.9,69,2
2026-10-11T08:16:00,31.4,55.6,46.9,51,0
2026-10-11T08:17:00,35.9,55.1,47.2,56,0
2026-10-11T08:18:00,31.2,54.7,47.0,67,2
2026-10-11T08:19:00,28.1,55.7,46.9,55,0
2026-10-11T08:20:00,34.6,56.3,46.8,48,1
2026-10-11T08:21:00,35.8,55.0,47.1,48,0
2026-10-11T08:22:00,28.6,54.0,47.1,58,1
2026-10-11T08:23:00,28.5,55.2,47.0,60,2
2026-10-11T08:24:00,32.7,56.2,46.8,52,0
2026-10-11T08:25:00,30.2,54.7,47.0,64,2
2026-10-11T08:26:00,29.1,57.9,47.0,62,1
2026-10-11T08:27:00,31.6,53.0,47.0,55,0
2026-10-11T08:28:00,26.9,55.5,46.9,53,2
2026-10-11T08:29:00,30.1,55.1,47.1,59,0
2026-10-11T08:30:00,28.3,55.0,47.0,63,0
2026-10-11T08:31:00,32.3,55.0,47.0,74,0
2026-10-11T08:32:00,31.3,54.8,47.0,55,0
2026-10-11T08:33:00,30.5,54.9,47.0,58,0
2026-10-11T08:34:00,29.2,54.8,46.8,70,0
2026-10-11T08:35:00,27.6,54.6,46.9,63,0
2026-10-11T08:36:00,30.3,54.5,47.1,59,0
2026-10-11T08:37:00,30.2,54.7,46.9,55,1
2026-10-11T08:38:00,25.9,54.7,47.2,55,0
2026-10-11T08:39:00,29.5,54.5,47.0,63,0
2026-10-11T08:40:00,32.4,55.8,47.0,70,2
2026-10-11T08:41:00,30.9,55.9,47.0,63,0
2026-10-11T08:42:00,25.7,54.4,46.9,64,0
2026-10-11T08:43:00,31.1,55.1,47.2,57,1
2026-10-11T08:44:00,25.6,55.5,46.9,60,0
2026-10-11T08:45:00,30.2,52.6,46.9,58,0
2026-10-11T08:46:00,28.6,53.1,47.1,60,0
2026-10-11T08:47:00,31.2,52.7,46.9,61,0
2026-10-11T08:48:00,28.0,54.5,47.0,70,1
2026-10-11T08:49:00,30.9,54.0,47.0,68,1
2026-10-11T08:50:00,30.6,54.7,47.1,71,2
2026-10-11T08:51:00,27.1,54.9,47.1,68,0
2026-10-11T08:52:00,33.0,55.6,47.1,60,0
2026-10-11T08:53:00,28.0,56.1,46.9,57,0
2026-10-11T08:54:00,30.6,55.5,47.0,55,1
2026-10-11T08:55:00,28.1,55.5,46.9,60,1
2026-10-11T08:56:00,29.9,56.2,46.9,66,0
2026-10-11T08:57:00,27.6,54.6,47.0,52,0
2026-10-11T08:58:00,30.0,54.3,46.9,68,0
2026-10-11T08:59:00,31.4,54.1,46.9,61,0
2026-10-11T09:00:00,38.2,54.7,47.1,68,0
2026-10-11T09:01:00,30.2,55.8,46.9,63,2
2026-10-11T09:02:00,32.1,57.2,47.2,61,2
2026-10-11T09:03:00,27.9,55.4,47.0,54,0
2026-10-11T09:04:00,32.9,54.1,46.8,74,0
2026-10-11T09:05:00,31.0,55.6,47.0,71,2
2026-10-11T09:06:00,28.9,54.3,47.1,56,0
2026-10-11T09:07:00,31.4,54.6,46.9,57,2
2026-10-11T09:08:00,30.3,55.2,47.1,56,0
2026-10-11T09:09:00,34.3,55.5,47.0,58,1
2026-10-11T09:10:00,35.0,54.4,47.2,61,0
2026-10-11T09:11:00,27.3,55.4,47.0,56,1
2026-10-11T09:12:00,29.8,54.3,47.0,51,0
2026-10-11T09:13:00,32.5,55.8,47.1,56,2
2026-10-11T09:14:00,33.0,56.6,47.0,57,0
2026-10-11T09:15:00,31.5,52.6,46.9,66,0
2026-10-11T09:16:00,30.6,54.2,46.9,58,1
2026-10-11T09:17:00,29.8,53.6,47.0,60,1
2026-10-11T09:18:00,30.7,54.3,46.9,68,1
2026-10-11T09:19:00,31.0,54.4,47.0,55,1
2026-10-11T09:20:00,29.4,54.4,47.1,48,2
2026-10-11T09:21:00,33.7,54.7,46.9,57,0
2026-10-11T09:22:00,35.5,56.4,46.9,46,0
2026-10-11T09:23:00,28.9,53.3,47.0,68,0
2026-10-11T09:24:00,33.5,55.9,47.0,53,1
2026-10-11T09:25:00,36.4,54.1,47.1,69,0
2026-10-11T09:26:00,35.9,55.0,47.0,68,3
2026-10-11T09:27:00,29.0,54.7,47.0,62,1
2026-10-11T09:28:00,30.9,56.1,46.9,61,1
2026-10-11T09:29:00,28.8,56.0,46.9,60,0
2026-10-11T09:30:00,29.9,58.5,47.1,63,1
2026-10-11T09:31:00,28.5,55.0,47.0,70,0
2026-10-11T09:32:00,31.6,54.8,46.8,68,0
2026-10-11T09:33:00,30.5,54.3,46.8,61,1
2026-10-11T09:34:00,29.8,55.4,47.0,59,1
2026-10-11T09:35:00,35.8,55.8,46.9,64,1
2026-10-11T09:36:00,24.8,54.4,46.8,47,2
2026-10-11T09:37:00,32.1,54.1,46.9,68,1
2026-10-11T09:38:00,31.4,57.5,47.1,53,0
2026-10-11T09:39:00,29.0,56.0,46.7,61,1
2026-10-11T09:40:00,31.1,55.6,47.0,62,2
2026-10-11T09:41:00,33.9,55.2,47.0,65,0
2026-10-11T09:42:00,30.6,56.5,47.0,54,1
2026-10-11T09:43:00,31.5,55.0,46.9,52,0
2026-10-11T09:44:00,30.3,57.2,47.1,63,0
2026-10-11T09:45:00,29.8,54.2,47.1,59,0
2026-10-11T09:46:00,31.1,53.9,47.0,58,0
2026-10-11T09:47:00,28.1,55.8,46.8,56,2
2026-10-11T09:48:00,31.2,52.0,46.9,62,1
2026-10-11T09:49:00,31.5,53.2,46.9,51,1
2026-10-11T09:50:00,30.9,54.7,47.1,59,0
2026-10-11T09:51:00,30.8,54.7,47.0,62,0
2026-10-11T09:52:00,30.7,54.3,47.2,63,0
2026-10-11T09:53:00,31.2,55.7,47.0,57,0
2026-10-11T09:54:00,33.1,54.3,46.8,63,1
2026-10-11T09:55:00,27.5,54.3,47.1,67,1
2026-10-11T09:56:00,31.2,55.1,47.0,61,2
2026-10-11T09:57:00,31.8,54.4,47.1,64,0
2026-10-11T09:58:00,33.7,53.2,47.1,49,0
2026-10-11T09:59:00,27.2,54.2,47.1,50,0
2026-10-11T10:00:00,32.7,53.8,46.9,61,0
2026-10-11T10:01:00,33.0,55.0,46.9,54,0
2026-10-11T10:02:00,27.1,54.9,47.1,60,1
2026-10-11T10:03:00,28.0,53.9,47.1,60,0
2026-10-11T10:04:00,31.2,54.1,47.0,60,0
2026-10-11T10:05:00,31.2,53.3,47.1,62,0
2026-10-11T10:06:00,33.4,55.4,46.9,62,1
2026-10-11T10:07:00,32.4,55.1,46.8,53,0
2026-10-11T10:08:00,25.3,55.3,47.0,62,0
2026-10-11T10:09:00,28.8,55.2,46.9,62,0
2026-10-11T10:10:00,33.0,56.4,47.2,51,1
2026-10-11T10:11:00,32.0,56.9,47.0,64,0
2026-10-11T10:12:00,25.5,54.8,47.0,63,0
2026-10-11T10:13:00,29.9,54.2,47.1,62,0
2026-10-11T10:14:00,24.1,55.2,47.1,69,0
2026-10-11T10:15:00,31.7,53.8,47.1,69,0
2026-10-11T10:16:00,29.7,54.7,47.2,50,0
2026-10-11T10:17:00,31.5,54.6,47.0,70,0
2026-10-11T10:18:00,25.7,54.2,46.9,61,0
2026-10-11T10:19:00,31.7,55.0,47.1,58,0
2026-10-11T10:20:00,32.2,54.1,47.0,62,1
2026-10-11T10:21:00,29.5,56.0,47.1,71,1
2026-10-11T10:22:00,33.9,55.1,47.1,57,0
2026-10-11T10:23:00,29.5,54.8,47.1,64,1
2026-10-11T10:24:00,26.4,56.5,46.9,59,1
2026-10-11T10:25:00,31.8,55.2,47.0,52,0
2026-10-11T10:26:00,28.0,53.7,47.0,78,0
2026-10-11T10:27:00,34.8,55.6,47.0,55,1
2026-10-11T10:28:00,28.6,53.3,47.0,67,0
2026-10-11T10:29:00,30.2,56.6,46.9,60,3
2026-10-11T10:30:00,30.1,54.5,46.9,64,1
2026-10-11T10:31:00,32.4,55.8,47.0,62,0
2026-10-11T10:32:00,32.3,56.9,47.0,60,1
2026-10-11T10:33:00,34.8,56.4,46.9,57,0
2026-10-11T10:34:00,34.4,54.9,47.1,70,1
2026-10-11T10:35:00,30.7,57.2,47.0,59,1
2026-10-11T10:36:00,26.7,54.3,47.1,59,1
2026-10-11T10:37:00,28.4,55.2,47.0,48,0
2026-10-11T10:38:00,30.6,54.7,47.0,59,1
2026-10-11T10:39:00,33.9,54.2,47.0,55,1
2026-10-11T10:40:00,26.3,55.7,46.8,56,0
2026-10-11T10:41:00,35.4,53.5,46.9,58,0
2026-10-11T10:42:00,32.9,54.8,46.9,63,0
2026-10-11T10:43:00,31.0,54.0,46.9,62,0
2026-10-11T10:44:00,31.9,55.5,47.2,56,1
2026-10-11T10:45:00,31.3,56.0,47.0,55,2
2026-10-11T10:46:00,24.2,56.1,47.1,64,1
2026-10-11T10:47:00,30.7,55.9,47.0,58,1
2026-10-11T10:48:00,27.5,53.6,46.9,57,0
2026-10-11T10:49:00,29.2,55.2,47.1,63,3
2026-10-11T10:50:00,33.6,54.6,46.9,61,2
2026-10-11T10:51:00,33.3,56.1,47.2,52,0
2026-10-11T10:52:00,29.5,54.3,47.0,61,1
2026-10-11T10:53:00,34.4,55.7,47.1,79,1
2026-10-11T10:54:00,33.8,54.4,47.2,66,0
2026-10-11T10:55:00,31.4,56.2,46.9,51,0
2026-10-11T10:56:00,31.3,55.2,46.9,61,2
2026-10-11T10:57:00,29.3,55.6,47.0,70,0
2026-10-11T10:58:00,33.4,54.0,47.0,65,2
2026-10-11T10:59:00,29.3,55.7,47.0,54,1
2026-10-11T11:00:00,29.5,55.5,46.9,64,1
2026-10-11T11:01:00,33.8,54.7,46.9,53,0
2026-10-11T11:02:00,31.1,55.1,47.0,64,0
2026-10-11T11:03:00,35.2,54.2,47.0,57,0
2026-10-11T11:04:00,35.3,53.2,47.0,53,0
2026-10-11T11:05:00,35.8,54.5,46.9,51,0
2026-10-11T11:06:00,32.8,56.6,47.0,62,0
2026-10-11T11:07:00,30.7,53.2,46.9,58,0
2026-10-11T11:08:00,32.5,56.1,47.1,66,0
2026-10-11T11:09:00,27.4,54.0,46.9,51,0
2026-10-11T11:10:00,30.1,55.8,46.9,60,1
2026-10-11T11:11:00,26.5,55.4,47.2,57,2
2026-10-11T11:12:00,32.4,54.6,47.2,69,0
2026-10-11T11:13:00,31.4,55.6,47.0,51,0
2026-10-11T11:14:00,33.8,57.1,46.8,56,0
2026-10-11T11:15:00,31.1,54.1,47.1,61,1
2026-10-11T11:16:00,32.1,55.3,47.2,52,1
2026-10-11T11:17:00,27.9,54.3,47.0,49,0
2026-10-11T11:18:00,26.3,54.6,47.1,62,1
2026-10-11T11:19:00,30.1,56.2,47.0,63,1
2026-10-11T11:20:00,35.1,56.4,47.2,59,0
2026-10-11T11:21:00,28.7,55.4,47.1,49,0
2026-10-11T11:22:00,31.5,54.6,47.0,62,1
2026-10-11T11:23:00,31.2,53.9,47.0,55,0
2026-10-11T11:24:00,34.8,56.4,47.1,70,1
2026-10-11T11:25:00,36.2,55.6,46.9,45,0
2026-10-11T11:26:00,36.4,54.1,46.9,64,0
2026-10-11T11:27:00,37.3,56.4,46.9,55,0
2026-10-11T11:28:00,30.3,55.6,47.0,53,0
2026-10-11T11:29:00,27.7,56.8,47.0,59,1
2026-10-11T11:30:00,32.7,54.4,47.0,58,0
2026-10-11T11:31:00,38.1,54.2,47.1,64,0
2026-10-11T11:32:00,28.9,55.2,47.0,56,0
2026-10-11T11:33:00,30.0,53.0,47.1,53,1
2026-10-11T11:34:00,34.9,55.3,46.9,75,0
2026-10-11T11:35:00,25.5,53.9,47.1,58,0
2026-10-11T11:36:00,32.7,55.2,47.0,65,0
2026-10-11T11:37:00,27.0,55.0,47.0,57,0
2026-10-11T11:38:00,32.6,54.4,46.9,60,0
2026-10-11T11:39:00,32.3,56.3,47.0,58,0
2026-10-11T11:40:00,30.1,55.7,47.0,68,0
2026-10-11T11:41:00,30.7,55.0,47.1,61,0
2026-10-11T11:42:00,33.1,55.1,47.1,58,0
2026-10-11T11:43:00,33.4,54.7,47.0,54,0
2026-10-11T11:44:00,32.2,55.1,47.1,57,0
2026-10-11T11:45:00,31.8,54.3,47.0,59,0
2026-10-11T11:46:00,35.0,56.0,47.1,63,1
2026-10-11T11:47:00,28.9,55.8,47.0,69,3
2026-10-11T11:48:00,34.8,55.2,47.0,53,2
2026-10-11T11:49:00,27.0,55.9,46.9,56,1
2026-10-11T11:50:00,30.9,52.5,47.0,63,0
2026-10-11T11:51:00,33.5,55.3,47.1,62,0
2026-10-11T11:52:00,29.6,56.0,47.1,59,2
2026-10-11T11:53:00,32.8,54.4,47.0,51,1
2026-10-11T11:54:00,29.9,53.8,46.9,52,0
2026-10-11T11:55:00,30.8,54.2,47.0,58,0
2026-10-11T11:56:00,35.4,54.5,46.9,69,2
2026-10-11T11:57:00,33.3,54.5,47.1,59,0
2026-10-11T11:58:00,28.6,54.5,46.9,59,0
2026-10-11T11:59:00,34.1,54.5,47.0,53,1
2026-10-11T12:00:00,27.9,53.9,46.8,58,0
2026-10-11T12:01:00,25.3,55.0,47.2,62,2
2026-10-11T12:02:00,33.2,54.3,47.0,61,2
2026-10-11T12:03:00,29.3,56.7,47.1,63,1
2026-10-11T12:04:00,34.4,55.0,47.0,46,1
2026-10-11T12:05:00,27.8,54.0,46.9,62,0
2026-10-11T12:06:00,30.2,55.2,47.0,61,0
2026-10-11T12:07:00,29.6,55.8,46.8,58,1
2026-10-11T12:08:00,29.1,53.7,47.1,57,0
2026-10-11T12:09:00,30.9,55.2,47.1,61,0
2026-10-11T12:10:00,29.3,53.1,47.1,72,0
2026-10-11T12:11:00,27.8,55.6,47.0,57,1
2026-10-11T12:12:00,33.3,54.9,46.9,69,1
2026-10-11T12:13:00,34.5,55.4,47.1,54,0
2026-10-11T12:14:00,29.4,56.2,46.9,66,3
2026-10-11T12:15:00,34.3,54.7,47.0,67,2
2026-10-11T12:16:00,27.9,55.1,46.9,57,1
2026-10-11T12:17:00,36.6,58.2,46.9,62,0
2026-10-11T12:18:00,32.3,54.7,47.0,66,1
2026-10-11T12:19:00,27.4,54.0,47.1,64,0
2026-10-11T12:20:00,34.7,55.8,47.0,60,1
2026-10-11T12:21:00,28.9,55.4,47.0,67,0
2026-10-11T12:22:00,32.1,55.2,46.9,67,3
2026-10-11T12:23:00,32.1,55.3,46.9,63,1
2026-10-11T12:24:00,28.9,55.5,47.1,67,2
2026-10-11T12:25:00,26.1,56.5,46.9,63,1
2026-10-11T12:26:00,33.8,55.6,47.1,71,0
2026-10-11T12:27:00,32.3,55.5,47.1,48,0
2026-10-11T12:28:00,29.5,54.7,47.0,61,0
2026-10-11T12:29:00,33.9,54.8,47.2,68,0
2026-10-11T12:30:00,35.9,54.9,46.9,55,0
2026-10-11T12:31:00,29.1,54.5,46.8,59,1
2026-10-11T12:32:00,29.7,55.6,47.0,51,0
2026-10-11T12:33:00,27.5,54.6,46.9,59,1
2026-10-11T12:34:00,32.9,55.4,46.9,68,0
2026-10-11T12:35:00,33.2,55.0,46.9,56,0
2026-10-11T12:36:00,30.2,54.5,47.0,62,1
2026-10-11T12:37:00,30.0,54.5,47.1,54,1
2026-10-11T12:38:00,31.0,54.9,47.0,65,1
2026-10-11T12:39:00,29.0,56.5,46.9,72,1
2026-10-11T12:40:00,36.0,56.3,47.0,65,0
2026-10-11T12:41:00,32.9,53.7,47.2,60,3
2026-10-11T12:42:00,29.4,54.3,46.9,50,0
2026-10-11T12:43:00,35.2,54.5,47.0,69,0
2026-10-11T12:44:00,28.9,53.7,46.9,65,1
2026-10-11T12:45:00,28.2,54.9,47.0,55,1
2026-10-11T12:46:00,26.8,56.6,46.9,57,0
2026-10-11T12:47:00,31.6,56.7,47.0,68,0
2026-10-11T12:48:00,30.2,58.3,46.8,62,0
2026-10-11T12:49:00,29.0,55.4,46.9,64,1
2026-10-11T12:50:00,30.8,57.4,47.1,54,0
2026-10-11T12:51:00,33.2,54.0,47.2,52,0
2026-10-11T12:52:00,32.0,53.0,47.1,61,0
2026-10-11T12:53:00,31.1,55.9,46.9,67,0
2026-10-11T12:54:00,29.0,56.8,47.1,56,0
2026-10-11T12:55:00,25.2,54.5,47.0,62,0
2026-10-11T12:56:00,33.7,57.5,47.1,65,2
2026-10-11T12:57:00,30.0,56.1,47.1,56,0
2026-10-11T12:58:00,40.3,54.8,47.3,52,1
2026-10-11T12:59:00,35.6,55.7,46.9,64,3
2026-10-11T13:00:00,31.0,56.0,47.0,69,0
2026-10-11T13:01:00,34.8,54.8,47.0,70,0
2026-10-11T13:02:00,34.2,54.0,47.1,66,2
2026-10-11T13:03:00,35.0,57.0,47.0,58,0
2026-10-11T13:04:00,28.2,56.4,47.3,52,0
2026-10-11T13:05:00,26.1,54.3,47.0,53,0
2026-10-11T13:06:00,27.4,55.7,47.0,75,0
2026-10-11T13:07:00,35.2,55.3,47.0,64,1
2026-10-11T13:08:00,29.1,54.4,46.9,56,1
2026-10-11T13:09:00,32.5,54.4,47.1,67,1
2026-10-11T13:10:00,33.1,53.8,47.0,60,2
2026-10-11T13:11:00,31.3,55.2,47.0,67,0
2026-10-11T13:12:00,26.4,55.8,46.8,61,0
2026-10-11T13:13:00,29.6,55.7,47.1,67,0
2026-10-11T13:14:00,38.4,57.4,47.1,59,1
2026-10-11T13:15:00,24.8,55.0,47.0,68,0
2026-10-11T13:16:00,32.0,56.5,47.1,50,1
2026-10-11T13:17:00,34.3,55.7,46.9,70,4
2026-10-11T13:18:00,31.9,56.4,46.9,62,1
2026-10-11T13:19:00,28.9,54.6,47.1,67,0
2026-10-11T13:20:00,35.8,55.4,47.1,70,1
2026-10-11T13:21:00,32.3,54.5,46.9,57,0
2026-10-11T13:22:00,31.2,55.9,47.1,57,0
2026-10-11T13:23:00,29.0,54.7,47.0,53,0
2026-10-11T13:24:00,26.4,55.0,47.0,61,0
2026-10-11T13:25:00,28.9,53.6,47.0,50,2
2026-10-11T13:26:00,32.9,55.4,47.0,67,1
2026-10-11T13:27:00,31.6,54.9,47.0,70,0
2026-10-11T13:28:00,30.2,55.0,47.0,66,0
2026-10-11T13:29:00,28.5,54.3,47.1,64,1
2026-10-11T13:30:00,30.7,55.0,47.0,65,1
2026-10-11T13:31:00,34.1,56.2,47.1,51,0
2026-10-11T13:32:00,32.6,53.4,47.1,68,1
2026-10-11T13:33:00,29.9,55.0,47.2,56,0
2026-10-11T13:34:00,32.1,55.7,46.9,54,0
2026-10-11T13:35:00,24.5,54.3,46.8,65,0
2026-10-11T13:36:00,35.9,53.5,46.8,62,2
2026-10-11T13:37:00,30.3,55.9,47.0,58,1
2026-10-11T13:38:00,29.9,55.2,47.1,70,0
2026-10-11T13:39:00,35.5,55.6,47.0,57,1
2026-10-11T13:40:00,31.8,55.4,47.0,65,1
2026-10-11T13:41:00,29.4,55.7,47.4,55,3
2026-10-11T13:42:00,31.4,55.5,46.8,49,1
2026-10-11T13:43:00,32.7,55.0,47.1,55,0
2026-10-11T13:44:00,34.4,54.7,46.9,58,0
2026-10-11T13:45:00,31.1,55.3,46.9,69,0
2026-10-11T13:46:00,34.8,55.0,46.9,66,1
2026-10-11T13:47:00,30.4,56.6,47.0,59,1
2026-10-11T13:48:00,29.6,56.1,47.2,59,0
2026-10-11T13:49:00,29.0,55.3,47.1,69,0
2026-10-11T13:50:00,29.2,53.9,47.0,65,1
2026-10-11T13:51:00,32.8,53.4,47.0,60,2
2026-10-11T13:52:00,32.6,55.3,46.8,64,2
2026-10-11T13:53:00,30.6,55.1,47.0,60,0
2026-10-11T13:54:00,33.6,55.6,47.0,49,0
2026-10-11T13:55:00,30.2,54.8,46.9,67,1
2026-10-11T13:56:00,33.4,56.6,47.1,55,0
2026-10-11T13:57:00,29.9,54.5,47.0,58,1
2026-10-11T13:58:00,31.2,53.4,47.0,56,0
2026-10-11T13:59:00,29.8,55.9,47.1,61,0
2026-10-11T14:00:00,29.9,54.1,47.1,59,0
2026-10-11T14:01:00,31.9,55.5,47.0,61,1
2026-10-11T14:02:00,31.1,55.1,47.2,60,0
2026-10-11T14:03:00,32.0,55.0,47.0,53,0
2026-10-11T14:04:00,32.6,53.7,47.0,48,0
2026-10-11T14:05:00,32.8,54.1,47.2,65,0
2026-10-11T14:06:00,35.3,56.0,46.8,58,1
2026-10-11T14:07:00,29.2,53.6,47.1,65,0
2026-10-11T14:08:00,27.7,56.5,47.1,57,0
2026-10-11T14:09:00,33.6,54.3,46.8,58,0
2026-10-11T14:10:00,28.4,55.5,46.9,58,0
2026-10-11T14:11:00,30.7,56.1,47.1,55,0
2026-10-11T14:12:00,30.5,55.1,47.1,51,0
2026-10-11T14:13:00,32.2,54.6,47.0,67,0
2026-10-11T14:14:00,31.2,54.5,47.0,56,0
2026-10-11T14:15:00,30.6,55.5,47.0,60,1
2026-10-11T14:16:00,30.9,54.9,47.1,65,1
2026-10-11T14:17:00,33.3,56.7,47.0,66,0
2026-10-11T14:18:00,28.6,54.3,47.0,57,0
2026-10-11T14:19:00,26.0,55.8,47.1,64,0
2026-10-11T14:20:00,31.3,55.3,47.1,62,0
2026-10-11T14:21:00,35.9,54.5,46.9,56,1
2026-10-11T14:22:00,36.5,56.1,46.7,48,0
2026-10-11T14:23:00,30.5,54.7,47.0,59,0
2026-10-11T14:24:00,31.4,55.2,46.9,56,0
2026-10-11T14:25:00,27.9,56.0,47.1,61,0
2026-10-11T14:26:00,26.8,54.1,47.1,55,0
2026-10-11T14:27:00,30.7,53.9,46.9,66,0
2026-10-11T14:28:00,28.1,56.7,47.1,65,1
2026-10-11T14:29:00,26.8,54.4,47.0,63,1
2026-10-11T14:30:00,31.3,55.0,47.0,58,2
2026-10-11T14:31:00,32.7,55.1,46.9,62,2
2026-10-11T14:32:00,33.0,54.8,47.1,64,1
2026-10-11T14:33:00,29.0,53.9,46.9,65,0
2026-10-11T14:34:00,27.0,54.8,47.2,70,1
2026-10-11T14:35:00,33.8,55.1,47.1,60,1
2026-10-11T14:36:00,29.2,55.5,47.0,64,0
2026-10-11T14:37:00,29.9,56.4,46.9,59,0
2026-10-11T14:38:00,30.2,55.1,46.8,65,2
2026-10-11T14:39:00,32.2,55.5,46.9,55,0
2026-10-11T14:40:00,35.4,55.6,47.0,67,0
2026-10-11T14:41:00,30.3,56.1,47.1,62,1
2026-10-11T14:42:00,34.4,55.2,47.0,62,0
2026-10-11T14:43:00,31.6,54.8,47.1,52,0
2026-10-11T14:44:00,29.7,56.8,47.0,60,0
2026-10-11T14:45:00,35.9,54.9,47.1,74,0
2026-10-11T14:46:00,33.1,53.8,46.9,71,0
2026-10-11T14:47:00,31.1,54.0,47.0,60,0
2026-10-11T14:48:00,35.7,55.4,47.0,53,1
2026-10-11T14:49:00,31.7,53.0,47.1,53,1
2026-10-11T14:50:00,34.2,55.2,47.0,47,0
2026-10-11T14:51:00,31.9,54.7,46.8,55,0
2026-10-11T14:52:00,29.0,55.6,47.0,58,0
2026-10-11T14:53:00,27.7,54.8,46.9,51,0
2026-10-11T14:54:00,28.6,52.6,46.9,61,1
2026-10-11T14:55:00,32.5,54.7,47.1,64,0
2026-10-11T14:56:00,34.6,53.9,47.1,64,0
2026-10-11T14:57:00,31.7,56.3,47.2,70,0
2026-10-11T14:58:00,31.1,53.9,47.1,54,1
2026-10-11T14:59:00,28.4,55.9,47.0,65,0
2026-10-11T15:00:00,31.8,54.9,46.9,68,1
2026-10-11T15:01:00,33.1,55.2,47.0,65,0
2026-10-11T15:02:00,32.1,56.8,47.1,64,1
2026-10-11T15:03:00,30.9,53.3,47.0,64,1
2026-10-11T15:04:00,33.0,55.1,47.2,63,1
2026-10-11T15:05:00,35.5,54.9,47.0,62,0
2026-10-11T15:06:00,32.7,54.8,47.0,69,0
2026-10-11T15:07:00,29.8,54.5,47.0,54,0
2026-10-11T15:08:00,29.0,54.3,47.1,62,0
2026-10-11T15:09:00,30.6,54.9,47.1,56,0
2026-10-11T15:10:00,37.5,55.6,47.2,56,0
2026-10-11T15:11:00,33.6,55.4,47.0,54,1
2026-10-11T15:12:00,32.8,55.0,46.8,56,0
2026-10-11T15:13:00,30.5,56.3,46.9,51,0
2026-10-11T15:14:00,28.8,54.5,47.1,53,1
2026-10-11T15:15:00,31.6,54.0,47.1,56,0
2026-10-11T15:16:00,32.2,54.4,46.9,52,0
2026-10-11T15:17:00,29.5,53.1,47.0,68,0
2026-10-11T15:18:00,29.6,54.8,47.0,57,0
2026-10-11T15:19:00,24.8,54.5,47.2,55,1
2026-10-11T15:20:00,31.8,54.1,47.0,60,0
2026-10-11T15:21:00,31.5,54.9,47.1,70,0
2026-10-11T15:22:00,28.6,55.4,47.1,52,0
2026-10-11T15:23:00,29.9,56.2,47.2,54,0
2026-10-11T15:24:00,32.0,54.7,47.1,56,1
2026-10-11T15:25:00,30.5,55.8,47.0,53,0
2026-10-11T15:26:00,33.6,56.8,47.0,62,1
2026-10-11T15:27:00,33.5,55.6,46.9,60,0
2026-10-11T15:28:00,30.3,57.5,47.0,49,0
2026-10-11T15:29:00,34.5,54.6,46.8,61,1
2026-10-11T15:30:00,26.2,54.0,46.9,67,0
2026-10-11T15:31:00,29.9,56.5,47.1,45,1
2026-10-11T15:32:00,34.5,53.1,47.1,56,0
2026-10-11T15:33:00,30.2,53.5,47.0,48,1
2026-10-11T15:34:00,33.8,55.7,47.0,63,0
2026-10-11T15:35:00,30.5,55.8,47.1,58,1
2026-10-11T15:36:00,31.2,54.9,47.0,45,0
2026-10-11T15:37:00,33.5,55.3,47.1,64,0
2026-10-11T15:38:00,33.1,55.9,47.1,64,0
2026-10-11T15:39:00,30.5,55.7,46.9,57,2
2026-10-11T15:40:00,29.6,56.3,47.1,58,1
2026-10-11T15:41:00,28.8,56.6,46.9,64,0
2026-10-11T15:42:00,29.9,54.2,47.0,51,0
2026-10-11T15:43:00,26.9,54.5,47.3,61,0
2026-10-11T15:44:00,26.5,53.6,47.0,57,0
2026-10-11T15:45:00,31.4,53.5,47.2,60,0
2026-10-11T15:46:00,28.8,54.6,47.0,64,0
2026-10-11T15:47:00,36.3,55.6,46.9,59,0
2026-10-11T15:48:00,33.5,56.0,47.2,60,0
2026-10-11T15:49:00,33.3,53.8,46.9,68,0
2026-10-11T15:50:00,29.5,54.1,47.0,55,0
2026-10-11T15:51:00,29.5,54.7,47.0,62,0
2026-10-11T15:52:00,32.0,54.1,47.0,60,0
2026-10-11T15:53:00,25.2,55.9,47.1,58,0
2026-10-11T15:54:00,33.6,54.1,47.0,58,0
2026-10-11T15:55:00,29.1,54.6,47.0,52,1
2026-10-11T15:56:00,36.1,55.8,47.1,63,0
2026-10-11T15:57:00,33.9,54.8,47.0,67,0
2026-10-11T15:58:00,31.2,55.3,47.1,62,3
2026-10-11T15:59:00,30.1,53.4,46.9,47,2
2026-10-11T16:00:00,29.9,55.9,47.1,57,0
2026-10-11T16:01:00,30.7,53.9,47.0,59,1
2026-10-11T16:02:00,33.4,54.5,47.0,53,1
2026-10-11T16:03:00,30.8,53.8,47.1,56,0
2026-10-11T16:04:00,29.6,55.1,46.9,67,0
2026-10-11T16:05:00,30.0,56.1,47.0,69,1
2026-10-11T16:06:00,30.4,53.6,47.0,46,1
2026-10-11T16:07:00,32.6,55.5,46.9,61,0
2026-10-11T16:08:00,30.0,54.4,47.1,74,0
2026-10-11T16:09:00,27.3,55.5,47.1,51,0
2026-10-11T16:10:00,34.8,53.5,47.2,59,0
2026-10-11T16:11:00,25.8,55.2,46.9,65,0
2026-10-11T16:12:00,30.8,54.5,46.9,50,1
2026-10-11T16:13:00,28.1,54.5,46.9,58,1
2026-10-11T16:14:00,33.0,55.7,47.1,51,0
2026-10-11T16:15:00,34.1,54.7,47.1,67,1
2026-10-11T16:16:00,30.0,55.8,46.9,50,2
2026-10-11T16:17:00,30.1,54.5,46.9,57,1
2026-10-11T16:18:00,29.3,54.4,47.0,60,1
2026-10-11T16:19:00,30.4,55.6,46.9,53,3
2026-10-11T16:20:00,28.3,54.0,46.9,57,0
2026-10-11T16:21:00,31.5,56.6,46.9,52,2
2026-10-11T16:22:00,31.1,55.0,46.9,58,0
2026-10-11T16:23:00,28.8,56.0,46.9,69,1
2026-10-11T16:24:00,31.2,55.1,46.9,51,1
2026-10-11T16:25:00,33.5,55.2,47.0,55,2
2026-10-11T16:26:00,28.8,54.5,47.1,62,1
2026-10-11T16:27:00,34.3,54.0,47.2,50,1
2026-10-11T16:28:00,32.2,53.5,47.0,67,0
2026-10-11T16:29:00,31.9,55.5,46.9,60,0
2026-10-11T16:30:00,34.3,55.6,46.9,62,0
2026-10-11T16:31:00,28.6,56.5,47.1,56,0
2026-10-11T16:32:00,33.1,55.1,46.9,52,1
2026-10-11T16:33:00,34.0,54.2,46.9,51,1
2026-10-11T16:34:00,29.1,56.4,47.0,58,0
2026-10-11T16:35:00,33.3,54.3,47.1,57,0
2026-10-11T16:36:00,26.2,54.2,47.0,56,2
2026-10-11T16:37:00,30.4,56.3,46.9,67,1
2026-10-11T16:38:00,31.5,55.2,47.0,53,0
2026-10-11T16:39:00,29.4,56.5,46.8,58,2
2026-10-11T16:40:00,29.6,54.4,47.0,65,1
2026-10-11T16:41:00,30.1,56.3,47.1,54,0
2026-10-11T16:42:00,32.8,55.9,46.9,67,1
2026-10-11T16:43:00,34.5,57.9,46.8,63,0
2026-10-11T16:44:00,28.6,54.5,47.1,59,1
2026-10-11T16:45:00,32.6,55.8,46.9,54,0
2026-10-11T16:46:00,30.6,55.3,46.9,68,1
2026-10-11T16:47:00,28.5,55.9,46.9,56,0
2026-10-11T16:48:00,34.5,55.5,47.0,65,2
2026-10-11T16:49:00,29.8,54.9,47.0,64,1
2026-10-11T16:50:00,34.3,56.5,46.9,56,0
2026-10-11T16:51:00,32.6,53.4,46.9,53,0
2026-10-11T16:52:00,29.1,55.3,47.0,55,0
2026-10-11T16:53:00,27.5,54.9,47.0,48,1
2026-10-11T16:54:00,26.8,56.2,46.8,59,1
2026-10-11T16:55:00,32.9,54.4,46.9,53,0
2026-10-11T16:56:00,28.7,55.0,46.9,73,0
2026-10-11T16:57:00,29.7,56.6,46.9,54,0
2026-10-11T16:58:00,31.1,54.6,47.0,67,1
2026-10-11T16:59:00,34.3,54.4,46.9,59,0
2026-10-11T17:00:00,31.2,55.0,47.0,60,0
2026-10-11T17:01:00,38.2,55.5,47.0,58,0
2026-10-11T17:02:00,31.6,55.7,47.0,63,2
2026-10-11T17:03:00,30.8,55.5,47.0,53,0
2026-10-11T17:04:00,31.0,56.4,47.0,65,1
2026-10-11T17:05:00,28.4,53.2,47.0,60,1
2026-10-11T17:06:00,28.2,53.8,46.9,57,0
2026-10-11T17:07:00,30.3,53.9,47.0,61,1
2026-10-11T17:08:00,27.2,54.6,46.9,67,0
2026-10-11T17:09:00,28.0,55.2,47.0,61,1
2026-10-11T17:10:00,32.7,53.1,46.9,50,0
2026-10-11T17:11:00,31.2,55.2,47.0,51,2
2026-10-11T17:12:00,33.1,56.3,47.0,63,1
2026-10-11T17:13:00,26.7,53.4,47.0,61,0
2026-10-11T17:14:00,34.0,54.3,47.0,55,0
2026-10-11T17:15:00,28.0,56.3,46.9,68,0
2026-10-11T17:16:00,33.8,54.5,47.1,66,0
2026-10-11T17:17:00,32.8,54.1,46.9,57,0
2026-10-11T17:18:00,36.2,54.9,46.9,64,0
2026-10-11T17:19:00,28.1,53.5,47.0,50,0
2026-10-11T17:20:00,27.4,54.9,47.0,48,0
2026-10-11T17:21:00,30.3,53.7,47.0,52,1
2026-10-11T17:22:00,30.2,54.6,47.2,61,0
2026-10-11T17:23:00,34.3,55.4,47.0,55,1
2026-10-11T17:24:00,30.6,55.7,47.1,60,1
2026-10-11T17:25:00,33.7,55.1,47.0,68,0
2026-10-11T17:26:00,28.4,55.8,46.9,66,1
2026-10-11T17:27:00,29.8,53.0,47.1,66,1
2026-10-11T17:28:00,32.1,52.9,47.2,63,0
2026-10-11T17:29:00,29.0,54.7,47.1,52,1
2026-10-11T17:30:00,28.4,54.1,47.1,51,1
2026-10-11T17:31:00,29.3,55.8,47.0,59,0
2026-10-11T17:32:00,36.2,57.3,47.1,59,0
2026-10-11T17:33:00,28.7,56.3,47.1,62,0
2026-10-11T17:34:00,33.9,54.4,46.8,65,0
2026-10-11T17:35:00,34.6,56.8,46.8,60,0
2026-10-11T17:36:00,34.2,55.3,46.9,63,0
2026-10-11T17:37:00,32.2,54.7,46.9,60,2
2026-10-11T17:38:00,31.1,55.8,47.0,53,1
2026-10-11T17:39:00,29.0,55.3,47.0,62,0
2026-10-11T17:40:00,31.4,54.4,47.0,60,0
2026-10-11T17:41:00,31.8,56.2,47.0,69,3
2026-10-11T17:42:00,28.6,54.9,47.0,60,2
2026-10-11T17:43:00,31.9,57.6,47.1,57,0
2026-10-11T17:44:00,32.5,55.5,47.0,55,2
2026-10-11T17:45:00,25.9,55.1,47.0,59,0
2026-10-11T17:46:00,29.9,54.3,47.1,61,1
2026-10-11T17:47:00,28.1,57.2,47.1,67,2
2026-10-11T17:48:00,30.1,55.1,46.9,58,1
2026-10-11T17:49:00,31.5,53.5,47.0,60,0
2026-10-11T17:50:00,30.7,54.7,47.0,64,0
2026-10-11T17:51:00,28.2,54.3,47.1,68,1
2026-10-11T17:52:00,25.1,53.8,47.0,55,2
2026-10-11T17:53:00,29.7,54.9,46.9,57,0
2026-10-11T17:54:00,32.2,56.6,47.0,57,0
2026-10-11T17:55:00,30.0,55.4,47.0,65,0
2026-10-11T17:56:00,29.4,54.5,47.0,53,1
2026-10-11T17:57:00,25.2,55.3,47.2,57,0
2026-10-11T17:58:00,31.3,54.2,47.0,52,1
2026-10-11T17:59:00,32.0,54.8,47.0,51,0
2026-10-11T18:00:00,35.5,54.2,47.2,59,0
2026-10-11T18:01:00,30.0,56.5,46.9,59,1
2026-10-11T18:02:00,31.3,53.1,46.8,56,1
2026-10-11T18:03:00,28.3,54.2,47.0,57,0
2026-10-11T18:04:00,33.5,55.4,47.1,57,2
2026-10-11T18:05:00,28.6,56.5,46.8,62,0
2026-10-11T18:06:00,33.5,53.0,47.0,62,0
2026-10-11T18:07:00,34.8,55.0,47.1,56,1
2026-10-11T18:08:00,29.9,55.5,47.0,55,1
2026-10-11T18:09:00,32.0,55.9,46.8,65,0
2026-10-11T18:10:00,27.5,56.5,47.0,47,1
2026-10-11T18:11:00,31.4,54.4,47.2,55,1
2026-10-11T18:12:00,35.1,53.9,46.9,51,0
2026-10-11T18:13:00,33.8,55.5,46.9,64,1
2026-10-11T18:14:00,27.0,55.4,47.0,61,1
2026-10-11T18:15:00,27.6,55.5,46.9,59,0
2026-10-11T18:16:00,32.9,55.1,47.0,58,0
2026-10-11T18:17:00,27.9,54.2,46.8,69,0
2026-10-11T18:18:00,29.3,55.1,47.1,63,0
2026-10-11T18:19:00,29.2,54.2,47.0,53,1
2026-10-11T18:20:00,30.0,54.9,46.9,62,0
2026-10-11T18:21:00,34.8,54.2,47.0,59,0
2026-10-11T18:22:00,31.4,55.1,47.1,57,0
2026-10-11T18:23:00,30.1,54.8,47.0,63,1
2026-10-11T18:24:00,26.0,57.2,46.9,63,0
2026-10-11T18:25:00,32.7,55.2,46.9,61,0
2026-10-11T18:26:00,36.1,55.3,46.8,57,0
2026-10-11T18:27:00,32.6,55.9,47.0,64,2
2026-10-11T18:28:00,31.8,56.7,47.0,70,0
2026-10-11T18:29:00,33.2,54.4,47.0,64,2
2026-10-11T18:30:00,31.4,56.0,47.2,65,1
2026-10-11T18:31:00,28.5,55.7,46.9,69,0
2026-10-11T18:32:00,33.5,55.1,47.2,60,0
2026-10-11T18:33:00,30.5,55.4,47.0,54,0
2026-10-11T18:34:00,27.4,54.9,47.1,50,0
2026-10-11T18:35:00,28.7,53.5,47.0,52,2
2026-10-11T18:36:00,35.3,56.2,46.9,60,1
2026-10-11T18:37:00,28.5,54.7,47.0,60,0
2026-10-11T18:38:00,31.3,55.8,46.8,57,0
2026-10-11T18:39:00,34.6,52.5,47.0,60,0
2026-10-11T18:40:00,33.3,55.8,46.8,69,0
2026-10-11T18:41:00,29.0,55.7,47.1,56,0
2026-10-11T18:42:00,33.7,55.3,47.1,56,0
2026-10-11T18:43:00,34.6,55.7,46.9,63,0
2026-10-11T18:44:00,28.6,54.8,46.9,64,0
2026-10-11T18:45:00,30.5,54.6,47.1,61,0
2026-10-11T18:46:00,34.0,56.2,47.0,68,2
2026-10-11T18:47:00,32.6,55.1,46.8,68,1
2026-10-11T18:48:00,31.9,54.5,46.9,65,0
2026-10-11T18:49:00,28.3,54.6,47.0,48,1
2026-10-11T18:50:00,26.9,55.3,47.0,56,0
2026-10-11T18:51:00,33.0,53.6,46.8,60,2
2026-10-11T18:52:00,31.1,54.1,46.9,55,0
2026-10-11T18:53:00,32.2,55.7,47.0,67,0
2026-10-11T18:54:00,31.2,55.3,47.2,54,0
2026-10-11T18:55:00,31.0,56.0,47.0,62,1
2026-10-11T18:56:00,31.6,53.9,47.0,49,1
2026-10-11T18:57:00,29.3,53.4,46.8,55,1
2026-10-11T18:58:00,29.5,54.6,47.1,49,1
2026-10-11T18:59:00,30.7,54.0,46.9,59,0
2026-10-11T19:00:00,27.0,53.7,47.2,68,0
2026-10-11T19:01:00,30.4,57.6,46.8,66,0
2026-10-11T19:02:00,30.6,54.0,46.9,63,0
2026-10-11T19:03:00,29.8,54.4,46.8,62,1
2026-10-11T19:04:00,31.4,55.3,46.9,60,0
2026-10-11T19:05:00,33.2,53.0,47.0,60,0
2026-10-11T19:06:00,31.0,55.6,47.0,56,0
2026-10-11T19:07:00,30.3,54.7,46.9,61,0
2026-10-11T19:08:00,33.3,54.3,47.0,58,0
2026-10-11T19:09:00,32.9,52.4,46.9,72,0
2026-10-11T19:10:00,29.5,55.2,47.0,57,2
2026-10-11T19:11:00,29.2,55.2,47.0,59,1
2026-10-11T19:12:00,37.6,55.5,46.9,64,0
2026-10-11T19:13:00,32.3,55.1,46.9,45,0
2026-10-11T19:14:00,24.0,54.9,47.1,61,0
2026-10-11T19:15:00,28.3,55.9,47.0,52,1
2026-10-11T19:16:00,28.4,55.4,47.1,59,1
2026-10-11T19:17:00,29.4,57.4,46.8,61,0
2026-10-11T19:18:00,30.4,54.6,47.0,64,0
2026-10-11T19:19:00,29.4,55.3,47.2,56,0
2026-10-11T19:20:00,35.7,53.7,47.0,55,1
2026-10-11T19:21:00,28.5,54.5,46.9,63,4
2026-10-11T19:22:00,34.9,54.6,47.0,55,0
2026-10-11T19:23:00,30.0,54.2,47.1,66,0
2026-10-11T19:24:00,36.0,55.8,47.0,65,0
2026-10-11T19:25:00,28.9,54.8,46.9,62,0
2026-10-11T19:26:00,30.2,54.8,47.0,57,1
2026-10-11T19:27:00,29.6,55.3,47.0,64,2
2026-10-11T19:28:00,38.7,53.9,47.0,58,1
2026-10-11T19:29:00,29.3,55.2,47.0,62,0
2026-10-11T19:30:00,35.4,55.1,47.0,63,0
2026-10-11T19:31:00,28.6,53.5,46.9,58,1
2026-10-11T19:32:00,26.3,54.9,47.0,69,0
2026-10-11T19:33:00,33.4,54.2,47.0,61,0
2026-10-11T19:34:00,31.1,55.0,47.0,68,1
2026-10-11T19:35:00,39.1,53.2,47.2,56,2
2026-10-11T19:36:00,31.7,55.1,47.0,58,1
2026-10-11T19:37:00,32.0,56.0,47.2,56,1
2026-10-11T19:38:00,31.0,54.7,47.0,56,0
2026-10-11T19:39:00,30.2,53.3,47.0,75,1
2026-10-11T19:40:00,34.1,56.5,47.0,65,1
2026-10-11T19:41:00,31.6,55.5,46.9,76,0
2026-10-11T19:42:00,29.3,55.0,47.0,68,1
2026-10-11T19:43:00,28.8,56.1,46.9,56,0
2026-10-11T19:44:00,26.9,53.1,47.1,55,0
2026-10-11T19:45:00,28.8,56.4,47.2,65,0
2026-10-11T19:46:00,30.9,54.5,46.8,57,0
2026-10-11T19:47:00,38.4,54.9,47.1,62,1
2026-10-11T19:48:00,32.6,52.5,47.1,57,1
2026-10-11T19:49:00,31.6,54.5,46.8,69,1
2026-10-11T19:50:00,29.1,56.8,47.0,55,0
2026-10-11T19:51:00,39.1,55.8,46.9,66,1
2026-10-11T19:52:00,35.9,55.2,47.1,62,0
2026-10-11T19:53:00,31.7,56.0,47.2,63,2
2026-10-11T19:54:00,32.4,53.9,47.0,59,0
2026-10-11T19:55:00,26.4,54.4,46.8,62,0
2026-10-11T19:56:00,28.4,55.2,47.1,60,0
2026-10-11T19:57:00,33.6,56.7,47.0,69,0
2026-10-11T19:58:00,30.9,55.8,47.1,60,1
2026-10-11T19:59:00,33.9,53.8,47.1,62,0
2026-10-11T20:00:00,27.1,55.9,46.8,59,1
2026-10-11T20:01:00,29.5,53.6,47.0,54,1
2026-10-11T20:02:00,28.2,56.5,47.1,59,0
2026-10-11T20:03:00,31.0,53.4,46.9,57,0
2026-10-11T20:04:00,32.6,56.6,47.1,63,0
2026-10-11T20:05:00,31.6,55.5,46.9,70,0
2026-10-11T20:06:00,32.9,53.7,47.1,60,1
2026-10-11T20:07:00,29.6,54.5,46.9,61,1
2026-10-11T20:08:00,27.8,54.2,47.2,63,0
2026-10-11T20:09:00,35.5,54.8,47.0,59,0
2026-10-11T20:10:00,32.8,53.9,47.0,57,0
2026-10-11T20:11:00,29.9,54.4,47.0,58,0
2026-10-11T20:12:00,22.6,52.7,46.9,57,0
2026-10-11T20:13:00,31.3,55.2,47.0,55,0
2026-10-11T20:14:00,30.9,56.0,47.0,65,0
2026-10-11T20:15:00,34.4,55.3,47.2,65,0
2026-10-11T20:16:00,32.2,56.5,47.0,60,1
2026-10-11T20:17:00,28.6,56.8,46.9,56,0
2026-10-11T20:18:00,32.5,55.5,47.0,54,1
2026-10-11T20:19:00,30.3,54.4,46.8,50,0
2026-10-11T20:20:00,35.2,53.7,46.9,67,0
2026-10-11T20:21:00,30.8,57.2,47.1,61,2
2026-10-11T20:22:00,31.6,54.4,47.0,60,2
2026-10-11T20:23:00,27.7,54.6,46.8,55,1
2026-10-11T20:24:00,32.6,54.6,47.1,47,0
2026-10-11T20:25:00,36.4,55.4,47.2,59,0
2026-10-11T20:26:00,29.6,54.2,46.9,61,1
2026-10-11T20:27:00,40.1,55.4,47.0,56,1
2026-10-11T20:28:00,28.8,53.9,47.1,63,1
2026-10-11T20:29:00,27.7,56.3,46.9,69,0
2026-10-11T20:30:00,30.0,55.3,47.0,61,0
2026-10-11T20:31:00,27.2,54.7,47.1,60,1
2026-10-11T20:32:00,31.6,54.0,47.1,44,1
2026-10-11T20:33:00,33.1,55.1,47.0,64,0
2026-10-11T20:34:00,30.3,52.8,47.0,66,1
2026-10-11T20:35:00,28.9,52.9,47.0,67,0
2026-10-11T20:36:00,27.6,55.3,46.9,55,0
2026-10-11T20:37:00,32.0,56.0,47.1,59,1
2026-10-11T20:38:00,29.1,56.3,46.9,64,0
2026-10-11T20:39:00,27.4,55.1,47.0,61,0
2026-10-11T20:40:00,33.6,55.2,46.9,68,0
2026-10-11T20:41:00,34.5,55.7,46.9,59,1
2026-10-11T20:42:00,30.2,54.2,47.1,55,0
2026-10-11T20:43:00,31.2,52.8,47.0,66,0
2026-10-11T20:44:00,26.6,55.3,47.1,64,1
2026-10-11T20:45:00,32.5,56.4,46.9,53,0
2026-10-11T20:46:00,28.4,55.0,47.1,61,1
2026-10-11T20:47:00,32.2,55.3,47.1,60,0
2026-10-11T20:48:00,31.5,56.1,46.9,73,2
2026-10-11T20:49:00,30.9,55.8,46.9,69,0
2026-10-11T20:50:00,27.9,56.1,46.9,66,0
2026-10-11T20:51:00,34.6,55.2,47.0,51,0
2026-10-11T20:52:00,32.7,54.3,46.9,62,1
2026-10-11T20:53:00,34.1,54.8,46.9,62,2
2026-10-11T20:54:00,26.9,55.0,47.1,60,0
2026-10-11T20:55:00,29.4,54.5,47.2,61,0
2026-10-11T20:56:00,34.3,53.9,47.0,59,2
2026-10-11T20:57:00,33.2,55.6,47.2,56,0
2026-10-11T20:58:00,25.2,57.0,47.0,59,0
2026-10-11T20:59:00,31.4,55.6,47.0,62,0
2026-10-11T21:00:00,24.6,56.5,47.1,50,1
2026-10-11T21:01:00,36.5,52.8,47.2,58,1
2026-10-11T21:02:00,28.4,54.9,47.2,61,0
2026-10-11T21:03:00,34.2,55.3,46.9,60,1
2026-10-11T21:04:00,33.1,53.9,47.0,53,0
2026-10-11T21:05:00,30.4,56.3,47.0,54,0
2026-10-11T21:06:00,29.7,55.4,47.0,56,2
2026-10-11T21:07:00,30.4,54.5,46.9,72,0
2026-10-11T21:08:00,27.9,54.9,46.9,59,0
2026-10-11T21:09:00,25.1,55.8,47.0,66,0
2026-10-11T21:10:00,30.7,55.1,46.8,58,0
2026-10-11T21:11:00,34.3,54.3,46.9,58,0
2026-10-11T21:12:00,29.4,55.4,46.9,67,0
2026-10-11T21:13:00,30.6,54.8,46.9,64,1
2026-10-11T21:14:00,34.4,56.1,47.0,69,0
2026-10-11T21:15:00,29.5,55.7,47.1,60,0
2026-10-11T21:16:00,29.4,55.8,47.1,62,0
2026-10-11T21:17:00,30.2,53.9,46.8,60,1
2026-10-11T21:18:00,33.1,54.7,46.9,55,0
2026-10-11T21:19:00,31.7,56.3,46.9,57,1
2026-10-11T21:20:00,30.5,52.2,47.0,56,0
2026-10-11T21:21:00,29.5,55.2,46.8,61,1
2026-10-11T21:22:00,28.0,55.0,47.0,61,0
2026-10-11T21:23:00,32.2,54.0,47.1,56,2
2026-10-11T21:24:00,32.1,53.8,46.9,59,0
2026-10-11T21:25:00,29.7,56.5,47.1,58,0
2026-10-11T21:26:00,31.4,54.6,47.0,63,0
2026-10-11T21:27:00,33.1,54.5,47.1,53,2
2026-10-11T21:28:00,29.4,54.8,47.1,55,0
2026-10-11T21:29:00,29.9,55.4,47.0,45,3
2026-10-11T21:30:00,22.5,56.9,47.1,60,0
2026-10-11T21:31:00,27.9,55.8,46.9,70,2
2026-10-11T21:32:00,31.2,54.1,46.8,62,0
2026-10-11T21:33:00,32.3,57.1,47.0,64,0
2026-10-11T21:34:00,31.5,55.0,46.9,66,0
2026-10-11T21:35:00,29.6,55.3,47.0,57,0
2026-10-11T21:36:00,32.5,53.6,46.9,57,0
2026-10-11T21:37:00,28.0,56.2,47.1,67,1
2026-10-11T21:38:00,35.0,55.7,46.9,62,0
2026-10-11T21:39:00,32.0,54.8,47.0,54,2
2026-10-11T21:40:00,32.0,55.5,47.1,59,0
2026-10-11T21:41:00,29.7,55.4,47.0,64,0
2026-10-11T21:42:00,31.0,55.2,47.0,66,0
2026-10-11T21:43:00,30.6,55.3,47.0,54,0
2026-10-11T21:44:00,30.7,57.3,46.9,59,1
2026-10-11T21:45:00,32.4,55.3,47.2,57,1
2026-10-11T21:46:00,25.8,55.5,46.9,67,1
2026-10-11T21:47:00,35.5,55.1,47.2,51,1
2026-10-11T21:48:00,26.5,53.4,47.1,70,0
2026-10-11T21:49:00,30.5,55.4,46.8,59,0
2026-10-11T21:50:00,32.8,54.1,47.0,53,1
2026-10-11T21:51:00,31.8,55.9,47.1,62,0
2026-10-11T21:52:00,32.0,55.5,46.9,61,0
2026-10-11T21:53:00,28.9,55.8,47.0,67,0
2026-10-11T21:54:00,30.7,54.5,47.1,61,0
2026-10-11T21:55:00,32.5,54.1,47.0,59,0
2026-10-11T21:56:00,28.3,55.5,46.9,68,0
2026-10-11T21:57:00,27.0,53.1,47.0,50,0
2026-10-11T21:58:00,29.9,56.3,46.9,59,1
2026-10-11T21:59:00,33.7,55.1,47.0,51,0
2026-10-11T22:00:00,34.9,53.7,46.9,62,0
2026-10-11T22:01:00,30.4,54.0,47.2,62,0
2026-10-11T22:02:00,29.3,55.7,47.1,57,1
2026-10-11T22:03:00,28.4,54.2,46.9,62,2
2026-10-11T22:04:00,32.2,54.0,47.0,65,0
2026-10-11T22:05:00,27.0,53.9,47.0,50,1
2026-10-11T22:06:00,28.7,55.7,47.1,60,1
2026-10-11T22:07:00,28.5,55.4,47.0,48,0
2026-10-11T22:08:00,29.8,54.9,47.1,56,1
2026-10-11T22:09:00,30.0,53.6,47.0,44,0
2026-10-11T22:10:00,28.6,54.9,46.9,49,1
2026-10-11T22:11:00,34.3,54.7,47.1,47,1
2026-10-11T22:12:00,30.9,55.8,47.2,53,0
2026-10-11T22:13:00,29.4,54.2,47.1,56,0
2026-10-11T22:14:00,30.2,55.8,46.9,52,0
2026-10-11T22:15:00,35.9,56.1,47.0,57,0
2026-10-11T22:16:00,29.2,55.3,47.1,53,0
2026-10-11T22:17:00,31.1,55.6,46.8,53,0
2026-10-11T22:18:00,30.8,55.1,47.1,62,0
2026-10-11T22:19:00,29.3,54.9,47.0,67,1
2026-10-11T22:20:00,31.6,57.1,47.0,58,2
2026-10-11T22:21:00,28.3,54.9,47.1,68,0
2026-10-11T22:22:00,24.2,53.3,47.0,70,0
2026-10-11T22:23:00,31.2,54.2,47.0,63,2
2026-10-11T22:24:00,32.2,55.1,47.0,78,0
2026-10-11T22:25:00,33.9,54.9,47.1,59,0
2026-10-11T22:26:00,33.4,54.7,46.9,54,0
2026-10-11T22:27:00,31.6,55.7,47.1,66,0
2026-10-11T22:28:00,26.3,56.5,47.0,59,1
2026-10-11T22:29:00,30.3,54.4,47.0,54,1
2026-10-11T22:30:00,26.0,54.4,46.8,52,0
2026-10-11T22:31:00,32.4,55.7,47.0,57,0
2026-10-11T22:32:00,32.5,55.4,46.9,59,0
2026-10-11T22:33:00,31.8,55.9,46.9,53,0
2026-10-11T22:34:00,29.6,55.9,47.0,67,0
2026-10-11T22:35:00,33.0,53.7,46.9,57,1
2026-10-11T22:36:00,29.7,56.9,47.1,55,0
2026-10-11T22:37:00,33.4,55.6,47.0,53,0
2026-10-11T22:38:00,32.0,55.3,47.0,60,0
2026-10-11T22:39:00,33.6,55.3,47.2,65,1
2026-10-11T22:40:00,32.8,56.3,47.0,62,0
2026-10-11T22:41:00,26.4,54.9,46.8,53,0
2026-10-11T22:42:00,34.9,54.3,46.9,58,0
2026-10-11T22:43:00,29.0,55.4,47.0,58,2
2026-10-11T22:44:00,33.3,55.7,47.0,70,1
2026-10-11T22:45:00,33.3,54.9,47.0,67,3
2026-10-11T22:46:00,32.4,55.4,47.0,62,0
2026-10-11T22:47:00,33.4,55.3,47.0,65,1
2026-10-11T22:48:00,29.8,55.1,47.0,68,0
2026-10-11T22:49:00,27.3,54.7,47.0,67,1
2026-10-11T22:50:00,31.5,55.9,47.0,71,2
2026-10-11T22:51:00,26.9,53.8,46.9,65,1
2026-10-11T22:52:00,27.7,55.8,47.2,64,0
2026-10-11T22:53:00,27.9,54.5,46.9,64,2
2026-10-11T22:54:00,32.8,54.8,47.0,64,0
2026-10-11T22:55:00,38.3,55.4,46.9,59,0
2026-10-11T22:56:00,31.5,53.0,47.3,57,2
2026-10-11T22:57:00,33.0,52.8,47.0,63,0
2026-10-11T22:58:00,23.5,55.7,47.1,67,1
2026-10-11T22:59:00,33.4,55.4,47.0,58,1
2026-10-11T23:00:00,31.7,53.0,47.0,56,0
2026-10-11T23:01:00,30.4,54.5,46.9,56,0
2026-10-11T23:02:00,31.8,55.1,47.0,67,1
2026-10-11T23:03:00,32.3,54.8,46.9,51,0
2026-10-11T23:04:00,31.8,53.6,47.1,64,0
2026-10-11T23:05:00,29.5,54.5,46.8,55,0
2026-10-11T23:06:00,29.3,55.1,46.9,60,0
2026-10-11T23:07:00,34.4,57.6,47.0,55,1
2026-10-11T23:08:00,23.6,55.4,46.9,68,0
2026-10-11T23:09:00,24.4,55.8,47.0,48,2
2026-10-11T23:10:00,35.9,56.9,46.9,70,1
2026-10-11T23:11:00,32.4,56.5,46.9,60,0
2026-10-11T23:12:00,28.7,55.1,47.0,67,0
2026-10-11T23:13:00,29.3,55.3,47.1,59,0
2026-10-11T23:14:00,30.9,54.3,47.0,66,1
2026-10-11T23:15:00,30.3,52.7,46.8,60,0
2026-10-11T23:16:00,28.1,53.8,46.9,61,0
2026-10-11T23:17:00,32.6,54.7,47.1,53,0
2026-10-11T23:18:00,32.6,54.9,46.9,58,1
2026-10-11T23:19:00,34.8,55.7,47.0,62,0
2026-10-11T23:20:00,32.7,54.7,47.1,54,0
2026-10-11T23:21:00,27.0,55.0,47.1,50,1
2026-10-11T23:22:00,32.4,54.4,47.2,58,1
2026-10-11T23:23:00,28.1,54.6,47.1,59,3
2026-10-11T23:24:00,37.0,54.8,47.0,55,0
2026-10-11T23:25:00,32.3,55.1,47.0,62,1
2026-10-11T23:26:00,27.1,55.9,47.1,51,0
2026-10-11T23:27:00,33.6,55.5,46.8,64,1
2026-10-11T23:28:00,32.3,56.0,47.0,59,1
2026-10-11T23:29:00,35.0,55.2,47.0,69,0
2026-10-11T23:30:00,32.6,54.9,46.9,55,1
2026-10-11T23:31:00,32.2,56.2,47.0,63,0
2026-10-11T23:32:00,29.1,54.2,47.0,68,0
2026-10-11T23:33:00,36.2,54.2,47.0,60,1
2026-10-11T23:34:00,33.0,55.8,47.1,64,1
2026-10-11T23:35:00,29.2,55.4,47.1,67,0
2026-10-11T23:36:00,29.7,55.5,47.1,64,0
2026-10-11T23:37:00,25.1,55.5,47.0,62,0
2026-10-11T23:38:00,35.3,54.5,47.0,67,0
2026-10-11T23:39:00,31.1,55.2,46.8,62,0
2026-10-11T23:40:00,35.9,56.4,46.8,62,1
2026-10-11T23:41:00,27.7,57.1,46.8,54,1
2026-10-11T23:42:00,34.6,56.3,47.2,53,0
2026-10-11T23:43:00,35.9,56.4,46.9,59,0
2026-10-11T23:44:00,30.1,55.2,47.0,64,0
2026-10-11T23:45:00,31.9,53.7,47.0,62,0
2026-10-11T23:46:00,23.4,53.0,46.9,52,1
2026-10-11T23:47:00,33.2,55.4,47.2,63,0
2026-10-11T23:48:00,32.5,55.3,47.0,70,1
2026-10-11T23:49:00,32.3,55.5,47.0,58,1
2026-10-11T23:50:00,32.3,55.7,46.9,65,0
2026-10-11T23:51:00,25.9,55.6,47.0,72,0
2026-10-11T23:52:00,35.6,53.0,47.1,59,1
2026-10-11T23:53:00,32.3,53.9,46.8,71,1
2026-10-11T23:54:00,32.9,55.0,47.0,65,0
2026-10-11T23:55:00,28.9,54.9,46.9,60,0
2026-10-11T23:56:00,28.4,55.1,47.0,63,1
2026-10-11T23:57:00,32.9,54.3,47.1,70,1
2026-10-11T23:58:00,35.4,55.0,47.0,57,0
2026-10-11T23:59:00,33.7,54.7,47.0,49,1
2026-10-12T00:00:00,25.2,55.8,47.0,66,0
2026-10-12T00:01:00,32.3,54.8,47.1,59,0
2026-10-12T00:02:00,34.1,55.5,46.9,47,0
2026-10-12T00:03:00,31.2,53.8,47.0,54,0
2026-10-12T00:04:00,34.4,55.7,47.1,65,2
2026-10-12T00:05:00,27.0,55.7,47.2,58,0
2026-10-12T00:06:00,31.4,55.2,47.0,72,0
2026-10-12T00:07:00,32.3,54.4,47.1,54,2
2026-10-12T00:08:00,28.4,54.6,47.1,69,1
2026-10-12T00:09:00,34.7,56.4,47.0,54,3
2026-10-12T00:10:00,28.7,55.2,47.0,48,1
2026-10-12T00:11:00,32.0,53.5,46.9,68,0
2026-10-12T00:12:00,31.2,52.3,47.0,57,0
2026-10-12T00:13:00,34.8,55.0,47.1,49,0
2026-10-12T00:14:00,34.6,54.6,47.1,61,0
2026-10-12T00:15:00,31.0,54.8,47.0,67,0
2026-10-12T00:16:00,29.1,54.7,46.8,60,0
2026-10-12T00:17:00,32.2,55.5,46.9,63,0
2026-10-12T00:18:00,29.9,54.5,47.1,66,0
2026-10-12T00:19:00,30.6,55.9,47.2,59,1
2026-10-12T00:20:00,32.5,53.8,47.0,50,1
2026-10-12T00:21:00,29.7,55.4,46.9,57,0
2026-10-12T00:22:00,33.0,55.9,47.1,61,1
2026-10-12T00:23:00,31.7,55.1,47.1,56,1
2026-10-12T00:24:00,30.6,56.5,46.8,57,0
2026-10-12T00:25:00,32.8,56.6,46.8,64,0
2026-10-12T00:26:00,31.0,54.9,46.9,64,0
2026-10-12T00:27:00,34.1,54.6,47.0,53,2
2026-10-12T00:28:00,33.0,53.5,47.2,61,0
2026-10-12T00:29:00,30.6,56.0,47.0,58,1
2026-10-12T00:30:00,31.3,55.4,46.8,65,1
2026-10-12T00:31:00,32.0,55.0,46.9,60,0
2026-10-12T00:32:00,32.0,54.1,47.0,63,1
2026-10-12T00:33:00,30.1,53.5,47.0,52,1
2026-10-12T00:34:00,31.8,55.0,46.9,66,1
2026-10-12T00:35:00,31.1,55.9,46.9,62,1
2026-10-12T00:36:00,31.8,53.1,47.0,75,1
2026-10-12T00:37:00,32.7,56.9,47.0,60,0
2026-10-12T00:38:00,35.1,56.1,47.0,65,0
2026-10-12T00:39:00,29.3,55.9,47.2,70,0
2026-10-12T00:40:00,33.1,55.5,46.8,60,0
2026-10-12T00:41:00,25.2,54.7,46.9,59,0
2026-10-12T00:42:00,35.7,56.2,47.0,63,1
2026-10-12T00:43:00,31.0,55.1,47.2,70,1
2026-10-12T00:44:00,27.5,55.5,46.9,63,0
2026-10-12T00:45:00,32.2,54.8,47.0,55,0
2026-10-12T00:46:00,31.1,55.3,47.0,62,0
2026-10-12T00:47:00,33.9,55.5,47.0,64,1
2026-10-12T00:48:00,31.6,53.8,47.1,62,1
2026-10-12T00:49:00,32.0,54.2,47.2,70,0
2026-10-12T00:50:00,29.8,57.4,46.9,59,0
2026-10-12T00:51:00,25.8,55.8,47.0,58,0
2026-10-12T00:52:00,31.2,53.4,47.0,62,0
2026-10-12T00:53:00,27.9,52.6,47.0,68,0
2026-10-12T00:54:00,28.7,55.5,47.0,67,0
2026-10-12T00:55:00,34.4,56.1,47.1,59,0
2026-10-12T00:56:00,30.1,54.2,47.1,68,0
2026-10-12T00:57:00,31.0,54.0,47.0,72,0
2026-10-12T00:58:00,33.6,55.1,46.8,56,1
2026-10-12T00:59:00,29.4,55.8,47.1,54,0
2026-10-12T01:00:00,30.2,55.5,46.9,50,1
2026-10-12T01:01:00,26.6,54.1,46.9,58,3
2026-10-12T01:02:00,28.1,55.1,47.0,59,0
2026-10-12T01:03:00,33.1,56.2,47.0,59,0
2026-10-12T01:04:00,32.8,54.8,47.1,61,0
2026-10-12T01:05:00,33.4,55.8,46.8,69,1
2026-10-12T01:06:00,30.5,54.3,47.0,49,2
2026-10-12T01:07:00,33.2,55.9,46.9,56,0
2026-10-12T01:08:00,32.5,54.0,47.0,64,0
2026-10-12T01:09:00,33.7,55.7,46.9,65,1
2026-10-12T01:10:00,31.0,56.1,46.9,69,0
2026-10-12T01:11:00,27.7,55.0,47.2,51,0
2026-10-12T01:12:00,33.1,54.1,47.1,51,0
2026-10-12T01:13:00,33.2,55.7,47.1,68,0
2026-10-12T01:14:00,33.4,56.1,46.9,52,0
2026-10-12T01:15:00,34.1,50.5,46.9,48,0
2026-10-12T01:16:00,35.0,53.4,47.0,49,0
2026-10-12T01:17:00,35.9,56.2,46.8,66,0
2026-10-12T01:18:00,28.9,53.5,47.0,50,2
2026-10-12T01:19:00,29.7,55.6,46.9,60,1
2026-10-12T01:20:00,35.5,54.9,47.2,64,0
2026-10-12T01:21:00,30.9,54.0,47.1,60,0
2026-10-12T01:22:00,31.3,54.6,46.9,62,0
2026-10-12T01:23:00,26.7,55.1,47.1,50,0
2026-10-12T01:24:00,29.6,55.7,47.1,57,0
2026-10-12T01:25:00,32.0,53.8,46.9,60,1
2026-10-12T01:26:00,30.1,55.2,47.0,64,0
2026-10-12T01:27:00,28.0,54.6,46.9,66,0
2026-10-12T01:28:00,30.8,54.9,47.0,63,0
2026-10-12T01:29:00,30.7,54.8,47.1,52,0
2026-10-12T01:30:00,33.1,56.1,46.9,59,1
2026-10-12T01:31:00,28.9,54.7,46.9,48,0
2026-10-12T01:32:00,29.3,55.1,46.9,57,0
2026-10-12T01:33:00,29.2,55.4,47.1,55,0
2026-10-12T01:34:00,33.6,54.5,46.9,70,0
2026-10-12T01:35:00,23.2,55.7,47.0,64,2
2026-10-12T01:36:00,35.5,55.1,46.9,54,0
2026-10-12T01:37:00,30.6,54.6,47.1,54,1
2026-10-12T01:38:00,33.2,55.6,46.9,53,1
2026-10-12T01:39:00,30.9,54.8,47.1,58,0
2026-10-12T01:40:00,30.7,53.8,47.0,48,0
2026-10-12T01:41:00,32.5,54.1,47.1,62,1
2026-10-12T01:42:00,30.4,54.6,47.0,64,0
2026-10-12T01:43:00,26.3,55.6,47.0,56,0
2026-10-12T01:44:00,27.4,55.7,47.0,66,1
2026-10-12T01:45:00,34.0,55.9,46.9,62,1
2026-10-12T01:46:00,25.7,55.0,47.0,57,1
2026-10-12T01:47:00,32.0,56.2,46.9,62,0
2026-10-12T01:48:00,30.5,54.9,47.2,56,2
2026-10-12T01:49:00,32.1,54.8,47.0,48,0
2026-10-12T01:50:00,29.7,56.1,46.9,54,2
2026-10-12T01:51:00,33.0,55.4,47.0,56,0
2026-10-12T01:52:00,31.4,53.8,46.9,59,0
2026-10-12T01:53:00,31.2,56.0,46.9,44,1
2026-10-12T01:54:00,36.3,55.5,47.2,63,1
2026-10-12T01:55:00,29.6,55.3,46.9,64,0
2026-10-12T01:56:00,29.9,54.1,47.1,50,0
2026-10-12T01:57:00,30.8,54.7,47.0,63,2
2026-10-12T01:58:00,33.9,55.5,46.9,48,0
2026-10-12T01:59:00,32.9,55.0,47.0,51,1
2026-10-12T02:00:00,35.6,53.1,47.0,64,0
2026-10-12T02:01:00,26.7,56.4,47.0,53,0
2026-10-12T02:02:00,25.8,56.2,46.9,51,2
2026-10-12T02:03:00,30.4,55.3,47.0,64,0
2026-10-12T02:04:00,30.8,56.2,47.0,50,0
2026-10-12T02:05:00,31.5,55.1,46.9,56,1
2026-10-12T02:06:00,30.4,54.7,47.1,54,2
2026-10-12T02:07:00,29.0,56.0,47.0,64,0
2026-10-12T02:08:00,27.7,53.8,47.1,48,1
2026-10-12T02:09:00,34.8,56.2,46.9,55,1
2026-10-12T02:10:00,28.8,54.0,46.9,57,0
2026-10-12T02:11:00,30.4,55.6,46.9,58,0
2026-10-12T02:12:00,28.0,54.4,47.1,60,0
2026-10-12T02:13:00,32.9,53.7,47.2,59,2
2026-10-12T02:14:00,33.3,55.6,47.0,55,0
2026-10-12T02:15:00,28.8,55.2,47.0,60,0
2026-10-12T02:16:00,30.8,53.8,46.9,59,1
2026-10-12T02:17:00,32.1,54.4,46.9,61,1
2026-10-12T02:18:00,31.7,55.7,46.9,48,3
2026-10-12T02:19:00,31.3,54.7,47.0,69,1
2026-10-12T02:20:00,31.2,55.9,47.1,62,1
2026-10-12T02:21:00,30.1,56.3,47.0,68,0
2026-10-12T02:22:00,29.7,54.3,46.9,54,0
2026-10-12T02:23:00,32.0,54.3,46.9,62,0
2026-10-12T02:24:00,30.9,53.7,47.0,59,0
2026-10-12T02:25:00,32.6,54.4,47.0,60,2
2026-10-12T02:26:00,34.6,56.7,46.9,55,0
2026-10-12T02:27:00,27.8,56.3,47.0,48,1
2026-10-12T02:28:00,28.0,53.3,47.2,55,1
2026-10-12T02:29:00,31.1,55.7,46.9,49,0
2026-10-12T02:30:00,31.5,54.3,47.1,58,0
2026-10-12T02:31:00,32.0,54.5,47.0,59,1
2026-10-12T02:32:00,27.7,54.7,47.0,56,1
2026-10-12T02:33:00,34.7,54.0,47.0,58,0
2026-10-12T02:34:00,34.2,55.1,46.9,58,0
2026-10-12T02:35:00,29.2,55.1,47.0,49,0
2026-10-12T02:36:00,31.2,54.9,47.0,65,0
2026-10-12T02:37:00,30.7,55.7,46.9,56,0
2026-10-12T02:38:00,35.2,54.7,46.9,61,0
2026-10-12T02:39:00,29.3,54.9,46.9,60,0
2026-10-12T02:40:00,33.8,54.6,47.0,63,0
2026-10-12T02:41:00,30.4,55.1,46.8,64,0
2026-10-12T02:42:00,31.8,53.4,46.9,60,0
2026-10-12T02:43:00,33.4,54.1,47.0,60,0
2026-10-12T02:44:00,35.0,55.1,47.1,62,2
2026-10-12T02:45:00,30.4,56.5,47.0,62,1
2026-10-12T02:46:00,30.2,56.3,46.9,58,0
2026-10-12T02:47:00,30.2,55.7,47.2,54,0
2026-10-12T02:48:00,28.6,55.4,47.1,55,3
2026-10-12T02:49:00,25.9,57.1,47.0,49,0
2026-10-12T02:50:00,32.9,54.9,47.0,69,2
2026-10-12T02:51:00,29.1,56.6,47.1,66,0
2026-10-12T02:52:00,32.9,53.5,47.0,54,0
2026-10-12T02:53:00,28.4,55.3,46.8,64,1
2026-10-12T02:54:00,31.5,55.0,47.0,49,1
2026-10-12T02:55:00,24.2,53.1,47.1,52,0
2026-10-12T02:56:00,30.4,55.3,47.1,56,1
2026-10-12T02:57:00,26.5,54.1,46.9,60,0
2026-10-12T02:58:00,29.7,55.7,47.0,54,0
2026-10-12T02:59:00,32.1,53.7,46.9,60,0
2026-10-12T03:00:00,32.6,55.0,46.9,65,0
2026-10-12T03:01:00,31.3,55.4,46.8,64,0
2026-10-12T03:02:00,25.4,55.1,47.0,55,3
2026-10-12T03:03:00,29.6,54.2,47.1,63,1
2026-10-12T03:04:00,33.7,55.2,46.9,67,0
2026-10-12T03:05:00,33.5,54.9,47.0,55,0
2026-10-12T03:06:00,35.5,55.0,47.0,46,0
2026-10-12T03:07:00,33.9,53.2,46.8,46,1
2026-10-12T03:08:00,29.9,54.5,46.9,63,1
2026-10-12T03:09:00,31.7,56.6,47.0,55,0
2026-10-12T03:10:00,28.7,55.6,47.1,55,1
2026-10-12T03:11:00,34.2,54.6,47.0,55,0
2026-10-12T03:12:00,32.0,55.0,47.0,49,0
2026-10-12T03:13:00,31.2,55.4,47.0,54,2
2026-10-12T03:14:00,29.9,54.5,46.9,56,1
2026-10-12T03:15:00,35.0,53.0,47.0,53,1
2026-10-12T03:16:00,34.4,52.0,46.9,54,0
2026-10-12T03:17:00,34.4,54.2,47.1,67,0
2026-10-12T03:18:00,27.8,54.8,46.9,60,1
2026-10-12T03:19:00,33.3,55.4,46.9,46,0
2026-10-12T03:20:00,30.4,54.9,47.0,65,2
2026-10-12T03:21:00,31.1,53.9,47.0,55,0
2026-10-12T03:22:00,34.1,54.8,46.9,51,3
2026-10-12T03:23:00,29.0,55.8,46.9,59,0
2026-10-12T03:24:00,34.7,55.6,47.0,55,1
2026-10-12T03:25:00,30.6,55.4,46.9,56,0
2026-10-12T03:26:00,30.5,56.5,47.2,53,1
2026-10-12T03:27:00,32.7,54.9,46.9,64,0
2026-10-12T03:28:00,30.1,55.9,47.0,67,0
2026-10-12T03:29:00,33.3,54.7,46.8,56,1
2026-10-12T03:30:00,31.8,53.6,46.9,60,0
2026-10-12T03:31:00,30.9,54.7,47.0,61,1
2026-10-12T03:32:00,33.9,55.3,47.0,46,0
2026-10-12T03:33:00,31.1,54.2,47.1,65,0
2026-10-12T03:34:00,33.3,53.9,46.9,63,0
2026-10-12T03:35:00,34.3,55.1,47.0,68,1
2026-10-12T03:36:00,30.0,56.4,47.0,57,1
2026-10-12T03:37:00,28.5,55.1,46.9,60,0
2026-10-12T03:38:00,32.3,54.7,47.2,66,0
2026-10-12T03:39:00,27.1,57.4,46.8,57,0
2026-10-12T03:40:00,31.6,57.3,46.9,69,1
2026-10-12T03:41:00,29.0,53.2,47.1,67,2
2026-10-12T03:42:00,31.6,55.2,47.0,57,1
2026-10-12T03:43:00,28.4,55.7,47.0,61,0
2026-10-12T03:44:00,26.3,55.8,47.0,61,0
2026-10-12T03:45:00,32.7,55.1,47.0,65,0
2026-10-12T03:46:00,32.7,55.7,46.9,52,0
2026-10-12T03:47:00,31.1,54.2,46.9,55,0
2026-10-12T03:48:00,30.7,54.2,46.9,57,0
2026-10-12T03:49:00,32.2,55.2,47.0,61,0
2026-10-12T03:50:00,34.3,52.8,46.8,57,0
2026-10-12T03:51:00,27.5,53.7,47.0,64,0
2026-10-12T03:52:00,27.4,55.5,46.9,53,0
2026-10-12T03:53:00,28.6,55.5,46.8,62,1
2026-10-12T03:54:00,31.4,55.9,47.0,66,0
2026-10-12T03:55:00,24.1,54.8,47.1,48,0
2026-10-12T03:56:00,32.8,54.9,47.1,62,0
2026-10-12T03:57:00,31.9,54.1,47.0,67,0
2026-10-12T03:58:00,33.9,54.5,47.1,58,0
2026-10-12T03:59:00,29.9,54.0,47.0,68,1
2026-10-12T04:00:00,33.9,55.3,47.0,70,0
2026-10-12T04:01:00,34.9,54.0,47.2,63,0
2026-10-12T04:02:00,31.1,54.4,46.9,42,0
2026-10-12T04:03:00,30.0,56.0,47.1,62,0
2026-10-12T04:04:00,33.1,54.3,47.0,65,0
2026-10-12T04:05:00,29.4,55.5,46.9,52,2
2026-10-12T04:06:00,35.3,55.4,47.1,55,3
2026-10-12T04:07:00,31.0,54.9,46.8,60,0
2026-10-12T04:08:00,35.7,55.8,46.9,63,0
2026-10-12T04:09:00,27.8,54.8,46.9,51,0
2026-10-12T04:10:00,27.5,55.1,46.9,45,0
2026-10-12T04:11:00,31.4,54.4,46.9,62,1
2026-10-12T04:12:00,28.9,55.3,47.0,63,0
2026-10-12T04:13:00,32.5,55.6,46.9,59,0
2026-10-12T04:14:00,35.1,54.4,47.0,50,0
2026-10-12T04:15:00,33.1,54.4,46.9,59,1
2026-10-12T04:16:00,30.3,54.5,47.1,55,0
2026-10-12T04:17:00,36.6,55.1,47.1,62,0
2026-10-12T04:18:00,25.6,57.3,47.0,54,0
2026-10-12T04:19:00,31.2,54.8,47.3,57,1
2026-10-12T04:20:00,34.5,54.8,47.2,60,0
2026-10-12T04:21:00,30.5,55.3,46.9,65,0
2026-10-12T04:22:00,32.5,54.2,46.9,60,1
2026-10-12T04:23:00,28.8,56.2,47.0,56,0
2026-10-12T04:24:00,32.5,55.3,47.0,66,2
2026-10-12T04:25:00,30.1,53.7,47.0,60,0
2026-10-12T04:26:00,36.5,54.2,46.9,54,0
2026-10-12T04:27:00,32.2,54.8,47.1,53,1
2026-10-12T04:28:00,29.7,55.3,47.1,48,0
2026-10-12T04:29:00,31.1,55.8,47.0,57,1
2026-10-12T04:30:00,29.2,53.0,47.0,59,1
2026-10-12T04:31:00,32.5,56.4,47.1,61,0
2026-10-12T04:32:00,31.2,53.3,46.9,62,1
2026-10-12T04:33:00,33.4,54.9,46.8,69,0
2026-10-12T04:34:00,29.3,54.6,47.0,70,1
2026-10-12T04:35:00,30.1,55.5,47.0,54,1
2026-10-12T04:36:00,31.8,57.0,47.0,62,0
2026-10-12T04:37:00,32.3,54.7,46.9,69,0
2026-10-12T04:38:00,32.8,55.1,47.1,62,0
2026-10-12T04:39:00,32.0,54.2,47.0,61,2
2026-10-12T04:40:00,34.2,55.3,47.0,53,1
2026-10-12T04:41:00,28.4,53.7,46.8,71,0
2026-10-12T04:42:00,32.7,55.3,47.2,71,0
2026-10-12T04:43:00,35.9,56.8,46.9,58,0
2026-10-12T04:44:00,30.3,53.4,47.0,64,1
2026-10-12T04:45:00,35.3,55.0,47.0,54,1
2026-10-12T04:46:00,33.8,57.1,47.0,68,0
2026-10-12T04:47:00,32.2,55.1,46.9,65,0
2026-10-12T04:48:00,27.8,56.5,47.2,53,0
2026-10-12T04:49:00,29.5,55.0,47.1,59,1
2026-10-12T04:50:00,34.0,54.9,46.9,60,1
2026-10-12T04:51:00,31.8,54.0,47.1,60,0
2026-10-12T04:52:00,35.3,53.1,47.0,55,0
2026-10-12T04:53:00,32.2,54.0,46.9,61,0
2026-10-12T04:54:00,32.6,53.9,46.9,57,0
2026-10-12T04:55:00,31.3,55.0,46.9,65,0
2026-10-12T04:56:00,29.2,56.9,47.2,56,1
2026-10-12T04:57:00,26.4,54.6,47.0,62,0
2026-10-12T04:58:00,31.2,54.3,47.0,66,2
2026-10-12T04:59:00,32.8,54.5,47.1,65,0
2026-10-12T05:00:00,27.1,54.8,47.1,68,1
2026-10-12T05:01:00,28.8,56.2,47.0,48,0
2026-10-12T05:02:00,29.9,53.9,47.0,52,1
2026-10-12T05:03:00,28.9,56.0,47.2,69,1
2026-10-12T05:04:00,29.6,54.8,46.9,64,1
2026-10-12T05:05:00,29.9,52.8,47.1,55,0
2026-10-12T05:06:00,29.3,54.1,47.0,56,1
2026-10-12T05:07:00,31.8,53.0,47.0,60,1
2026-10-12T05:08:00,29.2,53.4,47.1,62,0
2026-10-12T05:09:00,35.9,56.6,47.0,51,1
2026-10-12T05:10:00,30.8,55.5,46.9,62,1
2026-10-12T05:11:00,32.4,54.8,47.1,53,1
2026-10-12T05:12:00,31.1,55.5,46.9,57,0
2026-10-12T05:13:00,35.5,54.4,47.0,61,1
2026-10-12T05:14:00,36.5,53.3,47.0,72,1
2026-10-12T05:15:00,28.4,55.8,47.0,58,0
2026-10-12T05:16:00,28.5,56.6,46.9,55,0
2026-10-12T05:17:00,37.8,56.1,47.0,60,1
2026-10-12T05:18:00,28.0,55.6,47.0,65,2
2026-10-12T05:19:00,26.2,54.6,47.2,59,0
2026-10-12T05:20:00,35.3,55.8,46.9,58,2
2026-10-12T05:21:00,32.9,55.9,47.0,58,1
2026-10-12T05:22:00,30.2,55.1,47.1,71,0
2026-10-12T05:23:00,28.6,55.9,46.9,61,2
2026-10-12T05:24:00,32.1,55.0,47.1,62,0
2026-10-12T05:25:00,32.8,56.6,47.0,75,2
2026-10-12T05:26:00,27.8,54.3,46.9,64,0
2026-10-12T05:27:00,33.8,56.7,47.1,57,0
2026-10-12T05:28:00,29.6,56.3,47.0,53,0
2026-10-12T05:29:00,31.4,54.1,47.1,63,0
2026-10-12T05:30:00,30.4,54.8,47.1,55,1
2026-10-12T05:31:00,30.3,55.1,47.0,58,0
2026-10-12T05:32:00,26.5,56.4,47.1,61,0
2026-10-12T05:33:00,28.8,54.8,47.1,65,0
2026-10-12T05:34:00,32.0,56.0,47.0,56,2
2026-10-12T05:35:00,36.2,56.2,47.0,60,0
2026-10-12T05:36:00,33.2,55.0,47.1,75,2
2026-10-12T05:37:00,34.1,56.0,47.0,59,1
2026-10-12T05:38:00,32.5,55.8,47.1,66,1
2026-10-12T05:39:00,35.2,53.6,47.1,62,0
2026-10-12T05:40:00,32.8,54.1,47.2,61,0
2026-10-12T05:41:00,32.3,54.7,47.1,54,0
2026-10-12T05:42:00,31.8,54.6,47.1,63,0
2026-10-12T05:43:00,26.7,55.8,46.9,57,0
2026-10-12T05:44:00,31.6,54.2,47.1,55,0
2026-10-12T05:45:00,31.1,53.3,47.1,57,0
2026-10-12T05:46:00,27.8,57.2,47.2,60,0
2026-10-12T05:47:00,27.7,52.3,46.9,52,0
2026-10-12T05:48:00,31.3,57.4,47.1,68,1
2026-10-12T05:49:00,31.2,54.2,47.1,52,2
2026-10-12T05:50:00,32.5,55.6,47.0,60,0
2026-10-12T05:51:00,29.6,54.4,47.1,59,0
2026-10-12T05:52:00,34.2,55.6,46.9,59,3
2026-10-12T05:53:00,32.9,53.9,46.9,67,1
2026-10-12T05:54:00,29.0,54.3,47.0,52,0
2026-10-12T05:55:00,30.6,54.1,47.1,62,1
2026-10-12T05:56:00,28.7,55.1,47.2,52,0
2026-10-12T05:57:00,30.2,56.5,47.1,55,0
2026-10-12T05:58:00,29.7,55.4,46.8,55,1
2026-10-12T05:59:00,31.4,56.5,47.0,66,0
2026-10-12T06:00:00,29.6,56.0,47.1,53,1
2026-10-12T06:01:00,28.6,54.9,47.1,64,0
2026-10-12T06:02:00,29.6,54.9,47.1,59,1
2026-10-12T06:03:00,30.7,54.1,47.0,71,2
2026-10-12T06:04:00,28.0,54.6,46.9,56,0
2026-10-12T06:05:00,32.6,54.6,46.9,53,1
2026-10-12T06:06:00,29.3,53.8,47.0,62,0
2026-10-12T06:07:00,34.3,56.9,47.1,56,0
2026-10-12T06:08:00,32.9,56.1,46.9,60,2
2026-10-12T06:09:00,32.3,56.1,47.1,54,0
2026-10-12T06:10:00,32.3,53.3,47.0,66,0
2026-10-12T06:11:00,27.5,54.8,47.0,77,0
2026-10-12T06:12:00,29.2,56.1,47.1,61,3
2026-10-12T06:13:00,33.1,54.3,47.0,55,1
2026-10-12T06:14:00,32.5,55.9,47.1,62,0
2026-10-12T06:15:00,31.9,55.6,47.0,63,0
2026-10-12T06:16:00,27.9,54.6,47.0,63,1
2026-10-12T06:17:00,29.8,56.2,47.1,64,0
2026-10-12T06:18:00,31.5,53.4,46.9,67,0
2026-10-12T06:19:00,27.3,54.8,47.1,67,0
2026-10-12T06:20:00,32.2,55.4,47.1,60,0
2026-10-12T06:21:00,32.8,53.6,47.0,53,1
2026-10-12T06:22:00,35.6,54.3,46.9,68,0
2026-10-12T06:23:00,34.6,55.1,46.9,61,0
2026-10-12T06:24:00,33.5,55.6,47.1,61,2
2026-10-12T06:25:00,34.5,54.4,46.9,72,1
2026-10-12T06:26:00,31.0,54.2,47.0,65,0
2026-10-12T06:27:00,27.9,56.4,46.9,59,1
2026-10-12T06:28:00,28.8,53.1,46.9,62,1
2026-10-12T06:29:00,33.9,55.6,47.1,59,1
2026-10-12T06:30:00,30.5,55.2,47.1,59,1
2026-10-12T06:31:00,34.6,54.6,47.0,57,0
2026-10-12T06:32:00,34.2,56.2,47.0,66,1
2026-10-12T06:33:00,28.9,55.2,47.1,59,0
2026-10-12T06:34:00,35.0,54.4,47.0,57,0
2026-10-12T06:35:00,32.2,54.9,47.0,65,0
2026-10-12T06:36:00,28.9,56.1,46.9,54,1
2026-10-12T06:37:00,28.2,55.8,47.0,56,1
2026-10-12T06:38:00,35.4,55.2,46.9,54,0
2026-10-12T06:39:00,32.4,55.6,47.0,59,0
2026-10-12T06:40:00,30.5,55.8,47.0,60,0
2026-10-12T06:41:00,30.6,54.1,47.0,60,0
2026-10-12T06:42:00,33.2,55.9,47.1,59,0
2026-10-12T06:43:00,31.7,56.5,47.0,46,1
2026-10-12T06:44:00,34.6,55.1,47.0,53,0
2026-10-12T06:45:00,30.1,54.5,47.0,62,1
2026-10-12T06:46:00,33.7,55.7,47.0,57,1
2026-10-12T06:47:00,28.6,56.1,47.0,66,0
2026-10-12T06:48:00,31.8,55.0,47.1,68,1
2026-10-12T06:49:00,36.4,55.4,46.9,61,0
2026-10-12T06:50:00,25.2,52.8,46.9,69,3
2026-10-12T06:51:00,30.6,55.0,47.2,62,0
2026-10-12T06:52:00,34.9,55.7,47.2,63,1
2026-10-12T06:53:00,28.6,56.0,46.9,69,1
2026-10-12T06:54:00,29.9,55.7,47.0,58,0
2026-10-12T06:55:00,30.0,55.0,47.0,72,0
2026-10-12T06:56:00,31.2,53.7,47.0,70,0
2026-10-12T06:57:00,27.3,54.1,47.0,55,0
2026-10-12T06:58:00,30.3,54.4,46.9,44,0
2026-10-12T06:59:00,32.2,55.4,47.0,72,2
2026-10-12T07:00:00,31.9,55.4,47.0,67,0
2026-10-12T07:01:00,34.7,57.0,47.1,53,0
2026-10-12T07:02:00,29.5,55.4,47.0,65,1
2026-10-12T07:03:00,32.4,53.8,47.1,60,0
2026-10-12T07:04:00,29.1,54.2,47.2,52,0
2026-10-12T07:05:00,25.7,57.3,47.0,50,1
2026-10-12T07:06:00,29.6,55.3,46.9,59,0
2026-10-12T07:07:00,30.1,56.3,46.9,66,0
2026-10-12T07:08:00,32.9,55.2,47.0,57,0
2026-10-12T07:09:00,29.6,54.0,46.9,63,0
2026-10-12T07:10:00,30.8,56.3,47.2,59,1
2026-10-12T07:11:00,31.2,55.3,47.0,57,1
2026-10-12T07:12:00,26.9,53.7,47.2,62,0
2026-10-12T07:13:00,28.9,56.1,47.1,71,0
2026-10-12T07:14:00,25.2,54.4,47.0,63,0
2026-10-12T07:15:00,30.9,56.8,46.7,60,1
2026-10-12T07:16:00,26.3,52.7,47.0,67,0
2026-10-12T07:17:00,29.9,55.5,47.1,61,0
2026-10-12T07:18:00,31.3,55.5,47.2,64,2
2026-10-12T07:19:00,34.4,56.9,46.8,62,1
2026-10-12T07:20:00,29.6,55.0,47.1,52,0
2026-10-12T07:21:00,37.1,55.7,47.0,62,0
2026-10-12T07:22:00,28.8,54.3,47.2,66,0
2026-10-12T07:23:00,31.4,53.7,47.1,65,0
2026-10-12T07:24:00,35.0,55.3,47.2,53,0
2026-10-12T07:25:00,33.0,54.0,47.1,56,0
2026-10-12T07:26:00,35.0,55.4,47.1,70,0
2026-10-12T07:27:00,32.1,53.6,47.0,63,1
2026-10-12T07:28:00,32.3,55.0,47.1,55,1
2026-10-12T07:29:00,32.2,55.4,47.0,73,0
2026-10-12T07:30:00,27.0,54.6,47.0,64,0
2026-10-12T07:31:00,36.0,56.0,47.0,58,0
2026-10-12T07:32:00,31.3,54.9,47.0,48,0
2026-10-12T07:33:00,28.3,53.6,47.1,78,1
2026-10-12T07:34:00,31.8,53.9,47.1,68,0
2026-10-12T07:35:00,31.7,56.3,47.0,57,1
2026-10-12T07:36:00,28.9,55.6,46.8,60,0
2026-10-12T07:37:00,34.5,55.5,46.9,57,0
2026-10-12T07:38:00,26.4,54.7,47.1,55,0
2026-10-12T07:39:00,30.4,55.3,47.1,59,2
2026-10-12T07:40:00,28.6,54.9,46.9,54,0
2026-10-12T07:41:00,30.8,55.3,47.2,60,1
2026-10-12T07:42:00,35.4,55.7,47.0,54,1
2026-10-12T07:43:00,30.9,54.5,46.9,66,1
2026-10-12T07:44:00,26.2,55.2,47.0,53,0
2026-10-12T07:45:00,36.1,54.3,47.2,60,0
2026-10-12T07:46:00,30.2,55.9,47.0,45,2
2026-10-12T07:47:00,30.1,55.9,47.0,54,1
2026-10-12T07:48:00,32.2,55.6,47.1,58,0
2026-10-12T07:49:00,30.6,56.3,47.0,58,0
2026-10-12T07:50:00,37.0,53.3,46.9,67,2
2026-10-12T07:51:00,33.6,54.8,47.0,65,3
2026-10-12T07:52:00,30.4,53.3,47.0,72,1
2026-10-12T07:53:00,31.8,55.9,47.0,66,0
2026-10-12T07:54:00,34.3,52.1,47.0,61,0
2026-10-12T07:55:00,33.3,55.7,47.0,71,1
2026-10-12T07:56:00,32.3,53.8,46.8,52,1
2026-10-12T07:57:00,33.3,54.1,46.9,64,1
2026-10-12T07:58:00,32.8,54.1,47.0,52,0
2026-10-12T07:59:00,28.8,55.9,46.9,54,0
2026-10-12T08:00:00,23.8,56.1,47.1,62,0
2026-10-12T08:01:00,31.4,55.0,47.1,52,1
2026-10-12T08:02:00,30.3,54.0,46.9,65,1
2026-10-12T08:03:00,34.4,56.6,47.1,60,0
2026-10-12T08:04:00,29.2,54.5,47.0,48,0
2026-10-12T08:05:00,33.6,53.5,46.9,53,1
2026-10-12T08:06:00,33.3,56.2,47.1,59,0
2026-10-12T08:07:00,30.5,55.1,47.0,69,0
2026-10-12T08:08:00,34.1,54.7,46.9,55,0
2026-10-12T08:09:00,29.6,55.0,46.9,57,0
2026-10-12T08:10:00,34.1,56.4,46.9,52,1
2026-10-12T08:11:00,33.1,55.4,46.9,74,1
2026-10-12T08:12:00,27.2,54.9,47.2,64,0
2026-10-12T08:13:00,37.6,55.6,47.1,55,0
2026-10-12T08:14:00,32.1,53.7,47.0,65,0
2026-10-12T08:15:00,31.2,53.9,47.1,65,1
2026-10-12T08:16:00,30.0,55.2,47.2,72,0
2026-10-12T08:17:00,32.9,56.4,47.1,56,0
2026-10-12T08:18:00,30.9,55.0,47.0,57,1
2026-10-12T08:19:00,33.0,54.9,47.1,70,1
2026-10-12T08:20:00,33.3,53.8,47.0,54,0
2026-10-12T08:21:00,31.4,55.3,47.0,61,0
2026-10-12T08:22:00,27.4,54.6,47.1,60,0
2026-10-12T08:23:00,31.4,56.7,47.1,61,1
2026-10-12T08:24:00,23.5,57.0,47.0,73,1
2026-10-12T08:25:00,34.8,56.0,46.9,59,0
2026-10-12T08:26:00,32.5,54.3,46.9,46,1
2026-10-12T08:27:00,30.0,56.7,47.0,60,0
2026-10-12T08:28:00,29.4,54.2,47.0,67,0
2026-10-12T08:29:00,28.1,54.4,47.0,65,1
2026-10-12T08:30:00,36.8,55.0,47.1,62,0
2026-10-12T08:31:00,29.6,54.7,46.8,59,1
2026-10-12T08:32:00,24.0,55.6,47.0,66,0
2026-10-12T08:33:00,31.7,54.2,47.1,67,0
2026-10-12T08:34:00,29.0,54.2,46.9,61,0
2026-10-12T08:35:00,31.7,56.0,47.0,52,1
2026-10-12T08:36:00,29.6,55.0,47.0,66,2
2026-10-12T08:37:00,29.3,55.2,47.1,50,0
2026-10-12T08:38:00,32.9,56.5,47.0,52,0
2026-10-12T08:39:00,29.2,55.0,47.0,65,1
2026-10-12T08:40:00,29.0,54.8,47.1,63,0
2026-10-12T08:41:00,32.4,54.6,47.0,63,0
2026-10-12T08:42:00,34.5,56.0,46.9,65,0
2026-10-12T08:43:00,28.5,52.8,47.0,66,0
2026-10-12T08:44:00,34.7,56.1,47.1,56,0
2026-10-12T08:45:00,30.7,54.9,46.9,63,0
2026-10-12T08:46:00,32.6,55.2,46.9,67,0
2026-10-12T08:47:00,29.3,54.8,47.0,57,0
2026-10-12T08:48:00,31.3,55.1,46.7,65,0
2026-10-12T08:49:00,29.9,55.6,47.0,50,0
2026-10-12T08:50:00,31.6,56.0,47.1,53,0
2026-10-12T08:51:00,34.6,53.8,47.1,54,1
2026-10-12T08:52:00,30.3,53.6,46.8,52,1
2026-10-12T08:53:00,26.7,56.2,47.0,62,0
2026-10-12T08:54:00,31.3,54.5,47.0,65,1
2026-10-12T08:55:00,38.3,54.3,47.1,65,1
2026-10-12T08:56:00,27.6,56.1,47.0,54,0
2026-10-12T08:57:00,31.6,53.1,47.0,67,0
2026-10-12T08:58:00,32.4,56.7,46.9,62,0
2026-10-12T08:59:00,28.9,56.8,47.0,57,0
2026-10-12T09:00:00,34.6,54.3,47.0,73,0
2026-10-12T09:01:00,35.8,55.0,47.0,61,0
2026-10-12T09:02:00,29.2,54.1,46.9,64,0
2026-10-12T09:03:00,29.8,55.9,46.9,71,0
2026-10-12T09:04:00,35.7,55.9,46.8,66,0
2026-10-12T09:05:00,33.0,55.4,47.1,59,0
2026-10-12T09:06:00,37.5,55.0,46.9,60,0
2026-10-12T09:07:00,29.0,54.5,46.9,67,1
2026-10-12T09:08:00,28.2,55.4,46.9,60,0
2026-10-12T09:09:00,29.0,54.2,46.9,56,1
2026-10-12T09:10:00,31.6,54.3,46.8,58,0
2026-10-12T09:11:00,28.6,56.1,46.9,55,0
2026-10-12T09:12:00,19.6,55.3,46.9,69,0
2026-10-12T09:13:00,37.7,56.3,47.1,64,1
2026-10-12T09:14:00,29.4,56.1,46.9,68,0
2026-10-12T09:15:00,31.5,54.2,47.1,68,0
2026-10-12T09:16:00,30.1,55.0,47.1,56,0
2026-10-12T09:17:00,27.0,57.6,47.0,69,1
2026-10-12T09:18:00,32.6,57.1,47.0,57,0
2026-10-12T09:19:00,33.0,52.5,47.0,59,0
2026-10-12T09:20:00,31.6,55.9,46.9,69,1
2026-10-12T09:21:00,29.3,53.7,47.0,52,0
2026-10-12T09:22:00,33.5,56.6,46.9,63,1
2026-10-12T09:23:00,26.6,55.4,47.1,63,0
2026-10-12T09:24:00,27.8,54.7,47.0,50,0
2026-10-12T09:25:00,30.8,55.2,47.1,57,0
2026-10-12T09:26:00,29.6,55.9,47.0,67,0
2026-10-12T09:27:00,35.8,56.0,47.0,63,1
2026-10-12T09:28:00,27.4,54.6,47.1,58,0
2026-10-12T09:29:00,32.5,55.0,46.8,52,0
2026-10-12T09:30:00,33.6,54.8,47.0,66,0
2026-10-12T09:31:00,31.7,54.7,46.9,64,0
2026-10-12T09:32:00,29.5,55.1,47.2,63,1
2026-10-12T09:33:00,33.6,53.6,47.2,48,1
2026-10-12T09:34:00,22.7,56.0,47.1,58,0
2026-10-12T09:35:00,31.6,53.8,47.0,61,0
2026-10-12T09:36:00,32.3,53.3,46.9,57,0
2026-10-12T09:37:00,30.5,56.4,47.0,58,0
2026-10-12T09:38:00,31.1,54.8,46.9,46,1
2026-10-12T09:39:00,28.5,55.3,47.1,67,0
2026-10-12T09:40:00,30.2,53.7,47.0,66,0
2026-10-12T09:41:00,32.7,55.5,47.1,62,0
2026-10-12T09:42:00,27.3,54.3,47.0,66,2
2026-10-12T09:43:00,31.2,54.3,46.9,57,0
2026-10-12T09:44:00,34.2,55.8,47.0,58,0
2026-10-12T09:45:00,31.0,55.2,47.0,54,0
2026-10-12T09:46:00,29.2,54.5,47.0,51,0
2026-10-12T09:47:00,32.2,56.1,47.0,59,1
2026-10-12T09:48:00,31.0,54.9,47.0,56,1
2026-10-12T09:49:00,30.1,56.0,46.9,60,1
2026-10-12T09:50:00,29.8,52.7,47.0,69,2
2026-10-12T09:51:00,26.7,55.6,46.9,58,1
2026-10-12T09:52:00,35.6,54.7,47.0,61,1
2026-10-12T09:53:00,31.9,55.9,47.0,63,0
2026-10-12T09:54:00,30.2,54.4,47.1,56,0
2026-10-12T09:55:00,31.0,55.2,47.0,68,1
2026-10-12T09:56:00,26.2,56.3,47.0,58,0
2026-10-12T09:57:00,31.6,55.7,47.1,62,1
2026-10-12T09:58:00,28.8,56.2,47.1,59,0
2026-10-12T09:59:00,30.6,54.4,47.2,65,1
2026-10-12T10:00:00,31.1,56.6,47.1,71,0
2026-10-12T10:01:00,32.4,55.3,47.0,67,0
2026-10-12T10:02:00,30.3,55.7,47.0,62,0
2026-10-12T10:03:00,37.1,54.4,47.0,65,0
2026-10-12T10:04:00,34.8,53.5,47.0,63,0
2026-10-12T10:05:00,34.1,55.4,46.9,58,0
2026-10-12T10:06:00,34.7,54.0,46.9,70,0
2026-10-12T10:07:00,27.1,53.7,47.1,61,1
2026-10-12T10:08:00,30.2,54.3,47.0,48,0
2026-10-12T10:09:00,30.9,57.0,47.1,55,1
2026-10-12T10:10:00,27.3,54.7,47.0,60,1
2026-10-12T10:11:00,31.1,55.8,47.0,59,2
2026-10-12T10:12:00,30.0,54.5,47.0,71,0
2026-10-12T10:13:00,29.0,55.8,46.9,59,0
2026-10-12T10:14:00,29.8,55.3,46.8,47,1
2026-10-12T10:15:00,27.5,57.0,46.9,67,0
2026-10-12T10:16:00,32.6,54.8,47.2,65,0
2026-10-12T10:17:00,32.4,54.3,47.1,75,0
2026-10-12T10:18:00,34.1,54.5,47.1,63,0
2026-10-12T10:19:00,32.8,54.3,47.0,67,1
2026-10-12T10:20:00,25.7,54.7,46.9,67,0
2026-10-12T10:21:00,29.5,56.5,47.0,64,1
2026-10-12T10:22:00,32.1,54.3,46.7,55,0
2026-10-12T10:23:00,27.8,55.7,47.0,73,0
2026-10-12T10:24:00,26.8,55.4,47.0,58,0
2026-10-12T10:25:00,33.6,54.9,47.0,66,1
2026-10-12T10:26:00,31.6,56.3,47.1,48,0
2026-10-12T10:27:00,28.7,54.4,47.0,63,2
2026-10-12T10:28:00,34.4,54.9,46.9,64,1
2026-10-12T10:29:00,26.0,53.6,47.0,50,0
2026-10-12T10:30:00,30.3,54.7,46.9,56,0
2026-10-12T10:31:00,33.0,55.9,47.0,68,0
2026-10-12T10:32:00,33.3,54.8,47.0,61,0
2026-10-12T10:33:00,31.1,55.4,47.0,62,1
2026-10-12T10:34:00,36.8,54.3,47.0,59,0
2026-10-12T10:35:00,32.2,54.8,47.0,59,1
2026-10-12T10:36:00,30.5,55.4,47.0,60,2
2026-10-12T10:37:00,30.3,54.3,47.1,74,0
2026-10-12T10:38:00,30.8,52.9,47.0,57,2
2026-10-12T10:39:00,26.3,55.0,47.1,65,0
2026-10-12T10:40:00,30.4,55.7,46.9,55,0
2026-10-12T10:41:00,32.6,54.8,47.1,54,1
2026-10-12T10:42:00,33.2,52.9,47.0,61,0
2026-10-12T10:43:00,32.6,54.6,47.0,50,0
2026-10-12T10:44:00,27.3,55.1,46.9,68,0
2026-10-12T10:45:00,29.8,56.5,47.0,57,0
2026-10-12T10:46:00,32.9,54.1,47.0,57,0
2026-10-12T10:47:00,31.1,56.9,46.9,65,1
2026-10-12T10:48:00,30.2,55.9,47.1,55,0
2026-10-12T10:49:00,34.1,56.8,46.9,66,1
2026-10-12T10:50:00,28.8,56.4,47.0,56,0
2026-10-12T10:51:00,31.9,57.0,46.9,64,0
2026-10-12T10:52:00,34.4,54.5,47.1,64,3
2026-10-12T10:53:00,33.3,55.4,47.0,56,0
2026-10-12T10:54:00,31.2,55.8,47.1,51,0
2026-10-12T10:55:00,32.0,54.6,46.9,49,0
2026-10-12T10:56:00,34.6,55.9,46.9,68,0
2026-10-12T10:57:00,31.7,57.8,46.8,59,0
2026-10-12T10:58:00,28.9,54.8,46.9,52,1
2026-10-12T10:59:00,32.7,56.4,47.2,60,0
2026-10-12T11:00:00,29.4,53.5,47.1,64,0
2026-10-12T11:01:00,28.0,53.8,47.0,62,2
2026-10-12T11:02:00,31.8,54.3,46.9,52,2
2026-10-12T11:03:00,28.8,54.3,47.0,71,0
2026-10-12T11:04:00,29.9,54.6,47.0,72,0
2026-10-12T11:05:00,30.5,56.0,46.8,52,0
2026-10-12T11:06:00,30.4,53.1,47.0,57,0
2026-10-12T11:07:00,28.8,54.8,47.1,63,2
2026-10-12T11:08:00,32.8,54.5,47.1,55,1
2026-10-12T11:09:00,26.3,54.2,46.8,61,0
2026-10-12T11:10:00,33.8,55.5,47.0,73,0
2026-10-12T11:11:00,34.8,56.3,47.1,56,1
2026-10-12T11:12:00,28.1,55.2,46.8,57,0
2026-10-12T11:13:00,31.0,53.8,47.0,51,2
2026-10-12T11:14:00,28.3,54.6,46.9,55,0
2026-10-12T11:15:00,31.7,56.2,47.2,58,2
2026-10-12T11:16:00,27.1,54.3,46.9,65,1
2026-10-12T11:17:00,31.2,56.5,47.0,62,0
2026-10-12T11:18:00,30.5,56.5,47.1,68,1
2026-10-12T11:19:00,33.4,54.4,47.1,56,0
2026-10-12T11:20:00,33.1,53.6,46.8,62,2
2026-10-12T11:21:00,31.1,55.0,46.8,65,2
2026-10-12T11:22:00,34.7,54.5,47.0,53,1
2026-10-12T11:23:00,24.7,55.7,46.9,54,0
2026-10-12T11:24:00,28.7,54.8,47.0,65,0
2026-10-12T11:25:00,32.6,54.4,46.9,44,2
2026-10-12T11:26:00,34.9,55.7,46.9,55,0
2026-10-12T11:27:00,33.4,52.9,46.9,66,0
2026-10-12T11:28:00,30.0,55.7,47.0,61,2
2026-10-12T11:29:00,34.0,55.1,47.0,59,1
2026-10-12T11:30:00,37.4,55.2,47.0,57,0
2026-10-12T11:31:00,33.0,55.5,47.2,60,0
2026-10-12T11:32:00,36.3,55.3,47.1,61,0
2026-10-12T11:33:00,28.7,54.8,47.2,56,0
2026-10-12T11:34:00,35.4,55.4,47.0,61,2
2026-10-12T11:35:00,30.9,57.6,47.0,58,0
2026-10-12T11:36:00,33.1,53.5,46.9,62,0
2026-10-12T11:37:00,34.5,55.0,47.1,59,0
2026-10-12T11:38:00,29.2,55.1,47.0,49,0
2026-10-12T11:39:00,32.7,53.3,47.1,59,1
2026-10-12T11:40:00,30.1,54.2,46.9,64,1
2026-10-12T11:41:00,26.8,55.2,46.8,67,0
2026-10-12T11:42:00,33.3,56.2,47.1,59,2
2026-10-12T11:43:00,32.0,55.4,47.0,65,0
2026-10-12T11:44:00,30.9,55.1,47.0,55,0
2026-10-12T11:45:00,30.9,52.9,46.9,55,1
2026-10-12T11:46:00,31.3,54.6,47.2,61,0
2026-10-12T11:47:00,30.4,54.4,46.8,60,0
2026-10-12T11:48:00,31.6,54.6,47.0,66,0
2026-10-12T11:49:00,31.5,56.4,47.0,53,0
2026-10-12T11:50:00,29.1,55.4,47.1,58,1
2026-10-12T11:51:00,35.1,53.9,47.1,68,0
2026-10-12T11:52:00,29.0,56.8,47.0,61,0
2026-10-12T11:53:00,29.4,54.1,47.0,63,0
2026-10-12T11:54:00,27.3,55.1,47.0,73,0
2026-10-12T11:55:00,30.9,56.2,47.0,62,0
2026-10-12T11:56:00,30.1,54.5,47.1,61,0
2026-10-12T11:57:00,29.3,55.6,47.1,68,0
2026-10-12T11:58:00,29.6,54.9,47.0,68,0
2026-10-12T11:59:00,32.7,55.6,47.0,66,0
2026-10-12T12:00:00,33.1,56.3,47.1,50,0
2026-10-12T12:01:00,31.7,54.0,46.8,50,1
2026-10-12T12:02:00,28.6,55.4,47.1,54,2
2026-10-12T12:03:00,36.9,54.3,47.0,56,0
2026-10-12T12:04:00,29.4,55.8,46.7,59,0
2026-10-12T12:05:00,35.3,54.1,47.0,61,0
2026-10-12T12:06:00,32.5,56.8,47.0,59,0
2026-10-12T12:07:00,25.6,55.6,47.0,64,0
2026-10-12T12:08:00,28.2,55.7,47.0,64,2
2026-10-12T12:09:00,28.3,55.9,47.0,64,1
2026-10-12T12:10:00,30.2,54.4,47.3,61,0
2026-10-12T12:11:00,30.4,55.3,46.9,58,0
2026-10-12T12:12:00,33.3,54.8,47.0,54,1
2026-10-12T12:13:00,28.7,54.0,47.2,58,1
2026-10-12T12:14:00,31.8,54.8,46.9,65,0
2026-10-12T12:15:00,28.8,54.1,46.9,56,0
2026-10-12T12:16:00,30.4,54.2,47.0,56,0
2026-10-12T12:17:00,28.1,55.0,47.1,65,2
2026-10-12T12:18:00,29.8,53.9,47.0,48,1
2026-10-12T12:19:00,34.8,54.7,47.1,69,0
2026-10-12T12:20:00,34.3,57.4,46.9,63,0
2026-10-12T12:21:00,33.9,56.1,47.0,52,0
2026-10-12T12:22:00,29.2,56.4,46.9,59,0
2026-10-12T12:23:00,34.4,54.6,46.9,61,1
2026-10-12T12:24:00,28.2,54.1,47.0,65,0
2026-10-12T12:25:00,26.1,55.9,47.1,56,0
2026-10-12T12:26:00,33.1,55.1,47.2,65,0
2026-10-12T12:27:00,28.0,55.0,47.0,56,0
2026-10-12T12:28:00,26.4,55.7,47.0,63,2
2026-10-12T12:29:00,27.9,54.2,47.1,56,0
2026-10-12T12:30:00,29.9,53.9,47.0,54,0
2026-10-12T12:31:00,36.8,55.0,47.2,50,0
2026-10-12T12:32:00,24.2,55.4,46.8,62,0
2026-10-12T12:33:00,31.0,54.7,47.1,64,2
2026-10-12T12:34:00,29.7,55.3,46.9,59,1
2026-10-12T12:35:00,31.8,55.3,47.0,47,1
2026-10-12T12:36:00,30.0,57.4,47.0,63,0
2026-10-12T12:37:00,30.1,52.8,46.9,66,1
2026-10-12T12:38:00,30.7,53.6,47.0,57,1
2026-10-12T12:39:00,28.3,54.7,47.0,64,1
2026-10-12T12:40:00,34.9,53.9,47.0,65,1
2026-10-12T12:41:00,30.1,54.8,47.1,69,1
2026-10-12T12:42:00,30.9,53.5,47.0,55,0
2026-10-12T12:43:00,33.9,55.0,47.0,54,1
2026-10-12T12:44:00,32.2,54.9,46.9,57,1
2026-10-12T12:45:00,31.0,55.3,47.0,65,0
2026-10-12T12:46:00,33.8,54.5,46.9,67,0
2026-10-12T12:47:00,29.9,56.0,47.1,63,1
2026-10-12T12:48:00,33.5,55.2,47.1,54,0
2026-10-12T12:49:00,25.1,56.2,47.0,62,0
2026-10-12T12:50:00,26.8,54.1,47.1,61,1
2026-10-12T12:51:00,36.4,56.1,47.0,62,0
2026-10-12T12:52:00,28.7,54.7,47.2,63,1
2026-10-12T12:53:00,24.2,55.0,46.9,60,0
2026-10-12T12:54:00,33.7,55.8,46.9,54,0
2026-10-12T12:55:00,25.9,55.7,47.0,55,2
2026-10-12T12:56:00,32.3,53.9,46.9,52,0
2026-10-12T12:57:00,31.0,54.5,46.9,59,0
2026-10-12T12:58:00,27.4,56.4,47.2,65,2
2026-10-12T12:59:00,32.1,53.6,47.0,56,0
2026-10-12T13:00:00,30.6,54.7,47.0,65,0
2026-10-12T13:01:00,30.1,55.7,47.0,70,1
2026-10-12T13:02:00,31.0,55.6,47.0,47,0
2026-10-12T13:03:00,33.2,53.2,47.0,61,0
2026-10-12T13:04:00,29.5,55.1,47.0,71,1
2026-10-12T13:05:00,29.9,55.4,46.9,71,0
2026-10-12T13:06:00,26.2,53.8,46.8,65,0
2026-10-12T13:07:00,28.5,55.7,47.1,60,1
2026-10-12T13:08:00,29.5,53.4,47.1,58,0
2026-10-12T13:09:00,32.9,54.6,47.1,60,2
2026-10-12T13:10:00,30.7,57.9,47.0,65,1
2026-10-12T13:11:00,29.9,54.3,46.9,55,0
2026-10-12T13:12:00,34.4,54.1,46.9,62,0
2026-10-12T13:13:00,31.5,54.9,46.8,70,0
2026-10-12T13:14:00,31.8,55.3,47.1,55,0
2026-10-12T13:15:00,33.1,53.9,47.0,61,1
2026-10-12T13:16:00,27.4,52.2,47.0,61,1
2026-10-12T13:17:00,30.0,55.2,47.0,62,1
2026-10-12T13:18:00,32.5,53.6,47.0,63,1
2026-10-12T13:19:00,25.2,54.5,47.1,60,1
2026-10-12T13:20:00,32.6,55.2,46.9,57,0
2026-10-12T13:21:00,27.9,56.2,46.9,45,0
2026-10-12T13:22:00,31.0,52.9,47.0,74,0
2026-10-12T13:23:00,32.5,55.7,46.9,67,0
2026-10-12T13:24:00,27.3,55.7,46.9,52,0
2026-10-12T13:25:00,29.3,54.2,47.2,64,1
2026-10-12T13:26:00,31.5,55.3,47.2,61,0
2026-10-12T13:27:00,32.4,54.6,46.8,57,0
2026-10-12T13:28:00,30.1,56.4,47.0,53,0
2026-10-12T13:29:00,32.5,54.8,47.0,59,0
2026-10-12T13:30:00,30.1,54.7,47.0,50,1
2026-10-12T13:31:00,32.6,55.5,47.1,59,0
2026-10-12T13:32:00,32.0,55.2,46.7,60,0
2026-10-12T13:33:00,29.3,54.9,47.1,71,0
2026-10-12T13:34:00,27.2,55.8,47.0,55,0
2026-10-12T13:35:00,35.9,55.2,47.0,61,0
2026-10-12T13:36:00,33.7,56.5,47.0,63,0
2026-10-12T13:37:00,30.9,57.4,47.0,58,0
2026-10-12T13:38:00,29.6,54.2,46.9,56,1
2026-10-12T13:39:00,32.1,55.4,47.1,70,0
2026-10-12T13:40:00,32.8,54.4,47.1,59,0
2026-10-12T13:41:00,32.4,54.7,47.2,68,1
2026-10-12T13:42:00,30.5,55.7,47.0,61,1
2026-10-12T13:43:00,26.9,54.6,46.9,65,0
2026-10-12T13:44:00,28.4,54.6,46.9,63,0
2026-10-12T13:45:00,27.7,54.8,47.1,54,1
2026-10-12T13:46:00,31.8,54.0,47.0,58,0
2026-10-12T13:47:00,24.2,55.7,47.0,55,1
2026-10-12T13:48:00,31.5,54.6,47.0,63,1
2026-10-12T13:49:00,33.2,54.2,47.1,56,0
2026-10-12T13:50:00,26.4,56.0,46.9,56,0
2026-10-12T13:51:00,32.1,54.9,47.1,56,0
2026-10-12T13:52:00,33.2,55.0,47.0,65,0
2026-10-12T13:53:00,33.6,54.9,46.9,54,1
2026-10-12T13:54:00,29.7,53.8,46.9,67,1
2026-10-12T13:55:00,31.1,54.7,47.0,59,1
2026-10-12T13:56:00,33.8,55.1,47.0,61,0
2026-10-12T13:57:00,31.4,56.6,47.0,65,2
2026-10-12T13:58:00,29.9,53.0,47.1,65,0
2026-10-12T13:59:00,30.2,54.8,47.0,55,1
2026-10-12T14:00:00,33.9,55.4,47.0,53,0
2026-10-12T14:01:00,28.9,56.9,47.2,49,1
2026-10-12T14:02:00,36.7,57.2,47.1,60,0
2026-10-12T14:03:00,32.5,55.6,47.0,53,0
2026-10-12T14:04:00,32.2,55.3,47.1,68,0
2026-10-12T14:05:00,32.1,56.4,47.1,65,0
2026-10-12T14:06:00,29.6,53.5,46.9,60,0
2026-10-12T14:07:00,30.3,56.2,47.0,59,0
2026-10-12T14:08:00,32.4,55.4,46.9,57,0
2026-10-12T14:09:00,31.0,54.2,47.0,59,3
2026-10-12T14:10:00,29.3,54.0,47.1,61,2
2026-10-12T14:11:00,30.3,55.3,46.9,62,2
2026-10-12T14:12:00,31.9,55.4,46.9,57,0
2026-10-12T14:13:00,30.0,53.8,47.0,61,1
2026-10-12T14:14:00,29.5,54.4,47.0,64,0
2026-10-12T14:15:00,29.5,54.8,47.0,58,0
2026-10-12T14:16:00,25.0,55.5,47.0,56,1
2026-10-12T14:17:00,29.4,55.8,47.0,58,0
2026-10-12T14:18:00,33.0,53.9,47.1,60,0
2026-10-12T14:19:00,34.5,55.6,47.0,60,0
2026-10-12T14:20:00,36.1,55.0,46.9,63,1
2026-10-12T14:21:00,27.2,52.8,46.8,59,0
2026-10-12T14:22:00,29.0,54.2,47.1,60,0
2026-10-12T14:23:00,34.1,55.7,46.8,61,0
2026-10-12T14:24:00,33.2,55.4,47.1,60,0
2026-10-12T14:25:00,31.2,55.5,46.8,61,1
2026-10-12T14:26:00,31.7,56.3,46.8,56,0
2026-10-12T14:27:00,30.2,54.5,47.0,66,1
2026-10-12T14:28:00,28.3,55.3,47.0,55,0
2026-10-12T14:29:00,28.4,55.9,46.9,58,2
2026-10-12T14:30:00,30.8,54.9,47.1,66,1
2026-10-12T14:31:00,31.7,55.0,46.9,60,0
2026-10-12T14:32:00,33.5,53.2,47.0,55,2
2026-10-12T14:33:00,37.6,54.5,47.0,56,0
2026-10-12T14:34:00,29.9,54.9,47.2,65,0
2026-10-12T14:35:00,30.9,56.4,47.1,62,0
2026-10-12T14:36:00,32.0,57.6,46.8,61,1
2026-10-12T14:37:00,26.8,53.8,47.2,56,0
2026-10-12T14:38:00,34.9,55.1,47.0,55,0
2026-10-12T14:39:00,28.9,55.4,47.0,62,0
2026-10-12T14:40:00,25.0,55.3,47.0,69,0
2026-10-12T14:41:00,31.0,54.7,47.0,55,0
2026-10-12T14:42:00,28.0,55.1,46.9,57,1
2026-10-12T14:43:00,25.3,56.6,46.8,56,0
2026-10-12T14:44:00,32.8,56.8,47.2,58,1
2026-10-12T14:45:00,26.0,54.7,46.9,65,0
2026-10-12T14:46:00,33.1,56.2,47.0,67,0
2026-10-12T14:47:00,27.9,56.0,47.0,57,0
2026-10-12T14:48:00,29.2,55.4,47.0,62,0
2026-10-12T14:49:00,31.3,56.5,46.9,64,2
2026-10-12T14:50:00,34.0,54.4,47.2,60,2
2026-10-12T14:51:00,33.4,54.9,47.1,63,1
2026-10-12T14:52:00,29.6,53.9,47.0,62,1
2026-10-12T14:53:00,28.3,54.9,47.0,52,1
2026-10-12T14:54:00,26.1,56.0,47.0,56,0
2026-10-12T14:55:00,28.0,55.0,47.0,60,0
2026-10-12T14:56:00,31.0,54.8,47.2,53,1
2026-10-12T14:57:00,31.9,55.4,47.0,65,0
2026-10-12T14:58:00,29.8,54.2,47.0,67,0
2026-10-12T14:59:00,33.2,54.1,46.9,61,0
2026-10-12T15:00:00,34.1,53.9,46.9,56,1
2026-10-12T15:01:00,30.6,53.2,46.9,53,0
2026-10-12T15:02:00,30.2,56.3,46.9,59,1
2026-10-12T15:03:00,32.8,54.5,47.1,70,0
2026-10-12T15:04:00,27.6,54.8,47.2,62,0
2026-10-12T15:05:00,27.8,56.0,46.9,62,0
2026-10-12T15:06:00,31.7,55.1,47.0,57,1
2026-10-12T15:07:00,25.7,55.0,46.9,62,0
2026-10-12T15:08:00,27.3,55.4,47.0,62,0
2026-10-12T15:09:00,28.6,55.3,46.9,59,0
2026-10-12T15:10:00,26.8,54.8,46.8,60,1
2026-10-12T15:11:00,34.1,53.9,47.2,58,1
2026-10-12T15:12:00,30.9,54.5,47.1,70,0
2026-10-12T15:13:00,34.2,55.5,47.1,57,0
2026-10-12T15:14:00,26.7,54.5,47.1,61,0
2026-10-12T15:15:00,32.1,55.5,46.9,50,1
2026-10-12T15:16:00,32.9,55.2,47.0,68,0
2026-10-12T15:17:00,28.5,54.5,47.1,60,0
2026-10-12T15:18:00,31.7,55.7,47.0,67,0
2026-10-12T15:19:00,28.6,52.7,47.0,60,1
2026-10-12T15:20:00,33.2,54.0,46.9,58,0
2026-10-12T15:21:00,30.1,54.0,47.1,64,0
2026-10-12T15:22:00,28.6,56.2,46.9,62,1
2026-10-12T15:23:00,29.3,54.4,47.1,61,0
2026-10-12T15:24:00,25.0,54.0,46.9,58,0
2026-10-12T15:25:00,27.5,54.8,47.0,67,0
2026-10-12T15:26:00,34.4,55.4,47.1,61,0
2026-10-12T15:27:00,31.8,54.2,47.0,53,0
2026-10-12T15:28:00,29.4,53.1,47.1,68,1
2026-10-12T15:29:00,32.3,53.9,47.1,61,0
2026-10-12T15:30:00,26.8,54.4,47.0,49,0
2026-10-12T15:31:00,28.8,54.5,46.8,62,0
2026-10-12T15:32:00,30.1,56.1,47.0,42,0
2026-10-12T15:33:00,33.4,53.3,46.9,57,0
2026-10-12T15:34:00,35.8,54.6,46.9,67,1
2026-10-12T15:35:00,25.2,55.3,46.9,50,0
2026-10-12T15:36:00,34.6,54.0,47.0,68,0
2026-10-12T15:37:00,28.1,56.2,47.1,68,2
2026-10-12T15:38:00,28.3,55.4,47.0,58,0
2026-10-12T15:39:00,28.8,54.2,46.8,58,2
2026-10-12T15:40:00,30.7,55.5,46.9,57,0
2026-10-12T15:41:00,27.0,55.2,47.1,62,0
2026-10-12T15:42:00,32.7,54.0,46.9,53,1
2026-10-12T15:43:00,29.0,56.0,47.1,56,0
2026-10-12T15:44:00,32.5,53.6,47.0,48,0
2026-10-12T15:45:00,32.4,54.9,46.9,56,1
2026-10-12T15:46:00,28.4,54.4,46.9,60,2
2026-10-12T15:47:00,23.2,54.8,47.0,56,0
2026-10-12T15:48:00,32.2,55.0,46.8,53,0
2026-10-12T15:49:00,28.9,55.6,47.0,64,0
2026-10-12T15:50:00,33.3,55.3,47.0,58,1
2026-10-12T15:51:00,30.7,55.9,47.0,53,0
2026-10-12T15:52:00,33.8,58.2,46.9,65,0
2026-10-12T15:53:00,32.2,55.1,47.1,50,1
2026-10-12T15:54:00,32.6,54.6,47.0,56,1
2026-10-12T15:55:00,35.2,56.1,47.2,62,0
2026-10-12T15:56:00,31.3,56.1,47.0,56,0
2026-10-12T15:57:00,30.1,55.5,46.9,60,1
2026-10-12T15:58:00,26.9,53.9,47.0,55,0
2026-10-12T15:59:00,29.5,53.7,47.1,60,3
2026-10-12T16:00:00,31.6,54.8,46.9,56,1
2026-10-12T16:01:00,37.2,57.7,47.1,65,1
2026-10-12T16:02:00,30.9,54.6,47.1,55,0
2026-10-12T16:03:00,27.4,54.7,47.0,60,0
2026-10-12T16:04:00,32.2,56.1,47.0,59,0
2026-10-12T16:05:00,29.6,54.4,47.1,56,0
2026-10-12T16:06:00,31.4,56.1,47.0,65,0
2026-10-12T16:07:00,27.4,55.3,47.0,61,1
2026-10-12T16:08:00,31.6,55.9,47.0,66,0
2026-10-12T16:09:00,31.3,55.9,47.0,60,0
2026-10-12T16:10:00,27.3,55.3,47.0,60,1
2026-10-12T16:11:00,31.5,55.5,46.9,54,0
2026-10-12T16:12:00,31.0,53.3,46.9,62,1
2026-10-12T16:13:00,28.9,52.8,46.9,51,1
2026-10-12T16:14:00,25.9,53.7,47.1,67,0
2026-10-12T16:15:00,24.2,56.7,47.0,60,0
2026-10-12T16:16:00,36.3,54.6,47.0,60,0
2026-10-12T16:17:00,28.2,54.5,47.0,49,0
2026-10-12T16:18:00,32.3,54.7,47.1,57,0
2026-10-12T16:19:00,33.1,54.4,47.0,64,0
2026-10-12T16:20:00,31.2,53.9,46.9,58,1
2026-10-12T16:21:00,31.2,56.1,46.9,59,1
2026-10-12T16:22:00,19.8,53.1,47.0,71,2
2026-10-12T16:23:00,32.3,55.4,46.9,53,1
2026-10-12T16:24:00,30.1,55.0,47.0,57,0
2026-10-12T16:25:00,31.2,54.4,47.1,54,0
2026-10-12T16:26:00,31.5,53.3,46.9,60,1
2026-10-12T16:27:00,32.6,54.6,47.2,52,1
2026-10-12T16:28:00,24.9,52.7,46.9,72,0
2026-10-12T16:29:00,31.8,55.0,47.1,58,1
2026-10-12T16:30:00,28.7,55.4,47.0,63,0
2026-10-12T16:31:00,30.7,54.2,46.9,73,0
2026-10-12T16:32:00,28.7,53.3,46.9,67,1
2026-10-12T16:33:00,30.9,54.3,46.8,62,0
2026-10-12T16:34:00,31.4,53.6,47.1,65,1
2026-10-12T16:35:00,30.4,54.0,47.0,56,0
2026-10-12T16:36:00,32.3,55.9,46.9,64,2
2026-10-12T16:37:00,32.4,54.5,47.0,56,2
2026-10-12T16:38:00,30.3,54.6,47.0,68,1
2026-10-12T16:39:00,33.2,55.7,47.1,52,0
2026-10-12T16:40:00,25.2,55.3,46.9,66,1
2026-10-12T16:41:00,26.9,54.5,47.0,59,0
2026-10-12T16:42:00,26.8,55.5,46.9,52,0
2026-10-12T16:43:00,32.1,55.4,46.9,70,1
2026-10-12T16:44:00,28.3,54.5,47.1,57,0
2026-10-12T16:45:00,29.1,56.1,47.0,62,0
2026-10-12T16:46:00,30.1,55.7,46.9,58,0
2026-10-12T16:47:00,30.7,55.2,47.2,65,4
2026-10-12T16:48:00,28.9,53.9,46.9,61,1
2026-10-12T16:49:00,31.6,54.9,46.9,53,0
2026-10-12T16:50:00,32.1,53.8,46.9,60,0
2026-10-12T16:51:00,32.3,53.4,47.1,73,1
2026-10-12T16:52:00,27.9,55.9,47.1,52,0
2026-10-12T16:53:00,32.5,52.8,46.8,54,0
2026-10-12T16:54:00,34.6,55.6,46.8,63,1
2026-10-12T16:55:00,35.8,55.2,47.0,64,1
2026-10-12T16:56:00,26.9,54.9,46.9,59,0
2026-10-12T16:57:00,39.5,55.8,47.2,65,0
2026-10-12T16:58:00,28.0,53.5,47.0,55,0
2026-10-12T16:59:00,34.2,54.8,46.9,62,0
2026-10-12T17:00:00,31.8,55.3,47.0,68,1
2026-10-12T17:01:00,29.0,56.1,47.0,69,0
2026-10-12T17:02:00,27.5,54.2,47.0,64,0
2026-10-12T17:03:00,34.8,56.0,47.0,60,0
2026-10-12T17:04:00,29.4,53.9,47.1,54,0
2026-10-12T17:05:00,35.7,54.3,47.0,68,0
2026-10-12T17:06:00,28.7,55.0,47.0,65,0
2026-10-12T17:07:00,33.2,55.5,46.9,55,0
2026-10-12T17:08:00,24.8,55.8,47.0,59,2
2026-10-12T17:09:00,32.2,54.4,47.1,57,1
2026-10-12T17:10:00,26.7,55.9,46.9,43,0
2026-10-12T17:11:00,34.4,56.9,46.9,59,1
2026-10-12T17:12:00,28.2,56.8,47.0,71,0
2026-10-12T17:13:00,33.8,54.1,46.9,65,0
2026-10-12T17:14:00,30.8,54.9,47.1,56,2
2026-10-12T17:15:00,31.5,54.7,46.9,64,0
2026-10-12T17:16:00,36.0,55.1,47.0,60,1
2026-10-12T17:17:00,30.4,54.4,47.0,61,2
2026-10-12T17:18:00,29.8,53.6,47.1,57,0
2026-10-12T17:19:00,32.0,53.9,47.1,56,0
2026-10-12T17:20:00,27.8,53.7,47.0,56,0
2026-10-12T17:21:00,35.8,55.5,46.8,59,2
2026-10-12T17:22:00,28.2,54.7,47.1,59,0
2026-10-12T17:23:00,32.5,54.7,46.9,59,1
2026-10-12T17:24:00,31.6,54.1,46.9,69,0
2026-10-12T17:25:00,32.1,56.7,46.9,65,0
2026-10-12T17:26:00,29.4,54.7,46.8,61,1
2026-10-12T17:27:00,24.6,54.0,47.0,48,0
2026-10-12T17:28:00,29.7,55.6,47.0,64,1
2026-10-12T17:29:00,31.2,55.9,46.9,69,1
2026-10-12T17:30:00,31.9,56.0,47.1,57,0
2026-10-12T17:31:00,32.7,53.9,46.8,58,0
2026-10-12T17:32:00,32.5,54.5,47.0,77,1
2026-10-12T17:33:00,32.0,55.6,47.1,62,1
2026-10-12T17:34:00,31.0,54.9,47.0,59,0
2026-10-12T17:35:00,38.7,54.3,47.0,66,1
2026-10-12T17:36:00,30.9,54.6,46.9,49,2
2026-10-12T17:37:00,31.0,53.8,47.0,65,1
2026-10-12T17:38:00,32.1,54.3,47.0,62,1
2026-10-12T17:39:00,29.1,56.8,47.0,56,1
2026-10-12T17:40:00,33.1,54.2,47.1,51,0
2026-10-12T17:41:00,27.2,54.5,47.2,54,0
2026-10-12T17:42:00,35.4,55.8,46.9,54,1
2026-10-12T17:43:00,31.0,54.4,47.1,55,0
2026-10-12T17:44:00,27.5,53.2,47.0,76,1
2026-10-12T17:45:00,31.1,55.2,47.1,51,2
2026-10-12T17:46:00,30.2,53.7,46.8,63,0
2026-10-12T17:47:00,32.1,56.0,47.0,64,0
2026-10-12T17:48:00,33.5,53.8,46.9,72,1
2026-10-12T17:49:00,30.3,54.1,47.0,66,0
2026-10-12T17:50:00,29.1,56.0,47.0,52,0
2026-10-12T17:51:00,28.5,53.3,46.9,52,1
2026-10-12T17:52:00,28.9,54.4,46.9,62,0
2026-10-12T17:53:00,32.0,55.5,47.1,63,0
2026-10-12T17:54:00,28.7,53.8,47.0,56,1
2026-10-12T17:55:00,35.5,54.4,47.0,62,0
2026-10-12T17:56:00,35.6,56.0,47.2,58,2
2026-10-12T17:57:00,28.5,54.1,47.0,51,1
2026-10-12T17:58:00,32.3,53.5,47.1,62,0
2026-10-12T17:59:00,30.0,55.0,47.0,55,0
2026-10-12T18:00:00,30.9,56.7,47.1,61,0
2026-10-12T18:01:00,27.7,54.9,47.0,69,0
2026-10-12T18:02:00,29.9,54.0,47.1,64,0
2026-10-12T18:03:00,29.9,54.1,47.1,47,1
2026-10-12T18:04:00,29.8,56.1,46.9,68,0
2026-10-12T18:05:00,29.0,54.5,46.9,60,0
2026-10-12T18:06:00,33.2,55.3,47.0,58,1
2026-10-12T18:07:00,33.9,56.8,47.2,53,0
2026-10-12T18:08:00,31.8,53.0,46.9,58,0
2026-10-12T18:09:00,38.4,54.2,47.1,54,0
2026-10-12T18:10:00,29.1,55.2,46.8,62,1
2026-10-12T18:11:00,33.6,55.5,47.0,52,0
2026-10-12T18:12:00,36.0,55.7,46.8,67,0
2026-10-12T18:13:00,26.9,55.4,46.9,74,2
2026-10-12T18:14:00,27.0,54.7,47.1,70,0
2026-10-12T18:15:00,34.6,55.3,47.0,59,1
2026-10-12T18:16:00,30.6,56.3,46.9,61,0
2026-10-12T18:17:00,25.1,54.3,47.0,56,0
2026-10-12T18:18:00,29.3,54.5,47.0,65,1
2026-10-12T18:19:00,29.4,55.1,47.0,56,0
2026-10-12T18:20:00,32.0,55.0,46.9,67,0
2026-10-12T18:21:00,32.4,54.5,47.2,57,1
2026-10-12T18:22:00,30.5,55.1,47.0,63,0
2026-10-12T18:23:00,30.6,54.1,47.0,74,0
2026-10-12T18:24:00,34.1,54.8,46.9,56,0
2026-10-12T18:25:00,22.6,55.1,47.1,63,1
2026-10-12T18:26:00,28.9,55.3,46.9,64,0
2026-10-12T18:27:00,33.4,55.7,46.9,69,1
2026-10-12T18:28:00,31.0,55.1,47.0,57,0
2026-10-12T18:29:00,29.1,55.3,47.1,57,0
2026-10-12T18:30:00,32.0,53.2,47.1,60,0
2026-10-12T18:31:00,31.9,54.1,47.0,58,1
2026-10-12T18:32:00,32.2,55.9,47.1,65,1
2026-10-12T18:33:00,30.5,54.9,47.2,72,0
2026-10-12T18:34:00,30.9,55.2,47.0,71,0
2026-10-12T18:35:00,35.3,54.4,47.0,57,0
2026-10-12T18:36:00,28.0,55.0,46.9,54,0
2026-10-12T18:37:00,25.9,56.2,47.0,72,0
2026-10-12T18:38:00,32.3,54.8,47.1,64,0
2026-10-12T18:39:00,32.3,56.3,47.1,61,0
2026-10-12T18:40:00,30.2,53.9,47.1,56,0
2026-10-12T18:41:00,33.0,55.1,47.1,60,1
2026-10-12T18:42:00,30.7,55.3,46.8,57,0
2026-10-12T18:43:00,32.7,54.4,47.2,57,0
2026-10-12T18:44:00,33.9,55.0,47.1,65,0
2026-10-12T18:45:00,30.5,55.9,47.0,71,1
2026-10-12T18:46:00,34.5,54.6,47.1,57,1
2026-10-12T18:47:00,32.4,55.6,47.1,64,0
2026-10-12T18:48:00,31.9,56.7,46.9,61,0
2026-10-12T18:49:00,32.5,53.5,46.9,64,0
2026-10-12T18:50:00,31.6,54.5,47.0,61,0
2026-10-12T18:51:00,31.6,56.3,47.0,52,0
2026-10-12T18:52:00,38.5,54.2,47.2,71,0
2026-10-12T18:53:00,31.3,56.1,46.9,58,0
2026-10-12T18:54:00,33.9,53.7,47.0,53,0
2026-10-12T18:55:00,33.0,55.1,46.9,52,1
2026-10-12T18:56:00,32.7,55.3,47.0,67,0
2026-10-12T18:57:00,37.3,54.7,47.1,66,1
2026-10-12T18:58:00,29.2,54.5,46.9,60,1
2026-10-12T18:59:00,32.3,55.4,46.9,56,0
2026-10-12T19:00:00,30.1,55.2,47.0,61,2
2026-10-12T19:01:00,29.0,54.5,47.1,54,0
2026-10-12T19:02:00,30.4,53.4,47.0,64,0
2026-10-12T19:03:00,32.9,55.2,47.0,58,0
2026-10-12T19:04:00,29.7,56.7,46.8,54,0
2026-10-12T19:05:00,31.3,55.4,47.3,77,0
2026-10-12T19:06:00,29.1,55.3,46.8,53,0
2026-10-12T19:07:00,30.2,55.2,47.0,64,0
2026-10-12T19:08:00,27.2,54.9,47.0,60,0
2026-10-12T19:09:00,29.8,55.8,47.0,56,0
2026-10-12T19:10:00,35.9,55.7,46.9,66,0
2026-10-12T19:11:00,34.6,55.0,47.0,56,0
2026-10-12T19:12:00,25.3,51.9,46.9,52,1
2026-10-12T19:13:00,32.5,55.4,46.9,65,1
2026-10-12T19:14:00,33.8,55.1,46.8,71,0
2026-10-12T19:15:00,29.6,54.9,47.1,65,0
2026-10-12T19:16:00,28.4,55.5,47.0,55,0
2026-10-12T19:17:00,28.9,54.9,47.0,62,0
2026-10-12T19:18:00,31.5,54.7,46.8,60,1
2026-10-12T19:19:00,30.8,54.5,47.0,54,0
2026-10-12T19:20:00,32.5,54.4,46.9,59,2
2026-10-12T19:21:00,28.8,55.9,47.1,55,0
2026-10-12T19:22:00,35.2,55.1,47.0,63,2
2026-10-12T19:23:00,28.9,55.6,47.0,54,1
2026-10-12T19:24:00,28.9,54.7,46.9,65,1
2026-10-12T19:25:00,31.5,56.5,46.9,71,0
2026-10-12T19:26:00,35.0,54.4,46.9,55,0
2026-10-12T19:27:00,31.9,54.5,47.1,61,1
2026-10-12T19:28:00,33.6,55.3,47.1,68,1
2026-10-12T19:29:00,32.0,56.1,47.0,63,0
2026-10-12T19:30:00,28.4,54.0,47.0,54,0
2026-10-12T19:31:00,31.3,55.8,47.0,56,0
2026-10-12T19:32:00,30.5,55.1,46.9,55,0
2026-10-12T19:33:00,31.1,54.7,47.1,64,1
2026-10-12T19:34:00,33.1,55.7,46.9,59,0
2026-10-12T19:35:00,26.4,53.2,47.0,66,0
2026-10-12T19:36:00,30.3,55.7,46.8,60,0
2026-10-12T19:37:00,30.3,55.8,47.0,65,1
2026-10-12T19:38:00,34.6,53.7,46.9,59,2
2026-10-12T19:39:00,32.7,54.2,46.9,56,0
2026-10-12T19:40:00,29.0,55.5,47.0,68,1
2026-10-12T19:41:00,29.6,56.4,47.0,60,0
2026-10-12T19:42:00,28.0,52.9,47.3,48,0
2026-10-12T19:43:00,32.0,55.3,46.9,63,0
2026-10-12T19:44:00,28.8,53.4,46.9,58,1
2026-10-12T19:45:00,29.3,55.3,47.0,55,0
2026-10-12T19:46:00,28.4,54.0,47.0,57,0
2026-10-12T19:47:00,28.3,55.1,46.8,64,0
2026-10-12T19:48:00,26.0,53.7,46.9,68,3
2026-10-12T19:49:00,28.4,55.3,47.2,59,1
2026-10-12T19:50:00,33.0,55.9,47.2,58,0
2026-10-12T19:51:00,26.0,55.7,47.2,66,0
2026-10-12T19:52:00,30.9,55.1,47.0,52,0
2026-10-12T19:53:00,26.7,54.2,47.0,48,0
2026-10-12T19:54:00,36.2,54.8,47.0,58,1
2026-10-12T19:55:00,33.1,55.3,47.0,59,0
2026-10-12T19:56:00,27.8,55.1,47.1,65,0
2026-10-12T19:57:00,28.0,56.1,47.0,64,1
2026-10-12T19:58:00,24.5,53.5,47.1,62,0
2026-10-12T19:59:00,32.8,55.0,47.0,57,0
2026-10-12T20:00:00,35.4,56.8,46.9,59,0
2026-10-12T20:01:00,30.6,56.0,47.1,74,0
2026-10-12T20:02:00,30.3,55.7,47.0,58,1
2026-10-12T20:03:00,25.2,54.4,46.9,59,0
2026-10-12T20:04:00,28.6,55.2,46.9,56,0
2026-10-12T20:05:00,33.5,54.6,47.1,65,1
2026-10-12T20:06:00,35.4,55.5,47.0,63,0
2026-10-12T20:07:00,33.2,53.5,47.0,59,0
2026-10-12T20:08:00,32.6,56.8,47.1,48,0
2026-10-12T20:09:00,31.8,55.7,47.1,70,0
2026-10-12T20:10:00,30.7,54.0,46.9,48,1
2026-10-12T20:11:00,30.1,56.1,47.1,55,0
2026-10-12T20:12:00,30.4,53.9,47.0,57,0
2026-10-12T20:13:00,34.5,54.8,47.1,46,0
2026-10-12T20:14:00,31.7,54.2,46.8,50,1
2026-10-12T20:15:00,32.9,55.5,47.1,57,0
2026-10-12T20:16:00,28.3,54.0,46.9,54,0
2026-10-12T20:17:00,29.3,54.8,47.0,63,0
2026-10-12T20:18:00,33.2,56.8,46.9,57,2
2026-10-12T20:19:00,27.4,55.0,47.1,60,0
2026-10-12T20:20:00,28.2,53.7,46.9,50,1
2026-10-12T20:21:00,27.7,56.4,47.1,64,0
2026-10-12T20:22:00,29.7,56.3,47.0,59,0
2026-10-12T20:23:00,33.2,55.6,47.0,72,1
2026-10-12T20:24:00,35.8,55.3,47.1,34,1
2026-10-12T20:25:00,32.5,54.1,46.8,59,0
2026-10-12T20:26:00,28.6,54.7,47.0,62,0
2026-10-12T20:27:00,32.8,56.5,47.1,63,0
2026-10-12T20:28:00,31.2,53.9,47.0,57,2
2026-10-12T20:29:00,32.2,56.4,47.1,61,0
2026-10-12T20:30:00,25.6,54.6,47.1,64,1
2026-10-12T20:31:00,32.4,54.3,47.1,60,0
2026-10-12T20:32:00,28.7,55.2,46.9,65,0
2026-10-12T20:33:00,36.7,55.2,46.9,58,0
2026-10-12T20:34:00,32.8,55.1,47.0,59,0
2026-10-12T20:35:00,29.6,54.5,47.1,62,2
2026-10-12T20:36:00,31.3,56.2,47.0,59,0
2026-10-12T20:37:00,27.0,54.5,47.1,54,1
2026-10-12T20:38:00,32.1,54.3,47.3,62,1
2026-10-12T20:39:00,29.7,52.6,47.0,63,0
2026-10-12T20:40:00,30.0,56.8,47.0,59,3
2026-10-12T20:41:00,33.4,56.0,47.0,51,0
2026-10-12T20:42:00,29.6,54.0,47.0,66,1
2026-10-12T20:43:00,30.3,54.0,46.9,55,1
2026-10-12T20:44:00,31.4,55.6,47.0,55,0
2026-10-12T20:45:00,33.6,55.1,47.0,55,0
2026-10-12T20:46:00,31.6,53.7,46.9,62,1
2026-10-12T20:47:00,26.9,53.8,46.9,67,0
2026-10-12T20:48:00,36.0,53.8,47.0,57,1
2026-10-12T20:49:00,27.9,53.8,46.8,60,0
2026-10-12T20:50:00,33.8,55.1,46.8,60,0
2026-10-12T20:51:00,23.9,54.1,47.0,55,0
2026-10-12T20:52:00,27.1,54.4,47.1,62,1
2026-10-12T20:53:00,30.9,53.2,47.0,59,1
2026-10-12T20:54:00,29.3,54.2,46.9,54,1
2026-10-12T20:55:00,31.1,54.2,46.9,54,1
2026-10-12T20:56:00,31.0,53.0,47.0,56,0
2026-10-12T20:57:00,27.9,57.5,47.0,60,1
2026-10-12T20:58:00,27.5,56.1,47.1,60,0
2026-10-12T20:59:00,31.8,55.7,47.0,66,0
2026-10-12T21:00:00,31.2,54.7,47.1,58,2
2026-10-12T21:01:00,35.4,56.3,47.0,64,2
2026-10-12T21:02:00,31.4,54.8,46.9,61,0
2026-10-12T21:03:00,33.6,54.7,47.0,55,0
2026-10-12T21:04:00,29.1,54.1,46.8,52,0
2026-10-12T21:05:00,30.1,55.0,47.0,57,0
2026-10-12T21:06:00,31.5,55.5,47.0,62,0
2026-10-12T21:07:00,25.4,55.2,47.1,64,1
2026-10-12T21:08:00,28.8,54.4,46.9,55,0
2026-10-12T21:09:00,33.6,55.0,47.0,48,0
2026-10-12T21:10:00,27.5,55.4,46.9,56,1
2026-10-12T21:11:00,29.8,54.1,46.8,60,2
2026-10-12T21:12:00,25.0,55.9,46.9,66,0
2026-10-12T21:13:00,27.7,55.6,47.2,75,1
2026-10-12T21:14:00,23.4,57.6,46.9,65,0
2026-10-12T21:15:00,32.4,55.3,47.0,56,1
2026-10-12T21:16:00,30.3,55.2,47.0,64,0
2026-10-12T21:17:00,30.1,55.4,46.8,69,1
2026-10-12T21:18:00,32.8,55.0,47.0,50,1
2026-10-12T21:19:00,28.4,52.3,47.0,54,0
2026-10-12T21:20:00,32.7,54.1,47.1,62,1
2026-10-12T21:21:00,27.9,55.5,47.0,63,1
2026-10-12T21:22:00,32.2,53.1,46.8,60,2
2026-10-12T21:23:00,25.2,53.6,47.1,61,0
2026-10-12T21:24:00,23.9,56.2,46.9,64,1
2026-10-12T21:25:00,33.8,54.5,47.0,68,2
2026-10-12T21:26:00,32.6,55.7,47.0,58,0
2026-10-12T21:27:00,30.9,54.0,47.1,66,0
2026-10-12T21:28:00,31.0,54.5,47.2,62,1
2026-10-12T21:29:00,33.7,55.8,47.0,60,2
2026-10-12T21:30:00,28.4,54.4,47.0,63,0
2026-10-12T21:31:00,30.6,54.3,46.9,59,1
2026-10-12T21:32:00,28.8,55.3,47.1,60,2
2026-10-12T21:33:00,27.3,54.5,47.1,55,0
2026-10-12T21:34:00,37.2,54.8,46.8,67,1
2026-10-12T21:35:00,36.4,53.6,47.1,63,0
2026-10-12T21:36:00,32.8,55.2,47.0,58,2
2026-10-12T21:37:00,32.7,54.7,47.1,67,0
2026-10-12T21:38:00,34.8,55.9,46.8,54,0
2026-10-12T21:39:00,34.9,57.0,47.1,64,0
2026-10-12T21:40:00,34.8,55.7,47.1,59,1
2026-10-12T21:41:00,31.4,55.8,47.0,59,0
2026-10-12T21:42:00,32.0,54.7,46.9,53,0
2026-10-12T21:43:00,35.1,53.0,46.9,64,1
2026-10-12T21:44:00,30.6,55.0,46.9,55,0
2026-10-12T21:45:00,30.6,55.7,46.9,55,1
2026-10-12T21:46:00,38.8,53.9,47.0,65,1
2026-10-12T21:47:00,33.2,56.7,47.1,58,1
2026-10-12T21:48:00,31.5,54.3,46.9,50,1
2026-10-12T21:49:00,27.0,54.4,47.3,68,0
2026-10-12T21:50:00,31.0,55.7,47.1,64,0
2026-10-12T21:51:00,29.3,54.3,46.9,64,1
2026-10-12T21:52:00,31.3,56.1,47.0,61,0
2026-10-12T21:53:00,33.4,55.0,46.7,60,2
2026-10-12T21:54:00,30.4,54.3,47.0,73,2
2026-10-12T21:55:00,30.6,54.4,47.1,61,0
2026-10-12T21:56:00,31.2,55.3,47.0,59,0
2026-10-12T21:57:00,31.1,54.5,46.7,58,0
2026-10-12T21:58:00,30.8,54.6,47.1,58,0
2026-10-12T21:59:00,27.7,56.5,46.9,53,2
2026-10-12T22:00:00,27.3,54.3,47.0,72,0
2026-10-12T22:01:00,28.7,55.6,47.1,50,0
2026-10-12T22:02:00,33.4,56.6,46.9,62,0
2026-10-12T22:03:00,31.7,53.9,47.2,61,1
2026-10-12T22:04:00,32.2,54.0,47.0,56,1
2026-10-12T22:05:00,32.5,54.7,47.1,56,1
2026-10-12T22:06:00,30.1,55.9,47.0,66,1
2026-10-12T22:07:00,29.7,53.4,47.0,57,1
2026-10-12T22:08:00,27.8,53.1,47.0,56,0
2026-10-12T22:09:00,31.8,57.0,47.1,53,0
2026-10-12T22:10:00,28.1,56.0,47.1,63,1
2026-10-12T22:11:00,30.8,55.4,46.9,64,0
2026-10-12T22:12:00,33.1,53.7,47.1,54,0
2026-10-12T22:13:00,28.5,55.6,46.9,52,0
2026-10-12T22:14:00,30.6,55.9,47.1,64,0
2026-10-12T22:15:00,26.7,55.9,47.0,59,1
2026-10-12T22:16:00,33.5,55.2,47.1,58,0
2026-10-12T22:17:00,33.0,54.5,47.0,56,0
2026-10-12T22:18:00,33.7,54.6,46.8,71,1
2026-10-12T22:19:00,27.4,55.4,46.8,54,0
2026-10-12T22:20:00,29.2,53.7,47.2,54,1
2026-10-12T22:21:00,30.9,53.5,46.9,58,0
2026-10-12T22:22:00,33.1,56.3,47.1,55,1
2026-10-12T22:23:00,34.5,56.5,47.1,55,0
2026-10-12T22:24:00,24.1,55.0,47.1,62,0
2026-10-12T22:25:00,25.7,54.4,46.9,57,3
2026-10-12T22:26:00,30.5,56.3,47.1,53,0
2026-10-12T22:27:00,31.3,54.5,47.1,59,0
2026-10-12T22:28:00,27.1,56.9,46.9,57,1
2026-10-12T22:29:00,28.9,55.3,46.9,54,0
2026-10-12T22:30:00,34.9,54.7,46.8,64,0
2026-10-12T22:31:00,26.6,54.3,47.0,64,1
2026-10-12T22:32:00,27.4,53.8,46.9,67,0
2026-10-12T22:33:00,26.2,53.7,46.9,62,0
2026-10-12T22:34:00,33.6,53.9,47.0,56,0
2026-10-12T22:35:00,30.7,55.6,46.9,61,0
2026-10-12T22:36:00,29.3,54.8,47.1,52,0
2026-10-12T22:37:00,28.1,57.8,47.0,64,1
2026-10-12T22:38:00,32.8,54.1,47.0,64,0
2026-10-12T22:39:00,36.8,55.5,47.0,58,0
2026-10-12T22:40:00,32.5,55.0,46.9,69,1
2026-10-12T22:41:00,26.5,56.4,47.1,57,0
2026-10-12T22:42:00,32.7,54.6,47.0,61,1
2026-10-12T22:43:00,25.4,56.1,46.9,52,0
2026-10-12T22:44:00,29.5,55.7,47.0,66,0
2026-10-12T22:45:00,29.5,53.8,47.1,60,0
2026-10-12T22:46:00,34.8,56.6,46.9,67,0
2026-10-12T22:47:00,37.3,53.5,47.1,57,0
2026-10-12T22:48:00,31.8,56.6,47.2,63,0
2026-10-12T22:49:00,39.7,54.0,47.0,60,0
2026-10-12T22:50:00,27.1,56.2,46.9,63,1
2026-10-12T22:51:00,27.6,56.6,47.1,74,0
2026-10-12T22:52:00,33.3,53.8,46.9,67,0
2026-10-12T22:53:00,32.3,54.1,47.3,57,0
2026-10-12T22:54:00,36.0,54.7,47.1,72,1
2026-10-12T22:55:00,27.7,55.7,47.0,52,1
2026-10-12T22:56:00,34.4,53.6,47.0,69,0
2026-10-12T22:57:00,29.5,55.7,46.9,63,1
2026-10-12T22:58:00,31.6,54.8,47.0,49,1
2026-10-12T22:59:00,29.2,54.3,47.0,56,0
2026-10-12T23:00:00,26.6,53.5,47.1,63,0
2026-10-12T23:01:00,27.5,54.1,46.9,62,0
2026-10-12T23:02:00,32.1,55.7,47.2,60,1
2026-10-12T23:03:00,27.4,53.8,47.1,59,1
2026-10-12T23:04:00,32.2,53.3,46.9,48,0
2026-10-12T23:05:00,32.2,56.1,47.0,56,0
2026-10-12T23:06:00,31.5,53.3,46.8,48,1
2026-10-12T23:07:00,30.6,54.4,47.1,66,0
2026-10-12T23:08:00,31.9,55.7,47.1,60,0
2026-10-12T23:09:00,31.7,53.8,47.1,58,0
2026-10-12T23:10:00,28.8,55.1,47.0,65,2
2026-10-12T23:11:00,30.1,55.7,46.9,68,0
2026-10-12T23:12:00,30.1,54.8,47.1,51,0
2026-10-12T23:13:00,31.4,53.5,47.1,59,0
2026-10-12T23:14:00,30.9,54.0,47.0,57,4
2026-10-12T23:15:00,28.5,54.2,46.8,63,0
2026-10-12T23:16:00,35.4,56.3,47.1,53,1
2026-10-12T23:17:00,33.0,55.9,46.9,58,2
2026-10-12T23:18:00,35.0,55.6,47.0,55,0
2026-10-12T23:19:00,33.7,55.2,47.1,59,1
2026-10-12T23:20:00,29.2,55.5,47.0,62,1
2026-10-12T23:21:00,29.0,54.5,47.1,61,0
2026-10-12T23:22:00,23.4,55.2,47.1,52,1
2026-10-12T23:23:00,32.0,55.2,46.9,59,1
2026-10-12T23:24:00,31.0,53.6,46.9,59,1
2026-10-12T23:25:00,28.4,53.8,47.2,56,1
2026-10-12T23:26:00,31.8,54.9,47.0,58,1
2026-10-12T23:27:00,31.5,56.2,47.0,66,0
2026-10-12T23:28:00,33.9,55.3,47.1,59,2
2026-10-12T23:29:00,35.1,56.3,47.0,50,0
2026-10-12T23:30:00,32.5,53.4,47.1,68,1
2026-10-12T23:31:00,31.6,54.5,46.9,60,2
2026-10-12T23:32:00,35.6,56.5,47.0,59,1
2026-10-12T23:33:00,30.9,54.4,46.9,59,0
2026-10-12T23:34:00,30.9,54.2,47.1,61,1
2026-10-12T23:35:00,29.6,54.5,47.1,64,0
2026-10-12T23:36:00,32.4,55.8,47.0,54,0
2026-10-12T23:37:00,29.2,55.0,47.0,63,1
2026-10-12T23:38:00,33.1,54.7,47.1,57,1
2026-10-12T23:39:00,29.2,55.1,47.0,62,0
2026-10-12T23:40:00,29.2,55.5,47.0,45,0
2026-10-12T23:41:00,29.9,55.2,46.9,64,1
2026-10-12T23:42:00,32.2,54.3,47.2,52,1
2026-10-12T23:43:00,32.8,54.1,47.1,72,0
2026-10-12T23:44:00,31.6,55.8,47.0,52,0
2026-10-12T23:45:00,35.1,57.3,47.0,63,1
2026-10-12T23:46:00,32.4,55.8,47.0,59,1
2026-10-12T23:47:00,31.5,55.2,47.1,57,1
2026-10-12T23:48:00,34.8,54.8,47.1,64,0
2026-10-12T23:49:00,32.5,56.4,46.9,58,0
2026-10-12T23:50:00,30.9,56.5,47.0,59,1
2026-10-12T23:51:00,28.8,52.4,47.0,48,0
2026-10-12T23:52:00,31.1,55.8,47.1,66,0
2026-10-12T23:53:00,29.5,55.6,47.1,54,2
2026-10-12T23:54:00,30.1,55.0,47.1,56,1
2026-10-12T23:55:00,31.0,53.5,47.0,58,0
2026-10-12T23:56:00,26.7,54.6,47.0,71,0
2026-10-12T23:57:00,33.1,58.2,47.0,63,1
2026-10-12T23:58:00,31.9,53.0,46.9,56,2
2026-10-12T23:59:00,29.7,55.2,47.1,61,1
2026-10-13T00:00:00,29.5,54.8,47.1,53,2
2026-10-13T00:01:00,31.6,56.0,47.0,54,1
2026-10-13T00:02:00,31.7,56.6,47.0,65,1
2026-10-13T00:03:00,30.3,55.5,46.9,60,0
2026-10-13T00:04:00,27.9,55.7,46.9,52,0
2026-10-13T00:05:00,29.1,54.9,47.1,56,0
2026-10-13T00:06:00,36.6,55.3,47.0,62,2
2026-10-13T00:07:00,30.4,54.5,47.0,61,1
2026-10-13T00:08:00,28.4,54.6,46.9,54,0
2026-10-13T00:09:00,32.9,56.0,47.1,64,0
2026-10-13T00:10:00,33.2,55.1,46.9,57,1
2026-10-13T00:11:00,29.8,54.5,46.9,60,2
2026-10-13T00:12:00,30.5,54.0,47.0,57,0
2026-10-13T00:13:00,35.6,54.8,46.8,60,0
2026-10-13T00:14:00,27.7,55.3,46.8,61,1
2026-10-13T00:15:00,29.3,55.9,47.2,60,2
2026-10-13T00:16:00,37.0,55.1,47.1,61,1
2026-10-13T00:17:00,30.5,53.6,47.0,53,0
2026-10-13T00:18:00,31.4,54.7,47.0,60,1
2026-10-13T00:19:00,35.6,55.2,47.1,58,0
2026-10-13T00:20:00,26.9,54.6,47.0,44,0
2026-10-13T00:21:00,36.1,53.8,46.9,53,0
2026-10-13T00:22:00,34.7,54.8,46.9,54,1
2026-10-13T00:23:00,32.2,54.4,46.9,62,1
2026-10-13T00:24:00,29.5,54.6,46.9,53,1
2026-10-13T00:25:00,34.1,54.6,47.0,64,1
2026-10-13T00:26:00,34.0,56.6,46.9,62,1
2026-10-13T00:27:00,30.2,55.5,47.0,50,0
2026-10-13T00:28:00,27.9,55.8,46.8,63,1
2026-10-13T00:29:00,30.3,56.1,46.9,54,2
2026-10-13T00:30:00,27.2,54.4,46.9,58,0
2026-10-13T00:31:00,31.2,56.0,46.9,61,1
2026-10-13T00:32:00,32.9,54.5,47.1,57,0
2026-10-13T00:33:00,37.5,55.1,46.9,61,1
2026-10-13T00:34:00,27.1,55.0,47.1,51,2
2026-10-13T00:35:00,27.1,54.9,47.0,66,0
2026-10-13T00:36:00,33.4,54.7,47.1,67,0
2026-10-13T00:37:00,31.2,54.3,47.0,66,0
2026-10-13T00:38:00,31.8,52.2,46.9,60,1
2026-10-13T00:39:00,33.3,55.2,47.1,60,0
2026-10-13T00:40:00,31.9,53.9,46.7,54,1
2026-10-13T00:41:00,25.6,53.0,47.0,70,0
2026-10-13T00:42:00,26.8,55.6,47.1,61,0
2026-10-13T00:43:00,25.4,56.3,47.0,62,0
2026-10-13T00:44:00,31.0,55.9,47.1,49,0
2026-10-13T00:45:00,32.5,54.6,47.2,62,0
2026-10-13T00:46:00,31.0,54.4,47.2,62,0
2026-10-13T00:47:00,33.5,54.3,47.1,65,0
2026-10-13T00:48:00,30.2,55.2,47.0,63,1
2026-10-13T00:49:00,31.8,53.1,47.1,57,0
2026-10-13T00:50:00,33.2,55.5,47.1,58,1
2026-10-13T00:51:00,24.5,54.8,46.9,62,0
2026-10-13T00:52:00,33.4,57.0,47.0,57,0
2026-10-13T00:53:00,28.6,54.9,47.0,55,0
2026-10-13T00:54:00,33.4,55.4,47.2,53,0
2026-10-13T00:55:00,36.0,54.9,47.1,71,1
2026-10-13T00:56:00,30.4,54.2,47.0,50,2
2026-10-13T00:57:00,30.0,55.5,47.1,55,0
2026-10-13T00:58:00,27.0,54.2,47.0,56,0
2026-10-13T00:59:00,28.7,55.9,47.1,64,0
2026-10-13T01:00:00,34.9,53.7,47.0,61,1
2026-10-13T01:01:00,27.4,54.0,47.0,66,0
2026-10-13T01:02:00,30.1,53.5,46.9,67,0
2026-10-13T01:03:00,25.6,53.5,46.9,53,1
2026-10-13T01:04:00,31.1,55.7,47.0,58,1
2026-10-13T01:05:00,31.0,56.0,47.0,68,2
2026-10-13T01:06:00,34.8,53.1,47.1,64,0
2026-10-13T01:07:00,27.7,55.0,47.0,63,0
2026-10-13T01:08:00,30.8,55.5,46.9,57,0
2026-10-13T01:09:00,27.3,55.7,47.1,66,1
2026-10-13T01:10:00,31.2,56.4,47.0,57,1
2026-10-13T01:11:00,30.2,55.0,47.1,58,0
2026-10-13T01:12:00,34.4,53.2,46.9,62,0
2026-10-13T01:13:00,36.5,54.8,46.9,59,0
2026-10-13T01:14:00,37.9,53.8,47.1,57,0
2026-10-13T01:15:00,32.3,55.4,46.9,54,0
2026-10-13T01:16:00,29.2,56.1,46.9,60,0
2026-10-13T01:17:00,34.2,55.7,46.7,54,0
2026-10-13T01:18:00,29.6,57.0,47.0,63,0
2026-10-13T01:19:00,29.9,53.2,46.9,36,0
2026-10-13T01:20:00,28.5,55.9,46.9,67,0
2026-10-13T01:21:00,28.7,55.0,47.1,54,0
2026-10-13T01:22:00,31.6,53.3,46.9,49,3
2026-10-13T01:23:00,31.4,54.3,46.9,49,0
2026-10-13T01:24:00,37.8,54.5,46.9,53,0
2026-10-13T01:25:00,32.7,54.7,47.1,63,0
2026-10-13T01:26:00,30.9,55.5,46.9,61,1
2026-10-13T01:27:00,28.1,55.3,47.0,57,0
2026-10-13T01:28:00,32.5,55.6,46.9,61,1
2026-10-13T01:29:00,33.4,55.2,46.9,60,0
2026-10-13T01:30:00,32.9,54.5,46.9,62,1
2026-10-13T01:31:00,32.3,56.4,47.0,75,0
2026-10-13T01:32:00,28.5,53.6,46.9,63,0
2026-10-13T01:33:00,32.8,56.4,47.0,63,0
2026-10-13T01:34:00,29.4,55.1,47.0,52,0
2026-10-13T01:35:00,37.3,55.1,47.0,63,1
2026-10-13T01:36:00,34.1,54.8,47.0,65,2
2026-10-13T01:37:00,30.5,55.0,47.1,57,0
2026-10-13T01:38:00,30.6,55.5,46.8,57,1
2026-10-13T01:39:00,28.5,54.5,47.1,51,0
2026-10-13T01:40:00,28.8,53.6,47.0,61,2
2026-10-13T01:41:00,29.5,55.7,46.9,68,0
2026-10-13T01:42:00,36.5,55.2,47.0,63,1
2026-10-13T01:43:00,31.3,55.1,47.0,63,1
2026-10-13T01:44:00,28.8,55.2,47.2,61,1
2026-10-13T01:45:00,23.3,53.9,46.9,60,1
2026-10-13T01:46:00,32.9,54.7,47.2,55,0
2026-10-13T01:47:00,27.4,53.9,46.9,55,0
2026-10-13T01:48:00,28.8,56.0,47.0,61,0
2026-10-13T01:49:00,30.2,55.3,47.0,60,0
2026-10-13T01:50:00,33.2,54.4,47.0,61,0
2026-10-13T01:51:00,31.6,54.6,47.1,62,0
2026-10-13T01:52:00,36.5,54.1,47.2,63,1
2026-10-13T01:53:00,30.9,55.0,47.0,48,0
2026-10-13T01:54:00,27.4,55.0,47.1,58,1
2026-10-13T01:55:00,32.9,55.0,46.9,66,0
2026-10-13T01:56:00,27.5,54.6,47.0,55,0
2026-10-13T01:57:00,32.9,56.4,47.0,67,0
2026-10-13T01:58:00,30.0,56.1,47.1,52,0
2026-10-13T01:59:00,30.6,54.4,47.1,50,0
2026-10-13T02:00:00,28.7,54.7,46.9,61,0
2026-10-13T02:01:00,28.5,53.9,47.1,56,0
2026-10-13T02:02:00,27.6,54.9,47.1,65,1
2026-10-13T02:03:00,26.8,53.8,46.9,62,1
2026-10-13T02:04:00,28.0,55.6,47.0,65,1
2026-10-13T02:05:00,30.2,55.7,47.0,47,0
2026-10-13T02:06:00,31.3,55.9,47.2,48,0
2026-10-13T02:07:00,33.1,55.8,47.1,59,0
2026-10-13T02:08:00,29.3,54.5,47.0,56,0
2026-10-13T02:09:00,30.6,53.7,46.8,60,0
2026-10-13T02:10:00,32.4,54.8,47.0,61,1
2026-10-13T02:11:00,29.1,54.5,47.1,56,0
2026-10-13T02:12:00,28.2,54.5,47.0,58,1
2026-10-13T02:13:00,29.5,55.2,47.0,59,0
2026-10-13T02:14:00,32.6,56.5,47.1,57,1
2026-10-13T02:15:00,28.1,56.2,47.1,58,0
2026-10-13T02:16:00,28.9,57.1,46.9,52,0
2026-10-13T02:17:00,31.3,56.4,47.0,56,1
2026-10-13T02:18:00,28.0,55.9,47.1,58,0
2026-10-13T02:19:00,29.2,54.4,47.2,67,1
2026-10-13T02:20:00,30.9,54.2,47.2,52,0
2026-10-13T02:21:00,28.7,56.4,47.1,57,0
2026-10-13T02:22:00,28.9,56.5,47.0,56,0
2026-10-13T02:23:00,28.0,56.6,47.1,57,2
2026-10-13T02:24:00,31.0,55.0,47.0,50,0
2026-10-13T02:25:00,34.9,56.1,47.1,53,0
2026-10-13T02:26:00,32.2,55.6,46.9,54,2
2026-10-13T02:27:00,28.2,56.0,47.1,61,0
2026-10-13T02:28:00,24.2,55.1,47.0,65,0
2026-10-13T02:29:00,35.0,54.6,47.1,55,1
2026-10-13T02:30:00,34.0,56.6,46.9,55,1
2026-10-13T02:31:00,29.8,54.5,47.0,58,0
2026-10-13T02:32:00,31.4,55.0,46.9,57,0
2026-10-13T02:33:00,29.1,54.0,46.8,61,2
2026-10-13T02:34:00,30.1,55.5,47.1,68,1
2026-10-13T02:35:00,30.9,55.6,47.1,52,0
2026-10-13T02:36:00,31.7,56.4,46.9,69,1
2026-10-13T02:37:00,32.2,54.9,46.8,58,0
2026-10-13T02:38:00,30.2,54.7,47.0,46,0
2026-10-13T02:39:00,27.3,53.8,47.0,64,1
2026-10-13T02:40:00,32.8,55.8,47.1,53,1
2026-10-13T02:41:00,32.7,55.1,47.0,69,0
2026-10-13T02:42:00,30.6,53.2,47.0,64,0
2026-10-13T02:43:00,28.0,54.6,47.3,61,0
2026-10-13T02:44:00,31.3,55.0,46.9,61,0
2026-10-13T02:45:00,26.4,56.7,47.1,64,2
2026-10-13T02:46:00,25.4,54.7,47.0,61,0
2026-10-13T02:47:00,31.7,54.1,47.0,65,1
2026-10-13T02:48:00,32.3,54.8,47.0,74,1
2026-10-13T02:49:00,32.1,54.4,47.0,57,1
2026-10-13T02:50:00,31.3,53.7,47.1,67,0
2026-10-13T02:51:00,31.3,54.1,47.1,58,0
2026-10-13T02:52:00,38.4,56.0,46.8,64,1
2026-10-13T02:53:00,32.4,55.6,46.9,59,1
2026-10-13T02:54:00,33.4,54.1,46.9,65,0
2026-10-13T02:55:00,28.4,55.2,46.9,61,1
2026-10-13T02:56:00,28.1,53.6,47.1,69,0
2026-10-13T02:57:00,31.0,52.2,47.1,57,1
2026-10-13T02:58:00,29.1,55.0,47.0,67,0
2026-10-13T02:59:00,35.6,53.9,46.9,51,0
2026-10-13T03:00:00,25.6,54.7,47.0,56,1
2026-10-13T03:01:00,30.0,55.1,47.0,54,1
2026-10-13T03:02:00,28.2,54.4,47.1,58,0
2026-10-13T03:03:00,32.0,54.5,47.0,63,1
2026-10-13T03:04:00,35.1,55.6,47.0,59,0
2026-10-13T03:05:00,31.7,54.0,47.0,60,0
2026-10-13T03:06:00,30.5,54.5,47.0,60,0
2026-10-13T03:07:00,29.6,54.7,47.0,63,0
2026-10-13T03:08:00,29.5,54.7,47.1,64,0
2026-10-13T03:09:00,31.1,54.8,46.9,57,1
2026-10-13T03:10:00,32.0,55.5,47.2,62,1
2026-10-13T03:11:00,30.7,55.9,46.9,64,1
2026-10-13T03:12:00,24.8,55.2,47.1,59,1
2026-10-13T03:13:00,28.8,55.3,47.1,57,1
2026-10-13T03:14:00,26.8,54.2,47.0,60,1
2026-10-13T03:15:00,26.9,56.1,46.9,66,0
2026-10-13T03:16:00,27.8,53.9,47.1,58,0
2026-10-13T03:17:00,30.7,54.7,46.7,63,0
2026-10-13T03:18:00,30.7,54.3,47.0,56,0
2026-10-13T03:19:00,32.8,55.3,47.0,51,0
2026-10-13T03:20:00,35.1,57.2,47.0,69,0
2026-10-13T03:21:00,25.7,56.6,47.0,59,1
2026-10-13T03:22:00,31.4,55.2,47.0,56,0
2026-10-13T03:23:00,38.6,54.6,46.9,54,0
2026-10-13T03:24:00,30.8,55.2,47.0,66,0
2026-10-13T03:25:00,27.7,54.8,46.9,63,1
2026-10-13T03:26:00,28.5,53.6,47.0,54,0
2026-10-13T03:27:00,31.9,56.8,46.9,56,0
2026-10-13T03:28:00,26.9,55.6,47.1,54,0
2026-10-13T03:29:00,33.9,54.1,47.1,56,1
2026-10-13T03:30:00,35.7,54.3,46.8,67,0
2026-10-13T03:31:00,33.4,55.9,46.8,62,0
2026-10-13T03:32:00,27.4,56.4,46.9,72,0
2026-10-13T03:33:00,34.0,55.2,47.0,61,0
2026-10-13T03:34:00,34.9,55.0,47.1,63,1
2026-10-13T03:35:00,29.3,55.6,47.0,65,0
2026-10-13T03:36:00,27.8,55.3,47.0,61,0
2026-10-13T03:37:00,24.4,54.5,46.9,48,0
2026-10-13T03:38:00,30.4,53.3,46.8,58,1
2026-10-13T03:39:00,28.9,56.6,47.0,65,1
2026-10-13T03:40:00,38.2,55.9,47.0,56,3
2026-10-13T03:41:00,33.5,57.1,47.1,68,0
2026-10-13T03:42:00,27.1,55.0,47.1,56,1
2026-10-13T03:43:00,31.0,55.4,46.9,56,1
2026-10-13T03:44:00,32.3,52.8,47.0,64,0
2026-10-13T03:45:00,33.0,56.1,47.1,65,0
2026-10-13T03:46:00,28.2,57.7,47.0,66,0
2026-10-13T03:47:00,31.5,55.2,47.0,61,2
2026-10-13T03:48:00,27.9,54.7,46.9,62,1
2026-10-13T03:49:00,41.3,54.3,47.0,64,0
2026-10-13T03:50:00,26.3,55.7,46.9,54,0
2026-10-13T03:51:00,30.3,54.3,47.1,58,1
2026-10-13T03:52:00,31.6,53.6,47.1,61,0
2026-10-13T03:53:00,28.5,56.8,46.9,61,0
2026-10-13T03:54:00,28.3,54.8,47.0,68,1
2026-10-13T03:55:00,29.9,54.9,47.0,57,0
2026-10-13T03:56:00,30.5,55.8,47.2,56,0
2026-10-13T03:57:00,31.8,54.4,47.2,54,0
2026-10-13T03:58:00,34.5,55.2,46.8,66,0
2026-10-13T03:59:00,33.7,55.7,47.2,50,0
2026-10-13T04:00:00,32.0,55.5,46.8,61,1
2026-10-13T04:01:00,33.6,56.4,47.1,57,2
2026-10-13T04:02:00,35.2,56.4,47.0,55,0
2026-10-13T04:03:00,32.9,56.3,47.0,61,0
2026-10-13T04:04:00,32.2,54.0,47.0,60,1
2026-10-13T04:05:00,36.3,53.9,47.1,60,1
2026-10-13T04:06:00,36.7,54.7,47.0,61,0
2026-10-13T04:07:00,29.1,53.8,46.9,65,2
2026-10-13T04:08:00,31.4,54.3,46.9,62,1
2026-10-13T04:09:00,36.6,55.5,47.0,58,1
2026-10-13T04:10:00,33.1,57.4,47.0,64,0
2026-10-13T04:11:00,33.7,54.0,47.0,54,1
2026-10-13T04:12:00,32.7,53.9,46.8,57,0
2026-10-13T04:13:00,32.0,56.7,47.1,54,0
2026-10-13T04:14:00,36.1,56.1,47.0,65,0
2026-10-13T04:15:00,34.2,54.1,47.0,60,0
2026-10-13T04:16:00,31.9,55.4,46.8,68,2
2026-10-13T04:17:00,33.9,56.4,47.1,66,0
2026-10-13T04:18:00,26.6,55.2,47.2,52,0
2026-10-13T04:19:00,33.4,56.6,47.2,67,0
2026-10-13T04:20:00,34.3,56.3,47.0,62,0
2026-10-13T04:21:00,27.6,56.0,47.0,62,1
2026-10-13T04:22:00,32.4,53.3,47.0,66,0
2026-10-13T04:23:00,28.9,56.1,47.0,65,1
2026-10-13T04:24:00,32.2,55.6,47.0,55,1
2026-10-13T04:25:00,31.8,55.4,47.2,65,0
2026-10-13T04:26:00,34.2,54.1,47.1,62,0
2026-10-13T04:27:00,26.1,54.5,46.9,68,0
2026-10-13T04:28:00,33.1,54.6,46.9,62,1
2026-10-13T04:29:00,35.0,54.7,47.0,52,0
2026-10-13T04:30:00,31.8,54.4,47.1,56,0
2026-10-13T04:31:00,25.7,54.7,47.1,62,1
2026-10-13T04:32:00,27.6,56.4,47.1,67,0
2026-10-13T04:33:00,35.3,54.8,47.0,64,0
2026-10-13T04:34:00,31.4,55.7,46.9,63,1
2026-10-13T04:35:00,26.9,57.2,46.9,68,0
2026-10-13T04:36:00,28.5,54.5,47.0,58,1
2026-10-13T04:37:00,35.4,54.4,47.1,71,0
2026-10-13T04:38:00,35.3,57.1,46.9,56,0
2026-10-13T04:39:00,28.3,54.9,47.1,60,0
2026-10-13T04:40:00,34.6,56.7,46.8,62,0
2026-10-13T04:41:00,35.4,54.8,47.0,50,2
2026-10-13T04:42:00,27.4,55.7,47.1,64,0
2026-10-13T04:43:00,31.5,57.3,47.0,56,1
2026-10-13T04:44:00,29.2,55.5,46.9,62,0
2026-10-13T04:45:00,30.4,55.6,47.0,59,1
2026-10-13T04:46:00,29.8,54.4,46.8,46,0
2026-10-13T04:47:00,32.8,55.3,47.0,60,0
2026-10-13T04:48:00,25.4,55.7,47.0,64,0
2026-10-13T04:49:00,34.3,56.4,46.9,58,0
2026-10-13T04:50:00,30.5,54.6,47.0,57,1
2026-10-13T04:51:00,31.8,54.3,47.0,61,0
2026-10-13T04:52:00,30.4,52.9,47.2,50,0
2026-10-13T04:53:00,29.2,54.8,47.0,62,0
2026-10-13T04:54:00,33.3,56.5,47.0,67,0
2026-10-13T04:55:00,29.4,54.9,47.0,62,4
2026-10-13T04:56:00,32.2,56.1,47.0,56,1
2026-10-13T04:57:00,32.8,54.7,47.0,55,2
2026-10-13T04:58:00,36.1,52.9,47.1,58,1
2026-10-13T04:59:00,29.2,54.9,46.9,65,2
2026-10-13T05:00:00,29.0,55.0,47.1,72,0
2026-10-13T05:01:00,29.4,52.6,46.9,64,0
2026-10-13T05:02:00,28.2,54.3,47.2,53,0
2026-10-13T05:03:00,30.1,54.5,47.0,58,0
2026-10-13T05:04:00,32.7,54.6,47.0,59,0
2026-10-13T05:05:00,26.5,55.3,47.0,64,1
2026-10-13T05:06:00,29.6,56.5,47.1,57,1
2026-10-13T05:07:00,33.0,53.4,47.0,52,0
2026-10-13T05:08:00,31.4,55.1,46.9,75,0
2026-10-13T05:09:00,30.7,55.2,47.0,62,0
2026-10-13T05:10:00,29.5,54.3,47.0,62,1
2026-10-13T05:11:00,27.9,56.7,47.2,67,0
2026-10-13T05:12:00,33.6,54.7,47.0,68,0
2026-10-13T05:13:00,30.6,54.9,46.9,56,2
2026-10-13T05:14:00,36.9,55.2,46.9,54,0
2026-10-13T05:15:00,29.1,55.9,47.0,54,1
2026-10-13T05:16:00,22.2,54.1,47.0,48,0
2026-10-13T05:17:00,27.9,55.8,47.0,60,0
2026-10-13T05:18:00,31.0,53.5,47.0,69,0
2026-10-13T05:19:00,32.2,55.3,47.0,61,1
2026-10-13T05:20:00,24.6,55.6,47.0,56,1
2026-10-13T05:21:00,27.1,55.4,46.9,67,0
2026-10-13T05:22:00,30.2,55.1,46.8,69,0
2026-10-13T05:23:00,28.0,54.5,46.9,57,2
2026-10-13T05:24:00,23.9,54.9,47.0,62,5
2026-10-13T05:25:00,31.6,55.6,47.0,66,0
2026-10-13T05:26:00,34.5,56.5,47.0,75,1
2026-10-13T05:27:00,31.7,53.8,47.0,63,0
2026-10-13T05:28:00,30.2,55.6,47.0,46,0
2026-10-13T05:29:00,33.7,54.1,47.2,66,0
2026-10-13T05:30:00,33.2,53.9,47.0,57,0
2026-10-13T05:31:00,32.2,55.2,46.9,57,1
2026-10-13T05:32:00,30.9,54.8,47.1,67,1
2026-10-13T05:33:00,32.4,55.5,46.9,68,1
2026-10-13T05:34:00,32.2,55.3,47.1,48,0
2026-10-13T05:35:00,29.6,53.8,46.8,52,0
2026-10-13T05:36:00,29.8,54.7,46.9,65,2
2026-10-13T05:37:00,28.2,54.0,47.0,64,0
2026-10-13T05:38:00,28.4,55.8,47.1,58,0
2026-10-13T05:39:00,33.4,55.0,47.0,61,0
2026-10-13T05:40:00,31.8,54.3,47.1,67,0
2026-10-13T05:41:00,32.4,55.5,47.1,58,0
2026-10-13T05:42:00,31.4,54.2,47.0,60,1
2026-10-13T05:43:00,33.5,55.7,47.1,65,2
2026-10-13T05:44:00,25.4,55.5,47.0,48,0
2026-10-13T05:45:00,27.3,56.7,47.0,56,0
2026-10-13T05:46:00,28.9,54.8,47.1,57,0
2026-10-13T05:47:00,28.1,55.5,46.9,63,1
2026-10-13T05:48:00,31.8,54.2,47.2,59,1
2026-10-13T05:49:00,28.0,55.6,46.8,55,0
2026-10-13T05:50:00,30.4,54.3,47.0,61,1
2026-10-13T05:51:00,34.5,55.5,46.9,60,0
2026-10-13T05:52:00,30.1,56.6,46.8,62,0
2026-10-13T05:53:00,31.0,55.7,47.1,58,0
2026-10-13T05:54:00,30.4,54.5,46.8,55,1
2026-10-13T05:55:00,31.3,55.8,47.1,56,0
2026-10-13T05:56:00,30.4,54.1,47.0,60,0
2026-10-13T05:57:00,30.5,56.3,47.0,54,1
2026-10-13T05:58:00,34.5,53.9,47.0,63,1
2026-10-13T05:59:00,31.1,55.2,47.0,53,1
2026-10-13T06:00:00,28.5,55.7,47.0,53,1
2026-10-13T06:01:00,27.5,54.4,47.0,61,0
2026-10-13T06:02:00,31.9,57.0,47.0,55,0
2026-10-13T06:03:00,30.9,55.4,47.0,58,0
2026-10-13T06:04:00,33.0,55.2,46.9,56,0
2026-10-13T06:05:00,30.1,56.0,47.2,57,0
2026-10-13T06:06:00,29.9,56.0,47.0,54,1
2026-10-13T06:07:00,28.6,53.6,47.0,64,0
2026-10-13T06:08:00,30.8,55.2,47.2,63,0
2026-10-13T06:09:00,30.9,55.4,47.1,58,0
2026-10-13T06:10:00,33.0,53.9,47.1,55,0
2026-10-13T06:11:00,28.8,55.7,46.8,61,1
2026-10-13T06:12:00,30.3,55.7,46.8,60,0
2026-10-13T06:13:00,33.5,53.5,47.0,53,1
2026-10-13T06:14:00,34.3,56.3,47.0,53,0
2026-10-13T06:15:00,31.0,54.2,46.8,65,1
2026-10-13T06:16:00,30.2,55.9,46.9,54,0
2026-10-13T06:17:00,30.7,55.4,46.9,56,0
2026-10-13T06:18:00,28.4,55.4,47.1,53,0
2026-10-13T06:19:00,25.6,54.3,47.0,68,0
2026-10-13T06:20:00,28.5,54.9,47.0,67,1
2026-10-13T06:21:00,29.1,54.9,47.0,55,0
2026-10-13T06:22:00,25.4,55.3,47.2,54,0
2026-10-13T06:23:00,34.8,54.5,46.8,59,1
2026-10-13T06:24:00,27.6,54.5,46.9,57,1
2026-10-13T06:25:00,30.2,54.0,46.9,66,1
2026-10-13T06:26:00,33.2,55.4,47.0,58,1
2026-10-13T06:27:00,25.3,56.0,47.2,49,0
2026-10-13T06:28:00,25.6,53.7,47.0,59,2
2026-10-13T06:29:00,29.4,54.3,46.8,67,0
2026-10-13T06:30:00,33.0,55.3,47.1,64,0
2026-10-13T06:31:00,29.8,54.7,47.0,72,0
2026-10-13T06:32:00,33.0,54.2,47.0,59,0
2026-10-13T06:33:00,31.0,55.6,46.9,54,0
2026-10-13T06:34:00,36.4,54.5,47.1,65,1
2026-10-13T06:35:00,33.2,56.0,47.0,62,0
2026-10-13T06:36:00,32.5,55.4,47.0,50,0
2026-10-13T06:37:00,32.5,55.9,47.0,59,2
2026-10-13T06:38:00,29.9,55.0,47.1,63,2
2026-10-13T06:39:00,34.3,54.7,47.0,68,0
2026-10-13T06:40:00,35.1,54.4,47.1,59,1
2026-10-13T06:41:00,31.0,55.6,46.9,53,0
2026-10-13T06:42:00,33.0,54.3,47.1,65,0
2026-10-13T06:43:00,27.8,54.6,47.0,65,2
2026-10-13T06:44:00,29.2,55.8,47.1,66,1
2026-10-13T06:45:00,34.4,55.5,47.1,69,0
2026-10-13T06:46:00,29.5,56.1,46.9,58,1
2026-10-13T06:47:00,29.0,53.8,47.0,56,0
2026-10-13T06:48:00,33.2,54.2,47.1,63,1
2026-10-13T06:49:00,35.2,54.9,47.0,50,0
2026-10-13T06:50:00,27.6,55.6,46.9,56,2
2026-10-13T06:51:00,26.3,57.2,47.0,57,0
2026-10-13T06:52:00,34.7,54.7,47.1,66,0
2026-10-13T06:53:00,30.4,54.6,46.9,62,0
2026-10-13T06:54:00,28.6,56.0,47.0,48,0
2026-10-13T06:55:00,29.5,54.6,47.1,55,0
2026-10-13T06:56:00,33.3,54.3,47.2,74,1
2026-10-13T06:57:00,25.9,55.9,47.0,61,2
2026-10-13T06:58:00,34.3,55.9,46.8,58,0
2026-10-13T06:59:00,31.6,52.4,47.0,54,1
2026-10-13T07:00:00,28.7,55.7,47.0,66,0
2026-10-13T07:01:00,29.7,56.1,47.2,62,0
2026-10-13T07:02:00,33.2,54.8,47.1,57,1
2026-10-13T07:03:00,30.9,54.8,47.2,57,0
2026-10-13T07:04:00,26.9,54.3,47.0,55,1
2026-10-13T07:05:00,28.6,55.4,47.1,60,0
2026-10-13T07:06:00,33.0,54.6,47.1,59,0
2026-10-13T07:07:00,30.7,55.5,47.1,60,0
2026-10-13T07:08:00,28.9,54.6,47.3,54,0
2026-10-13T07:09:00,27.0,53.7,47.0,69,0
2026-10-13T07:10:00,29.9,56.7,47.1,57,0
2026-10-13T07:11:00,28.3,53.6,47.1,54,0
2026-10-13T07:12:00,31.9,56.4,47.1,65,1
2026-10-13T07:13:00,32.9,55.0,46.9,63,0
2026-10-13T07:14:00,26.3,55.6,47.1,50,0
2026-10-13T07:15:00,32.5,56.1,47.0,62,0
2026-10-13T07:16:00,31.9,53.7,46.8,59,0
2026-10-13T07:17:00,33.8,55.3,47.0,51,1
2026-10-13T07:18:00,33.2,54.7,47.0,66,1
2026-10-13T07:19:00,33.9,55.2,47.1,61,0
2026-10-13T07:20:00,28.8,55.7,46.9,63,1
2026-10-13T07:21:00,29.9,54.3,47.0,65,1
2026-10-13T07:22:00,31.8,55.3,47.0,54,0
2026-10-13T07:23:00,27.2,55.9,46.9,46,1
2026-10-13T07:24:00,35.5,56.4,47.0,51,1
2026-10-13T07:25:00,30.4,55.0,47.1,72,1
2026-10-13T07:26:00,28.8,55.2,47.1,53,0
2026-10-13T07:27:00,28.6,55.0,47.0,61,0
2026-10-13T07:28:00,30.0,55.0,47.0,56,0
2026-10-13T07:29:00,31.3,57.2,47.0,54,1
2026-10-13T07:30:00,27.2,55.2,47.0,54,4
2026-10-13T07:31:00,28.0,54.2,47.0,58,1
2026-10-13T07:32:00,29.1,55.6,46.8,67,0
2026-10-13T07:33:00,34.0,57.7,46.8,49,0
2026-10-13T07:34:00,25.3,54.1,47.0,55,0
2026-10-13T07:35:00,30.2,55.6,47.0,69,0
2026-10-13T07:36:00,34.5,56.0,47.1,65,0
2026-10-13T07:37:00,30.7,55.2,47.1,58,0
2026-10-13T07:38:00,26.0,52.8,47.1,66,0
2026-10-13T07:39:00,26.7,56.1,46.9,68,1
2026-10-13T07:40:00,32.5,54.6,47.0,62,1
2026-10-13T07:41:00,34.0,53.9,47.0,56,1
2026-10-13T07:42:00,31.9,56.0,47.3,67,0
2026-10-13T07:43:00,32.6,55.5,47.1,68,1
2026-10-13T07:44:00,29.2,56.1,47.0,70,2
2026-10-13T07:45:00,31.6,53.8,47.0,56,1
2026-10-13T07:46:00,31.2,54.1,47.1,64,2
2026-10-13T07:47:00,32.5,53.7,47.0,59,0
2026-10-13T07:48:00,29.5,55.7,47.0,60,0
2026-10-13T07:49:00,25.2,55.8,47.1,49,1
2026-10-13T07:50:00,31.8,55.4,47.0,55,1
2026-10-13T07:51:00,32.6,55.9,46.8,62,0
2026-10-13T07:52:00,26.3,54.5,46.9,55,0
2026-10-13T07:53:00,29.7,54.9,47.0,57,0
2026-10-13T07:54:00,30.1,55.5,47.1,73,0
2026-10-13T07:55:00,29.5,56.7,46.9,52,1
2026-10-13T07:56:00,30.8,55.2,47.0,54,0
2026-10-13T07:57:00,27.6,54.6,46.9,66,0
2026-10-13T07:58:00,29.7,55.8,47.0,67,1
2026-10-13T07:59:00,26.5,54.1,46.9,53,0
2026-10-13T08:00:00,25.4,56.6,46.9,70,0
2026-10-13T08:01:00,30.4,54.0,47.0,53,0
2026-10-13T08:02:00,30.5,54.1,46.9,58,0
2026-10-13T08:03:00,36.0,55.0,47.0,61,0
2026-10-13T08:04:00,29.6,55.8,47.0,67,0
2026-10-13T08:05:00,31.1,52.9,47.1,60,0
2026-10-13T08:06:00,33.1,54.4,46.9,65,0
2026-10-13T08:07:00,32.8,55.1,47.0,62,0
2026-10-13T08:08:00,30.0,54.7,47.0,60,0
2026-10-13T08:09:00,31.2,55.9,47.0,64,0
2026-10-13T08:10:00,32.7,55.0,47.0,62,0
2026-10-13T08:11:00,36.7,52.7,47.0,62,1
2026-10-13T08:12:00,32.2,57.9,46.8,60,1
2026-10-13T08:13:00,26.4,58.4,47.0,63,2
2026-10-13T08:14:00,31.5,54.3,46.9,54,1
2026-10-13T08:15:00,34.4,54.0,47.0,63,1
2026-10-13T08:16:00,30.9,56.5,47.1,68,0
2026-10-13T08:17:00,24.9,55.4,47.0,61,1
2026-10-13T08:18:00,32.1,54.0,46.9,58,0
2026-10-13T08:19:00,29.5,54.4,47.1,64,1
2026-10-13T08:20:00,36.3,53.9,47.1,61,0
2026-10-13T08:21:00,34.2,54.9,47.1,65,0
2026-10-13T08:22:00,31.6,54.2,46.9,58,0
2026-10-13T08:23:00,31.0,54.9,46.9,63,0
2026-10-13T08:24:00,34.9,55.5,47.1,59,0
2026-10-13T08:25:00,33.4,54.4,47.0,51,0
2026-10-13T08:26:00,24.4,56.0,47.1,55,0
2026-10-13T08:27:00,33.0,55.1,46.9,61,0
2026-10-13T08:28:00,31.3,54.6,46.9,58,0
2026-10-13T08:29:00,25.2,54.0,47.1,60,1
2026-10-13T08:30:00,32.3,56.8,46.9,64,0
2026-10-13T08:31:00,28.4,55.7,47.0,55,0
2026-10-13T08:32:00,27.4,54.9,47.1,70,1
2026-10-13T08:33:00,30.2,56.1,47.0,74,2
2026-10-13T08:34:00,30.6,55.4,47.1,63,0
2026-10-13T08:35:00,28.1,54.4,46.9,56,0
2026-10-13T08:36:00,28.3,55.4,47.1,57,0
2026-10-13T08:37:00,27.1,55.2,47.0,52,0
2026-10-13T08:38:00,29.8,54.7,47.0,66,0
2026-10-13T08:39:00,31.3,53.4,46.8,60,0
2026-10-13T08:40:00,28.1,55.9,47.0,49,2
2026-10-13T08:41:00,33.1,55.8,47.1,60,0
2026-10-13T08:42:00,30.2,54.7,47.0,57,0
2026-10-13T08:43:00,32.7,55.4,47.0,52,0
2026-10-13T08:44:00,31.9,54.2,47.0,62,1
2026-10-13T08:45:00,28.9,57.1,46.9,50,2
2026-10-13T08:46:00,27.1,56.3,47.1,66,0
2026-10-13T08:47:00,34.4,53.9,46.9,49,0
2026-10-13T08:48:00,31.9,53.2,47.0,64,0
2026-10-13T08:49:00,32.3,56.8,46.8,57,2
2026-10-13T08:50:00,32.3,53.5,47.1,53,1
2026-10-13T08:51:00,29.5,56.2,47.0,63,1
2026-10-13T08:52:00,29.8,56.7,47.0,64,1
2026-10-13T08:53:00,33.5,55.1,47.0,67,1
2026-10-13T08:54:00,30.3,54.7,46.9,68,1
2026-10-13T08:55:00,28.7,55.5,47.1,63,0
2026-10-13T08:56:00,30.9,56.2,47.0,68,2
2026-10-13T08:57:00,28.2,55.1,46.9,49,0
2026-10-13T08:58:00,30.2,55.0,47.0,70,0
2026-10-13T08:59:00,30.6,55.0,47.0,58,0
2026-10-13T09:00:00,31.6,54.1,47.0,62,0
2026-10-13T09:01:00,30.5,56.3,47.1,59,0
2026-10-13T09:02:00,36.1,54.8,46.8,66,0
2026-10-13T09:03:00,29.6,53.5,47.1,59,0
2026-10-13T09:04:00,36.7,54.7,46.9,68,0
2026-10-13T09:05:00,29.4,54.8,47.1,61,3
2026-10-13T09:06:00,31.6,54.1,47.1,63,2
2026-10-13T09:07:00,28.2,55.3,46.9,60,0
2026-10-13T09:08:00,25.9,54.8,47.0,59,0
2026-10-13T09:09:00,27.9,54.6,47.1,65,0
2026-10-13T09:10:00,31.4,54.9,47.1,52,1
2026-10-13T09:11:00,34.5,53.7,47.0,56,0
2026-10-13T09:12:00,24.6,55.5,47.0,68,0
2026-10-13T09:13:00,28.6,55.5,46.8,53,0
2026-10-13T09:14:00,29.8,53.7,47.1,59,0
2026-10-13T09:15:00,33.1,55.1,47.1,72,0
2026-10-13T09:16:00,28.8,55.9,47.1,73,0
2026-10-13T09:17:00,35.3,55.8,47.1,61,0
2026-10-13T09:18:00,30.1,56.0,47.1,61,0
2026-10-13T09:19:00,34.2,55.4,47.0,56,0
2026-10-13T09:20:00,29.9,54.9,46.9,51,2
2026-10-13T09:21:00,31.4,54.5,46.9,59,1
2026-10-13T09:22:00,34.8,56.1,46.8,61,0
2026-10-13T09:23:00,27.9,55.5,46.9,56,0
2026-10-13T09:24:00,29.7,54.5,46.9,66,0
2026-10-13T09:25:00,35.5,55.7,46.9,61,1
2026-10-13T09:26:00,29.6,56.8,46.9,62,1
2026-10-13T09:27:00,31.0,55.9,47.0,59,2
2026-10-13T09:28:00,28.0,54.3,47.1,58,1
2026-10-13T09:29:00,29.4,55.0,46.9,67,0
2026-10-13T09:30:00,33.3,53.9,47.2,61,1
2026-10-13T09:31:00,31.0,55.6,47.0,58,1
2026-10-13T09:32:00,32.1,55.4,47.0,64,1
2026-10-13T09:33:00,31.9,53.6,47.0,60,2
2026-10-13T09:34:00,30.9,54.2,47.1,58,1
2026-10-13T09:35:00,32.8,53.7,46.9,61,0
2026-10-13T09:36:00,25.6,55.5,47.0,63,0
2026-10-13T09:37:00,29.1,53.5,46.8,62,0
2026-10-13T09:38:00,30.2,53.2,47.2,66,0
2026-10-13T09:39:00,32.8,54.3,47.0,62,0
2026-10-13T09:40:00,34.4,54.9,47.1,60,1
2026-10-13T09:41:00,29.9,54.7,47.1,70,0
2026-10-13T09:42:00,30.6,55.6,46.9,55,0
2026-10-13T09:43:00,29.2,55.0,47.0,58,0
2026-10-13T09:44:00,34.7,54.9,46.9,63,0
2026-10-13T09:45:00,31.3,53.9,47.1,51,1
2026-10-13T09:46:00,34.0,54.9,47.0,50,0
2026-10-13T09:47:00,32.5,54.5,47.1,54,1
2026-10-13T09:48:00,29.4,53.7,47.1,56,1
2026-10-13T09:49:00,30.3,56.4,47.1,68,1
2026-10-13T09:50:00,35.4,56.0,47.0,63,0
2026-10-13T09:51:00,30.6,54.6,47.0,59,1
2026-10-13T09:52:00,30.4,56.4,46.9,67,0
2026-10-13T09:53:00,33.1,53.8,47.1,59,0
2026-10-13T09:54:00,34.7,54.3,47.1,63,1
2026-10-13T09:55:00,32.9,55.2,46.9,57,1
2026-10-13T09:56:00,31.4,56.1,47.0,62,1
2026-10-13T09:57:00,27.7,54.9,46.9,58,1
2026-10-13T09:58:00,27.2,54.7,46.9,61,0
2026-10-13T09:59:00,31.4,54.6,47.1,61,0
2026-10-13T10:00:00,30.1,55.7,47.0,51,1
2026-10-13T10:01:00,29.0,56.0,47.0,63,0
2026-10-13T10:02:00,29.6,55.0,47.0,61,1
2026-10-13T10:03:00,32.1,55.1,47.1,43,1
2026-10-13T10:04:00,31.3,55.7,46.9,54,0
2026-10-13T10:05:00,32.8,54.9,46.8,57,1
2026-10-13T10:06:00,27.6,54.1,47.1,49,0
2026-10-13T10:07:00,31.0,55.0,46.9,67,2
2026-10-13T10:08:00,30.7,54.6,47.2,56,1
2026-10-13T10:09:00,33.2,54.8,47.0,60,0
2026-10-13T10:10:00,31.1,54.7,47.0,52,0
2026-10-13T10:11:00,32.1,52.6,47.1,68,1
2026-10-13T10:12:00,27.0,54.8,47.0,54,2
2026-10-13T10:13:00,33.0,56.1,46.9,63,0
2026-10-13T10:14:00,31.2,52.5,47.1,65,0
2026-10-13T10:15:00,31.0,54.7,47.1,65,1
2026-10-13T10:16:00,30.6,54.0,46.7,64,0
2026-10-13T10:17:00,30.1,55.8,46.9,64,0
2026-10-13T10:18:00,32.1,55.6,47.0,54,1
2026-10-13T10:19:00,31.9,55.2,47.1,57,0
2026-10-13T10:20:00,31.4,55.7,47.1,70,0
2026-10-13T10:21:00,33.1,56.2,47.0,56,2
2026-10-13T10:22:00,31.1,57.7,46.9,58,0
2026-10-13T10:23:00,35.3,55.4,47.0,52,0
2026-10-13T10:24:00,33.5,55.6,46.9,67,1
2026-10-13T10:25:00,31.1,53.4,47.1,62,0
2026-10-13T10:26:00,29.7,53.0,46.9,54,1
2026-10-13T10:27:00,33.8,55.7,47.0,64,0
2026-10-13T10:28:00,36.0,55.4,46.9,74,1
2026-10-13T10:29:00,30.2,55.5,47.0,65,1
2026-10-13T10:30:00,31.8,56.1,47.1,66,0
2026-10-13T10:31:00,29.8,55.1,47.0,62,0
2026-10-13T10:32:00,33.8,55.5,47.0,55,0
2026-10-13T10:33:00,29.2,55.9,47.0,73,0
2026-10-13T10:34:00,33.0,54.8,47.1,69,1
2026-10-13T10:35:00,30.9,53.9,47.0,64,0
2026-10-13T10:36:00,30.5,55.3,47.1,53,2
2026-10-13T10:37:00,30.9,54.2,46.9,53,0
2026-10-13T10:38:00,29.2,54.0,47.1,53,0
2026-10-13T10:39:00,31.5,54.6,47.1,62,0
2026-10-13T10:40:00,31.8,56.4,47.0,58,1
2026-10-13T10:41:00,33.7,55.8,47.2,74,0
2026-10-13T10:42:00,32.4,56.8,46.8,53,1
2026-10-13T10:43:00,27.9,56.3,47.0,64,0
2026-10-13T10:44:00,31.4,55.2,47.2,61,0
2026-10-13T10:45:00,30.5,55.4,47.1,71,0
2026-10-13T10:46:00,32.8,55.1,47.1,50,1
2026-10-13T10:47:00,29.1,52.7,47.0,69,1
2026-10-13T10:48:00,29.3,54.2,46.9,61,0
2026-10-13T10:49:00,30.7,55.5,47.2,65,0
2026-10-13T10:50:00,32.9,54.7,47.1,60,0
2026-10-13T10:51:00,30.4,56.8,46.9,58,0
2026-10-13T10:52:00,29.2,54.5,47.0,67,1
2026-10-13T10:53:00,32.7,54.9,46.9,61,1
2026-10-13T10:54:00,30.3,54.8,47.1,72,0
2026-10-13T10:55:00,35.2,54.2,46.8,65,0
2026-10-13T10:56:00,27.9,54.7,47.0,71,0
2026-10-13T10:57:00,31.3,55.9,46.9,53,0
2026-10-13T10:58:00,31.4,55.4,47.0,71,0
2026-10-13T10:59:00,37.2,54.5,47.0,56,1
2026-10-13T11:00:00,33.3,54.9,47.0,61,2
2026-10-13T11:01:00,33.7,55.1,47.0,72,0
2026-10-13T11:02:00,31.2,57.0,46.8,57,0
2026-10-13T11:03:00,32.9,56.0,47.0,71,0
2026-10-13T11:04:00,32.7,52.9,46.9,66,0
2026-10-13T11:05:00,29.2,54.4,46.7,63,1
2026-10-13T11:06:00,27.4,53.8,47.1,61,0
2026-10-13T11:07:00,27.0,54.0,47.0,60,0
2026-10-13T11:08:00,29.4,54.5,46.9,65,0
2026-10-13T11:09:00,29.2,57.1,46.9,58,0
2026-10-13T11:10:00,30.0,53.6,47.0,70,3
2026-10-13T11:11:00,28.8,55.9,46.9,61,1
2026-10-13T11:12:00,30.1,54.5,47.1,61,2
2026-10-13T11:13:00,29.4,53.4,47.0,53,0
2026-10-13T11:14:00,31.9,54.6,46.9,64,0
2026-10-13T11:15:00,31.5,54.6,46.9,53,1
2026-10-13T11:16:00,30.3,56.2,47.1,63,0
2026-10-13T11:17:00,36.4,55.3,46.9,66,0
2026-10-13T11:18:00,32.1,55.7,47.0,55,1
2026-10-13T11:19:00,25.9,55.0,46.9,65,0
2026-10-13T11:20:00,28.9,54.2,47.1,45,0
2026-10-13T11:21:00,33.2,55.1,47.1,67,1
2026-10-13T11:22:00,32.4,55.6,46.9,57,0
2026-10-13T11:23:00,35.4,54.4,46.8,60,2
2026-10-13T11:24:00,31.1,55.5,47.1,49,0
2026-10-13T11:25:00,32.3,55.8,47.0,62,0
2026-10-13T11:26:00,23.8,55.8,46.9,61,0
2026-10-13T11:27:00,31.8,54.9,47.1,67,1
2026-10-13T11:28:00,31.3,56.4,47.0,77,0
2026-10-13T11:29:00,31.7,54.3,47.0,59,1
2026-10-13T11:30:00,30.0,56.1,47.2,64,0
2026-10-13T11:31:00,33.9,55.0,46.9,51,0
2026-10-13T11:32:00,31.8,53.8,46.9,64,1
2026-10-13T11:33:00,29.3,53.9,46.9,53,1
2026-10-13T11:34:00,35.8,52.9,47.0,53,0
2026-10-13T11:35:00,31.4,54.1,46.8,55,0
2026-10-13T11:36:00,28.4,56.2,47.1,58,1
2026-10-13T11:37:00,30.8,56.0,47.0,58,2
2026-10-13T11:38:00,33.3,54.1,46.8,58,0
2026-10-13T11:39:00,30.6,53.3,47.1,55,1
2026-10-13T11:40:00,29.0,55.3,47.0,54,0
2026-10-13T11:41:00,30.2,55.5,47.0,66,0
2026-10-13T11:42:00,30.9,53.7,47.1,59,1
2026-10-13T11:43:00,31.9,55.1,46.9,57,1
2026-10-13T11:44:00,30.5,55.2,47.1,61,1
2026-10-13T11:45:00,33.7,56.2,47.0,61,0
2026-10-13T11:46:00,35.4,53.5,47.2,53,0
2026-10-13T11:47:00,29.7,56.5,47.0,52,0
2026-10-13T11:48:00,30.1,55.2,47.0,55,2
2026-10-13T11:49:00,24.9,53.5,47.1,61,1
2026-10-13T11:50:00,31.4,53.8,46.9,56,0
2026-10-13T11:51:00,27.4,53.8,47.0,63,1
2026-10-13T11:52:00,31.6,54.3,47.0,65,1
2026-10-13T11:53:00,28.4,53.9,47.0,59,1
2026-10-13T11:54:00,32.4,55.3,46.9,60,0
2026-10-13T11:55:00,34.2,56.2,47.2,59,0
2026-10-13T11:56:00,28.9,54.8,47.1,63,1
2026-10-13T11:57:00,28.5,54.3,46.9,58,0
2026-10-13T11:58:00,31.1,52.3,46.9,56,0
2026-10-13T11:59:00,27.9,56.2,46.8,64,1
2026-10-13T12:00:00,25.7,56.1,47.2,61,0
2026-10-13T12:01:00,34.8,55.8,47.0,52,0
2026-10-13T12:02:00,27.5,55.1,46.9,58,1
2026-10-13T12:03:00,29.6,55.0,47.1,55,0
2026-10-13T12:04:00,35.1,53.1,47.0,55,1
2026-10-13T12:05:00,31.4,53.9,46.9,47,1
2026-10-13T12:06:00,30.2,54.1,47.0,50,0
2026-10-13T12:07:00,31.6,55.2,47.0,54,0
2026-10-13T12:08:00,30.0,53.8,46.9,60,1
2026-10-13T12:09:00,30.9,54.4,47.2,57,0
2026-10-13T12:10:00,36.0,55.7,47.1,48,1
2026-10-13T12:11:00,29.7,55.2,46.9,48,0
2026-10-13T12:12:00,27.7,54.1,47.0,61,2
2026-10-13T12:13:00,34.0,53.4,46.9,63,1
2026-10-13T12:14:00,32.5,55.3,47.1,64,0
2026-10-13T12:15:00,32.5,55.4,46.9,48,0
2026-10-13T12:16:00,29.2,57.3,47.0,67,1
2026-10-13T12:17:00,34.0,53.4,46.9,51,0
2026-10-13T12:18:00,29.5,54.0,46.8,51,1
2026-10-13T12:19:00,31.9,54.1,46.9,59,0
2026-10-13T12:20:00,27.6,53.7,47.0,59,0
2026-10-13T12:21:00,34.0,55.3,46.8,62,0
2026-10-13T12:22:00,31.2,55.1,46.8,68,0
2026-10-13T12:23:00,30.5,56.5,47.0,69,1
2026-10-13T12:24:00,26.6,55.1,46.9,61,1
2026-10-13T12:25:00,29.0,55.7,46.9,66,2
2026-10-13T12:26:00,27.8,55.7,47.2,59,1
2026-10-13T12:27:00,32.4,56.1,46.9,52,0
2026-10-13T12:28:00,33.2,53.9,47.1,52,1
2026-10-13T12:29:00,35.1,55.2,46.8,47,1
2026-10-13T12:30:00,32.3,53.1,46.8,56,0
2026-10-13T12:31:00,29.3,55.6,46.8,57,0
2026-10-13T12:32:00,36.5,55.0,46.9,65,0
2026-10-13T12:33:00,28.6,54.6,46.9,63,1
2026-10-13T12:34:00,32.5,54.7,47.1,64,0
2026-10-13T12:35:00,34.3,54.7,47.0,59,0
2026-10-13T12:36:00,29.5,53.4,47.0,51,0
2026-10-13T12:37:00,31.0,55.7,46.8,59,0
2026-10-13T12:38:00,27.8,54.4,47.0,61,0
2026-10-13T12:39:00,29.9,53.0,47.1,57,1
2026-10-13T12:40:00,31.3,54.5,47.0,62,1
2026-10-13T12:41:00,31.0,55.4,47.1,63,0
2026-10-13T12:42:00,30.4,54.1,47.0,68,0
2026-10-13T12:43:00,31.3,54.3,47.0,62,1
2026-10-13T12:44:00,31.7,54.4,47.0,60,0
2026-10-13T12:45:00,31.9,55.5,46.9,56,0
2026-10-13T12:46:00,36.1,55.8,46.9,58,0
2026-10-13T12:47:00,30.8,54.5,47.1,68,2
2026-10-13T12:48:00,36.0,56.0,47.1,52,0
2026-10-13T12:49:00,28.9,54.2,46.9,67,0
2026-10-13T12:50:00,30.3,54.6,47.1,64,0
2026-10-13T12:51:00,34.4,53.7,46.9,57,0
2026-10-13T12:52:00,33.1,54.7,47.0,69,0
2026-10-13T12:53:00,30.2,54.3,47.0,62,2
2026-10-13T12:54:00,33.6,55.1,47.0,60,0
2026-10-13T12:55:00,31.4,55.1,47.0,54,1
2026-10-13T12:56:00,30.8,55.1,46.9,69,0
2026-10-13T12:57:00,28.5,55.6,47.0,57,0
2026-10-13T12:58:00,31.7,55.5,46.9,53,0
2026-10-13T12:59:00,28.2,54.7,47.0,70,2
2026-10-13T13:00:00,28.5,53.9,47.0,57,0
2026-10-13T13:01:00,29.2,54.1,46.9,65,1
2026-10-13T13:02:00,30.7,55.3,46.9,55,1
2026-10-13T13:03:00,27.8,53.8,46.9,60,0
2026-10-13T13:04:00,28.7,54.4,47.0,63,0
2026-10-13T13:05:00,30.9,54.3,46.8,52,0
2026-10-13T13:06:00,29.6,53.7,47.1,50,0
2026-10-13T13:07:00,28.6,55.6,46.9,57,0
2026-10-13T13:08:00,31.3,53.8,47.2,54,0
2026-10-13T13:09:00,33.2,53.8,47.0,65,1
2026-10-13T13:10:00,32.1,53.2,47.1,69,0
2026-10-13T13:11:00,31.7,54.5,47.1,76,0
2026-10-13T13:12:00,27.0,54.1,47.1,59,0
2026-10-13T13:13:00,30.4,53.2,47.0,65,1
2026-10-13T13:14:00,30.2,55.0,47.0,67,0
2026-10-13T13:15:00,30.5,55.0,47.1,58,0
2026-10-13T13:16:00,32.7,54.8,47.1,54,0
2026-10-13T13:17:00,33.1,55.8,47.1,51,0
2026-10-13T13:18:00,34.2,55.7,47.1,66,1
2026-10-13T13:19:00,30.4,54.7,47.0,57,0
2026-10-13T13:20:00,35.7,54.3,46.8,60,0
2026-10-13T13:21:00,27.6,54.6,46.8,66,1
2026-10-13T13:22:00,28.8,54.0,46.9,67,0
2026-10-13T13:23:00,32.6,54.9,47.1,67,0
2026-10-13T13:24:00,31.7,54.2,46.8,49,1
2026-10-13T13:25:00,38.6,54.8,47.2,71,0
2026-10-13T13:26:00,34.9,54.3,47.0,64,0
2026-10-13T13:27:00,28.2,55.4,47.0,62,0
2026-10-13T13:28:00,36.6,52.8,47.0,60,0
2026-10-13T13:29:00,29.9,56.3,47.1,61,0
2026-10-13T13:30:00,30.6,55.1,47.1,73,0
2026-10-13T13:31:00,32.3,55.3,47.1,61,0
2026-10-13T13:32:00,34.7,54.7,46.9,65,0
2026-10-13T13:33:00,34.0,56.1,47.1,66,0
2026-10-13T13:34:00,35.1,55.6,46.9,51,0
2026-10-13T13:35:00,30.0,55.2,47.2,63,1
2026-10-13T13:36:00,30.6,52.7,47.0,64,1
2026-10-13T13:37:00,26.7,56.6,46.9,63,0
2026-10-13T13:38:00,32.2,54.3,47.0,73,1
2026-10-13T13:39:00,30.4,53.3,47.0,60,2
2026-10-13T13:40:00,28.5,55.2,47.0,66,1
2026-10-13T13:41:00,33.7,55.2,47.1,66,0
2026-10-13T13:42:00,33.7,54.8,47.0,64,0
2026-10-13T13:43:00,28.3,55.0,46.8,60,0
2026-10-13T13:44:00,28.2,55.2,46.8,63,0
2026-10-13T13:45:00,34.3,55.4,46.9,64,0
2026-10-13T13:46:00,31.6,53.9,46.8,65,1
2026-10-13T13:47:00,33.0,56.5,47.0,63,2
2026-10-13T13:48:00,26.6,55.1,46.9,59,0
2026-10-13T13:49:00,30.6,53.9,46.9,72,1
2026-10-13T13:50:00,28.3,54.2,46.9,56,0
2026-10-13T13:51:00,29.7,58.4,47.1,63,0
2026-10-13T13:52:00,30.9,55.1,46.8,58,1
2026-10-13T13:53:00,32.2,55.7,47.1,65,1
2026-10-13T13:54:00,31.9,54.9,47.0,69,0
2026-10-13T13:55:00,32.7,55.8,47.1,57,0
2026-10-13T13:56:00,33.1,54.5,47.0,66,1
2026-10-13T13:57:00,26.3,55.1,47.0,52,0
2026-10-13T13:58:00,32.2,54.8,47.2,59,1
2026-10-13T13:59:00,29.4,53.9,47.1,59,0
2026-10-13T14:00:00,24.5,56.3,47.0,52,1
2026-10-13T14:01:00,30.1,56.9,47.0,62,0
2026-10-13T14:02:00,28.2,54.3,47.0,58,1
2026-10-13T14:03:00,31.1,54.2,47.0,51,0
2026-10-13T14:04:00,34.6,54.9,47.1,60,0
2026-10-13T14:05:00,25.1,55.6,47.0,54,0
2026-10-13T14:06:00,32.9,56.2,47.0,57,2
2026-10-13T14:07:00,29.6,55.3,47.0,51,0
2026-10-13T14:08:00,38.2,56.0,47.0,72,1
2026-10-13T14:09:00,31.9,56.3,46.9,69,0
2026-10-13T14:10:00,33.8,55.8,47.0,64,0
2026-10-13T14:11:00,30.3,55.8,46.9,48,0
2026-10-13T14:12:00,27.7,55.6,47.0,68,1
2026-10-13T14:13:00,29.3,53.7,46.9,58,0
2026-10-13T14:14:00,33.4,56.7,47.1,66,1
2026-10-13T14:15:00,35.7,54.2,47.0,58,2
2026-10-13T14:16:00,28.5,55.3,47.0,54,1
2026-10-13T14:17:00,28.3,55.2,47.0,57,1
2026-10-13T14:18:00,35.0,51.9,47.0,57,0
2026-10-13T14:19:00,27.0,54.2,46.8,59,0
2026-10-13T14:20:00,26.0,56.4,47.2,73,1
2026-10-13T14:21:00,33.6,55.4,46.9,61,0
2026-10-13T14:22:00,29.7,55.6,47.1,63,1
2026-10-13T14:23:00,27.9,55.3,46.9,61,1
2026-10-13T14:24:00,28.8,54.2,46.9,63,0
2026-10-13T14:25:00,31.2,54.5,47.0,48,0
2026-10-13T14:26:00,28.4,54.5,47.0,61,2
2026-10-13T14:27:00,33.0,55.8,47.0,52,0
2026-10-13T14:28:00,34.8,56.3,47.0,61,0
2026-10-13T14:29:00,31.5,55.9,47.0,61,0
2026-10-13T14:30:00,29.0,54.8,47.0,59,0
2026-10-13T14:31:00,30.6,56.2,46.9,62,1
2026-10-13T14:32:00,27.9,55.1,47.0,62,0
2026-10-13T14:33:00,33.7,54.0,46.9,61,0
2026-10-13T14:34:00,30.6,54.3,46.9,57,1
2026-10-13T14:35:00,32.2,54.8,46.9,68,0
2026-10-13T14:36:00,34.8,55.8,46.9,55,0
2026-10-13T14:37:00,30.9,54.0,47.1,74,2
2026-10-13T14:38:00,31.0,54.7,47.0,70,0
2026-10-13T14:39:00,35.2,54.5,47.2,68,0
2026-10-13T14:40:00,32.4,55.6,46.9,57,1
2026-10-13T14:41:00,31.2,55.8,46.7,55,0
2026-10-13T14:42:00,31.1,55.4,47.1,64,1
2026-10-13T14:43:00,34.9,54.6,46.9,61,0
2026-10-13T14:44:00,29.7,53.7,47.0,65,0
2026-10-13T14:45:00,32.0,57.3,46.9,59,0
2026-10-13T14:46:00,30.5,54.8,47.1,60,0
2026-10-13T14:47:00,33.1,55.0,47.0,56,0
2026-10-13T14:48:00,32.1,57.0,47.0,57,0
2026-10-13T14:49:00,32.9,53.8,46.9,79,1
2026-10-13T14:50:00,30.2,56.0,47.2,64,2
2026-10-13T14:51:00,28.5,54.0,47.1,56,1
2026-10-13T14:52:00,28.4,52.7,47.0,50,1
2026-10-13T14:53:00,29.9,54.4,46.9,54,1
2026-10-13T14:54:00,31.2,54.9,46.9,66,0
2026-10-13T14:55:00,31.0,52.5,46.9,64,1
2026-10-13T14:56:00,32.4,54.2,47.0,62,0
2026-10-13T14:57:00,34.7,56.1,47.1,71,0
2026-10-13T14:58:00,34.1,56.1,46.9,64,0
2026-10-13T14:59:00,29.4,53.7,47.1,57,1
2026-10-13T15:00:00,31.1,55.9,47.1,53,0
2026-10-13T15:01:00,30.3,53.5,47.1,57,2
2026-10-13T15:02:00,31.5,55.9,46.9,55,1
2026-10-13T15:03:00,32.4,56.8,47.0,60,1
2026-10-13T15:04:00,25.4,56.0,47.0,57,0
2026-10-13T15:05:00,31.9,53.6,47.0,64,1
2026-10-13T15:06:00,27.4,53.9,47.0,71,1
2026-10-13T15:07:00,32.1,55.8,47.1,47,2
2026-10-13T15:08:00,28.8,52.0,47.1,63,0
2026-10-13T15:09:00,34.0,55.1,47.0,68,1
2026-10-13T15:10:00,34.0,54.0,47.0,52,1
2026-10-13T15:11:00,31.4,54.9,46.9,47,0
2026-10-13T15:12:00,30.6,56.8,47.0,53,0
2026-10-13T15:13:00,27.0,56.1,46.7,60,1
2026-10-13T15:14:00,35.8,54.7,46.9,56,0
2026-10-13T15:15:00,32.5,55.2,47.1,57,0
2026-10-13T15:16:00,24.0,55.8,46.9,51,1
2026-10-13T15:17:00,32.0,57.0,47.0,60,1
2026-10-13T15:18:00,30.4,54.4,47.0,62,3
2026-10-13T15:19:00,31.5,55.5,46.8,69,0
2026-10-13T15:20:00,34.0,55.4,47.1,61,1
2026-10-13T15:21:00,33.8,54.2,47.1,59,0
2026-10-13T15:22:00,35.7,53.1,46.9,66,1
2026-10-13T15:23:00,29.8,55.9,47.0,55,1
2026-10-13T15:24:00,30.1,56.1,47.1,61,1
2026-10-13T15:25:00,32.8,55.8,47.0,56,0
2026-10-13T15:26:00,31.3,54.2,46.9,58,0
2026-10-13T15:27:00,29.7,55.1,47.0,56,0
2026-10-13T15:28:00,31.3,53.0,47.1,55,0
2026-10-13T15:29:00,31.8,54.7,47.1,59,0
2026-10-13T15:30:00,32.7,55.6,47.1,74,0
2026-10-13T15:31:00,33.4,55.7,47.1,73,1
2026-10-13T15:32:00,25.6,56.0,47.1,60,0
2026-10-13T15:33:00,33.2,56.7,46.8,61,1
2026-10-13T15:34:00,29.0,52.7,47.0,59,1
2026-10-13T15:35:00,32.2,55.1,47.0,57,0
2026-10-13T15:36:00,23.6,53.8,47.0,61,1
2026-10-13T15:37:00,29.7,57.5,46.8,57,0
2026-10-13T15:38:00,32.0,54.0,47.0,56,1
2026-10-13T15:39:00,33.7,57.0,47.2,66,1
2026-10-13T15:40:00,30.7,55.5,46.9,57,1
2026-10-13T15:41:00,29.9,54.8,46.9,63,0
2026-10-13T15:42:00,29.5,53.9,46.8,52,0
2026-10-13T15:43:00,33.0,55.6,46.9,49,0
2026-10-13T15:44:00,29.0,53.2,47.0,71,1
2026-10-13T15:45:00,31.5,52.6,46.9,60,0
2026-10-13T15:46:00,29.3,54.0,47.0,64,0
2026-10-13T15:47:00,30.2,54.7,47.0,68,0
2026-10-13T15:48:00,32.6,53.9,46.9,62,0
2026-10-13T15:49:00,25.9,56.8,47.0,61,0
2026-10-13T15:50:00,33.6,53.6,47.0,56,0
2026-10-13T15:51:00,28.7,55.0,47.1,61,1
2026-10-13T15:52:00,31.0,53.7,46.9,62,0
2026-10-13T15:53:00,30.5,53.9,46.8,50,0
2026-10-13T15:54:00,25.0,56.2,46.9,56,2
2026-10-13T15:55:00,32.6,57.8,47.2,57,1
2026-10-13T15:56:00,33.3,56.8,47.1,63,2
2026-10-13T15:57:00,26.4,55.3,46.9,62,0
2026-10-13T15:58:00,30.1,55.4,47.2,60,1
2026-10-13T15:59:00,34.8,53.4,47.1,59,0
2026-10-13T16:00:00,28.5,55.7,47.0,58,2
2026-10-13T16:01:00,28.3,54.5,47.1,78,0
2026-10-13T16:02:00,32.7,54.9,47.1,60,0
2026-10-13T16:03:00,30.8,54.6,46.9,51,0
2026-10-13T16:04:00,28.4,53.3,47.0,65,1
2026-10-13T16:05:00,32.8,54.2,47.1,59,2
2026-10-13T16:06:00,32.2,56.8,47.1,66,1
2026-10-13T16:07:00,28.9,56.0,46.9,44,1
2026-10-13T16:08:00,35.0,56.9,47.1,71,1
2026-10-13T16:09:00,33.8,55.4,47.0,68,0
2026-10-13T16:10:00,28.1,53.2,47.0,70,1
2026-10-13T16:11:00,29.6,54.4,46.9,52,0
2026-10-13T16:12:00,27.2,55.0,46.9,61,0
2026-10-13T16:13:00,32.3,54.8,47.1,57,0
2026-10-13T16:14:00,31.3,54.2,46.8,58,0
2026-10-13T16:15:00,27.6,53.6,46.9,75,0
2026-10-13T16:16:00,28.6,54.7,47.1,60,1
2026-10-13T16:17:00,35.9,55.0,47.2,63,0
2026-10-13T16:18:00,30.7,55.4,47.0,67,0
2026-10-13T16:19:00,30.3,55.3,47.1,59,1
2026-10-13T16:20:00,31.9,56.2,46.9,59,0
2026-10-13T16:21:00,29.3,54.8,47.1,66,2
2026-10-13T16:22:00,30.9,54.5,46.9,69,2
2026-10-13T16:23:00,25.6,55.3,47.1,57,0
2026-10-13T16:24:00,25.4,54.7,46.9,60,0
2026-10-13T16:25:00,29.0,55.2,46.9,59,0
2026-10-13T16:26:00,35.5,55.2,46.9,68,0
2026-10-13T16:27:00,30.3,56.0,46.9,59,0
2026-10-13T16:28:00,30.5,56.6,46.9,63,0
2026-10-13T16:29:00,26.5,54.9,46.9,53,0
2026-10-13T16:30:00,32.6,56.5,47.0,58,1
2026-10-13T16:31:00,30.9,54.9,47.1,59,1
2026-10-13T16:32:00,33.4,56.1,47.1,62,1
2026-10-13T16:33:00,30.1,54.6,46.8,56,0
2026-10-13T16:34:00,36.5,55.6,47.0,64,2
2026-10-13T16:35:00,30.1,56.4,47.1,60,3
2026-10-13T16:36:00,33.6,55.1,47.1,69,0
2026-10-13T16:37:00,31.0,56.5,47.0,59,0
2026-10-13T16:38:00,34.1,54.0,47.1,56,3
2026-10-13T16:39:00,32.9,55.6,46.9,57,0
2026-10-13T16:40:00,33.3,54.7,46.9,67,2
2026-10-13T16:41:00,35.3,54.8,46.9,65,0
2026-10-13T16:42:00,32.4,55.2,46.9,71,1
2026-10-13T16:43:00,36.1,53.5,46.9,67,1
2026-10-13T16:44:00,30.8,55.3,47.0,64,1
2026-10-13T16:45:00,29.1,54.3,46.8,61,0
2026-10-13T16:46:00,31.6,53.8,47.0,57,0
2026-10-13T16:47:00,31.9,54.4,47.1,62,1
2026-10-13T16:48:00,28.7,54.4,46.9,65,0
2026-10-13T16:49:00,36.5,57.1,47.1,64,0
2026-10-13T16:50:00,30.5,54.7,47.1,66,0
2026-10-13T16:51:00,32.8,55.4,47.0,63,1
2026-10-13T16:52:00,33.8,54.8,46.9,68,0
2026-10-13T16:53:00,29.7,55.6,46.9,66,1
2026-10-13T16:54:00,31.0,58.3,47.0,71,0
2026-10-13T16:55:00,35.5,52.9,46.9,64,1
2026-10-13T16:56:00,34.2,55.0,47.0,68,0
2026-10-13T16:57:00,34.4,55.3,46.9,59,0
2026-10-13T16:58:00,33.0,56.3,47.0,51,0
2026-10-13T16:59:00,27.2,56.0,47.1,64,0
2026-10-13T17:00:00,30.0,54.2,47.0,68,0
2026-10-13T17:01:00,29.9,56.3,47.0,66,0
2026-10-13T17:02:00,26.9,54.2,47.1,61,0
2026-10-13T17:03:00,30.7,54.9,47.0,53,1
2026-10-13T17:04:00,31.3,54.2,47.0,51,1
2026-10-13T17:05:00,27.2,55.8,46.9,55,0
2026-10-13T17:06:00,32.2,55.1,46.9,61,1
2026-10-13T17:07:00,31.6,55.0,47.1,60,1
2026-10-13T17:08:00,27.2,54.8,47.0,68,0
2026-10-13T17:09:00,26.2,55.4,46.9,61,0
2026-10-13T17:10:00,28.8,54.0,46.8,56,0
2026-10-13T17:11:00,30.3,57.0,47.0,52,0
2026-10-13T17:12:00,30.6,53.7,47.1,54,0
2026-10-13T17:13:00,35.3,55.5,46.9,62,1
2026-10-13T17:14:00,30.5,54.7,47.0,55,0
2026-10-13T17:15:00,28.3,55.9,47.0,68,1
2026-10-13T17:16:00,33.7,53.9,47.0,65,0
2026-10-13T17:17:00,34.9,55.0,47.0,50,1
2026-10-13T17:18:00,28.2,54.5,47.0,62,3
2026-10-13T17:19:00,26.5,54.1,46.8,51,0
2026-10-13T17:20:00,32.4,53.7,47.0,64,0
2026-10-13T17:21:00,30.9,55.2,47.0,54,1
2026-10-13T17:22:00,31.5,54.2,47.1,56,1
2026-10-13T17:23:00,31.6,53.7,47.1,64,0
2026-10-13T17:24:00,33.5,54.4,46.9,57,3
2026-10-13T17:25:00,33.3,53.9,46.9,56,0
2026-10-13T17:26:00,33.4,56.2,47.1,59,1
2026-10-13T17:27:00,24.4,54.8,46.9,54,0
2026-10-13T17:28:00,24.5,54.6,47.0,65,0
2026-10-13T17:29:00,28.0,53.6,46.8,68,0
2026-10-13T17:30:00,30.0,55.9,47.1,57,1
2026-10-13T17:31:00,31.3,55.7,47.1,66,0
2026-10-13T17:32:00,26.6,56.8,47.1,61,0
2026-10-13T17:33:00,26.4,55.2,46.9,61,0
2026-10-13T17:34:00,32.1,54.3,47.1,69,1
2026-10-13T17:35:00,33.4,55.4,46.9,56,1
2026-10-13T17:36:00,30.8,56.0,47.1,59,0
2026-10-13T17:37:00,29.9,54.1,47.0,61,0
2026-10-13T17:38:00,34.2,55.2,46.9,58,0
2026-10-13T17:39:00,37.5,54.0,47.1,72,2
2026-10-13T17:40:00,31.0,55.2,46.8,54,0
2026-10-13T17:41:00,30.0,53.6,47.2,53,0
2026-10-13T17:42:00,26.0,53.6,47.1,59,1
2026-10-13T17:43:00,30.8,53.6,47.1,62,0
2026-10-13T17:44:00,30.9,54.1,47.1,53,1
2026-10-13T17:45:00,33.7,53.6,46.9,67,0
2026-10-13T17:46:00,31.0,54.2,47.1,56,2
2026-10-13T17:47:00,30.5,55.9,46.9,61,0
2026-10-13T17:48:00,27.9,55.4,47.0,65,0
2026-10-13T17:49:00,28.4,52.5,47.2,73,0
2026-10-13T17:50:00,35.0,54.9,47.1,55,1
2026-10-13T17:51:00,32.3,55.2,47.0,58,0
2026-10-13T17:52:00,32.5,54.3,47.0,64,2
2026-10-13T17:53:00,30.1,55.9,46.8,60,1
2026-10-13T17:54:00,29.4,56.3,46.8,68,0
2026-10-13T17:55:00,26.1,55.1,46.9,55,0
2026-10-13T17:56:00,35.6,56.1,47.0,57,0
2026-10-13T17:57:00,33.4,54.9,47.0,68,0
2026-10-13T17:58:00,32.2,56.2,47.1,67,0
2026-10-13T17:59:00,29.7,55.9,47.1,66,0
2026-10-13T18:00:00,32.7,55.8,47.0,60,1
2026-10-13T18:01:00,24.9,54.6,47.0,71,0
2026-10-13T18:02:00,34.3,55.4,46.9,56,1
2026-10-13T18:03:00,35.4,54.0,47.0,58,0
2026-10-13T18:04:00,26.9,53.2,46.9,54,0
2026-10-13T18:05:00,34.0,54.8,46.9,59,0
2026-10-13T18:06:00,28.9,55.9,46.9,52,0
2026-10-13T18:07:00,33.3,54.3,46.9,70,2
2026-10-13T18:08:00,33.9,53.6,47.0,66,0
2026-10-13T18:09:00,32.3,52.6,46.9,63,2
2026-10-13T18:10:00,27.0,55.8,47.2,56,1
2026-10-13T18:11:00,30.1,56.6,47.0,51,0
2026-10-13T18:12:00,35.4,55.3,47.0,64,0
2026-10-13T18:13:00,26.8,55.5,47.0,54,0
2026-10-13T18:14:00,31.2,54.0,47.0,64,1
2026-10-13T18:15:00,29.5,53.8,47.1,56,1
2026-10-13T18:16:00,26.8,53.9,47.2,60,0
2026-10-13T18:17:00,30.3,54.0,46.9,62,1
2026-10-13T18:18:00,35.4,56.4,46.9,69,0
2026-10-13T18:19:00,27.2,55.3,46.8,51,0
2026-10-13T18:20:00,35.3,54.6,47.0,53,0
2026-10-13T18:21:00,28.7,56.9,47.0,59,1
2026-10-13T18:22:00,33.8,55.7,46.8,54,0
2026-10-13T18:23:00,31.5,56.0,47.0,58,0
2026-10-13T18:24:00,34.9,56.5,47.1,49,0
2026-10-13T18:25:00,27.6,54.9,47.1,62,2
2026-10-13T18:26:00,26.6,54.7,47.0,62,1
2026-10-13T18:27:00,35.9,56.3,46.9,62,0
2026-10-13T18:28:00,26.1,56.0,46.9,72,0
2026-10-13T18:29:00,37.5,54.5,47.0,66,0
2026-10-13T18:30:00,31.7,56.0,46.8,62,0
2026-10-13T18:31:00,33.0,56.4,46.9,65,0
2026-10-13T18:32:00,37.4,53.7,47.0,54,3
2026-10-13T18:33:00,32.7,56.1,47.1,58,0
2026-10-13T18:34:00,28.7,55.6,47.0,63,0
2026-10-13T18:35:00,34.0,53.4,47.0,59,0
2026-10-13T18:36:00,30.9,53.4,47.0,67,1
2026-10-13T18:37:00,32.3,53.5,47.0,58,1
2026-10-13T18:38:00,31.6,56.2,47.2,56,0
2026-10-13T18:39:00,30.5,54.2,47.0,62,0
2026-10-13T18:40:00,31.3,57.1,47.1,68,0
2026-10-13T18:41:00,34.3,55.0,46.8,63,0
2026-10-13T18:42:00,29.4,55.9,47.0,59,1
2026-10-13T18:43:00,29.7,55.2,47.0,58,1
2026-10-13T18:44:00,31.1,55.1,46.8,57,0
2026-10-13T18:45:00,33.9,54.3,47.0,56,0
2026-10-13T18:46:00,34.4,55.0,47.0,69,0
2026-10-13T18:47:00,33.4,55.1,46.9,61,2
2026-10-13T18:48:00,28.2,57.0,46.7,55,0
2026-10-13T18:49:00,28.2,55.0,46.9,58,0
2026-10-13T18:50:00,30.1,54.8,46.9,53,1
2026-10-13T18:51:00,28.1,54.6,47.1,48,0
2026-10-13T18:52:00,31.7,55.8,46.9,61,0
2026-10-13T18:53:00,29.7,54.5,47.2,57,0
2026-10-13T18:54:00,37.4,54.3,46.8,52,0
2026-10-13T18:55:00,32.6,55.6,47.1,63,1
2026-10-13T18:56:00,35.4,56.1,47.0,62,0
2026-10-13T18:57:00,28.5,54.9,47.0,69,1
2026-10-13T18:58:00,31.9,55.2,46.9,57,0
2026-10-13T18:59:00,35.9,54.3,46.9,67,1
2026-10-13T19:00:00,29.1,56.4,47.0,66,0
2026-10-13T19:01:00,35.2,54.0,47.1,53,2
2026-10-13T19:02:00,34.0,53.2,47.1,66,0
2026-10-13T19:03:00,34.3,53.9,47.0,48,0
2026-10-13T19:04:00,25.3,55.1,47.1,50,0
2026-10-13T19:05:00,34.7,54.9,47.0,66,1
2026-10-13T19:06:00,37.0,55.4,47.1,67,1
2026-10-13T19:07:00,34.0,55.9,47.0,56,1
2026-10-13T19:08:00,35.8,54.2,47.0,69,0
2026-10-13T19:09:00,34.8,53.9,47.1,72,1
2026-10-13T19:10:00,26.1,55.2,47.1,57,0
2026-10-13T19:11:00,30.3,54.7,47.0,62,1
2026-10-13T19:12:00,30.0,58.1,47.0,59,0
2026-10-13T19:13:00,26.5,52.1,46.8,72,1
2026-10-13T19:14:00,32.7,54.7,46.9,55,0
2026-10-13T19:15:00,28.9,55.1,47.0,67,0
2026-10-13T19:16:00,32.0,55.8,46.9,67,0
2026-10-13T19:17:00,29.1,53.5,47.0,55,0
2026-10-13T19:18:00,35.5,55.7,46.9,57,0
2026-10-13T19:19:00,31.3,55.6,47.2,66,0
2026-10-13T19:20:00,31.7,55.4,47.0,67,1
2026-10-13T19:21:00,28.1,54.8,46.9,62,0
2026-10-13T19:22:00,31.5,55.4,47.1,55,1
2026-10-13T19:23:00,30.6,55.8,46.9,49,1
2026-10-13T19:24:00,35.9,53.3,46.9,60,1
2026-10-13T19:25:00,24.2,56.7,47.0,67,0
2026-10-13T19:26:00,32.4,56.3,47.0,69,2
2026-10-13T19:27:00,27.2,55.8,46.9,57,4
2026-10-13T19:28:00,29.4,55.6,46.9,47,0
2026-10-13T19:29:00,26.5,55.3,46.9,57,1
2026-10-13T19:30:00,28.2,53.8,47.0,65,0
2026-10-13T19:31:00,31.8,55.1,46.8,53,0
2026-10-13T19:32:00,29.6,54.6,46.8,54,0
2026-10-13T19:33:00,33.9,54.4,47.0,60,0
2026-10-13T19:34:00,32.4,55.2,47.0,63,0
2026-10-13T19:35:00,34.1,53.7,46.9,58,0
2026-10-13T19:36:00,34.2,54.3,46.9,58,0
2026-10-13T19:37:00,33.4,56.0,46.9,56,0
2026-10-13T19:38:00,33.6,54.6,47.1,61,1
2026-10-13T19:39:00,33.7,53.8,47.3,62,0
2026-10-13T19:40:00,29.4,54.9,47.1,60,1
2026-10-13T19:41:00,29.1,56.1,47.2,56,0
2026-10-13T19:42:00,32.8,55.1,46.8,61,0
2026-10-13T19:43:00,32.4,55.2,46.8,66,1
2026-10-13T19:44:00,31.8,54.9,46.9,59,0
2026-10-13T19:45:00,29.9,54.5,47.0,68,0
2026-10-13T19:46:00,31.7,54.5,47.1,63,0
2026-10-13T19:47:00,30.1,54.3,46.8,63,0
2026-10-13T19:48:00,33.8,54.1,47.1,64,1
2026-10-13T19:49:00,31.6,55.4,47.0,57,0
2026-10-13T19:50:00,32.1,55.3,47.1,63,0
2026-10-13T19:51:00,36.5,54.5,47.2,61,1
2026-10-13T19:52:00,30.5,55.5,46.9,60,1
2026-10-13T19:53:00,34.1,57.3,46.9,54,0
2026-10-13T19:54:00,31.3,54.2,46.9,56,0
2026-10-13T19:55:00,34.8,55.9,47.0,59,0
2026-10-13T19:56:00,29.8,55.4,46.9,68,0
2026-10-13T19:57:00,30.4,52.2,46.8,66,0
2026-10-13T19:58:00,30.4,54.9,46.9,64,1
2026-10-13T19:59:00,28.3,54.8,47.0,60,0
2026-10-13T20:00:00,30.1,55.1,47.0,60,1
2026-10-13T20:01:00,32.5,55.0,46.9,67,0
2026-10-13T20:02:00,32.3,54.9,47.0,65,2
2026-10-13T20:03:00,27.6,55.4,47.1,55,0
2026-10-13T20:04:00,32.5,55.2,46.9,55,1
2026-10-13T20:05:00,33.5,56.4,47.0,68,0
2026-10-13T20:06:00,31.0,54.2,46.9,63,0
2026-10-13T20:07:00,29.1,53.8,47.0,65,0
2026-10-13T20:08:00,34.5,56.0,47.0,59,1
2026-10-13T20:09:00,29.7,53.8,47.0,51,0
2026-10-13T20:10:00,24.8,55.5,46.9,55,0
2026-10-13T20:11:00,35.1,54.4,47.1,58,0
2026-10-13T20:12:00,30.9,54.2,47.1,59,0
2026-10-13T20:13:00,32.3,53.2,46.9,64,0
2026-10-13T20:14:00,29.3,55.0,47.1,56,1
2026-10-13T20:15:00,26.9,54.1,47.0,58,1
2026-10-13T20:16:00,31.6,53.3,47.2,61,0
2026-10-13T20:17:00,27.8,53.5,47.0,62,1
2026-10-13T20:18:00,32.6,54.2,47.0,63,0
2026-10-13T20:19:00,30.1,53.9,46.8,64,0
2026-10-13T20:20:00,27.0,55.1,47.0,57,2
2026-10-13T20:21:00,32.7,55.1,47.0,63,1
2026-10-13T20:22:00,32.0,56.2,47.1,66,1
2026-10-13T20:23:00,27.1,54.3,47.0,62,2
2026-10-13T20:24:00,33.6,53.9,47.0,59,0
2026-10-13T20:25:00,31.4,55.7,46.9,58,0
2026-10-13T20:26:00,28.5,56.1,47.1,67,1
2026-10-13T20:27:00,29.3,55.4,47.0,61,0
2026-10-13T20:28:00,29.8,56.3,47.1,72,0
2026-10-13T20:29:00,29.1,54.4,47.1,58,1
2026-10-13T20:30:00,26.8,54.0,46.9,49,0
2026-10-13T20:31:00,28.0,54.9,46.9,56,0
2026-10-13T20:32:00,25.7,55.4,47.1,62,0
2026-10-13T20:33:00,33.1,56.7,47.0,48,0
2026-10-13T20:34:00,33.1,55.9,46.9,65,1
2026-10-13T20:35:00,33.4,54.9,47.1,56,1
2026-10-13T20:36:00,29.6,55.3,47.0,66,0
2026-10-13T20:37:00,31.6,53.3,47.0,61,0
2026-10-13T20:38:00,29.1,54.0,47.0,56,1
2026-10-13T20:39:00,28.2,55.9,47.0,60,0
2026-10-13T20:40:00,28.5,54.4,46.9,66,1
2026-10-13T20:41:00,32.3,54.3,47.0,60,1
2026-10-13T20:42:00,32.0,55.0,46.9,60,0
2026-10-13T20:43:00,31.6,54.8,46.9,64,0
2026-10-13T20:44:00,27.9,54.9,47.0,65,0
2026-10-13T20:45:00,35.8,52.9,47.0,62,0
2026-10-13T20:46:00,32.3,56.9,47.0,58,2
2026-10-13T20:47:00,36.2,54.6,46.9,58,1
2026-10-13T20:48:00,29.8,56.1,47.2,70,0
2026-10-13T20:49:00,29.7,52.6,47.0,59,1
2026-10-13T20:50:00,29.2,54.6,46.9,73,0
2026-10-13T20:51:00,31.1,55.3,47.0,61,0
2026-10-13T20:52:00,27.1,54.7,46.9,61,0
2026-10-13T20:53:00,34.7,52.8,46.9,59,1
2026-10-13T20:54:00,28.9,55.7,46.9,55,0
2026-10-13T20:55:00,33.9,55.5,47.0,64,0
2026-10-13T20:56:00,36.3,55.9,46.9,65,0
2026-10-13T20:57:00,29.8,54.4,47.0,69,0
2026-10-13T20:58:00,33.5,54.3,47.0,60,1
2026-10-13T20:59:00,32.8,55.3,46.9,67,0
2026-10-13T21:00:00,31.0,55.9,47.0,52,0
2026-10-13T21:01:00,29.5,54.6,47.0,60,1
2026-10-13T21:02:00,34.4,56.5,47.1,55,0
2026-10-13T21:03:00,33.7,56.8,47.0,59,1
2026-10-13T21:04:00,30.4,55.7,47.1,60,0
2026-10-13T21:05:00,24.5,55.8,47.0,54,0
2026-10-13T21:06:00,29.7,55.1,47.1,64,0
2026-10-13T21:07:00,30.9,55.4,47.1,59,0
2026-10-13T21:08:00,32.5,53.4,47.0,57,1
2026-10-13T21:09:00,31.8,53.7,47.1,62,1
2026-10-13T21:10:00,31.0,55.6,46.9,56,0
2026-10-13T21:11:00,27.9,54.4,46.9,68,0
2026-10-13T21:12:00,34.4,54.5,47.1,63,1
2026-10-13T21:13:00,30.4,54.2,46.8,55,0
2026-10-13T21:14:00,29.8,55.3,47.0,65,0
2026-10-13T21:15:00,28.2,53.6,47.0,71,1
2026-10-13T21:16:00,35.6,55.6,46.9,58,0
2026-10-13T21:17:00,32.2,53.6,47.0,66,0
2026-10-13T21:18:00,30.7,56.2,46.8,58,0
2026-10-13T21:19:00,30.8,55.1,47.0,61,0
2026-10-13T21:20:00,33.5,53.9,46.8,67,0
2026-10-13T21:21:00,29.5,54.1,47.0,56,0
2026-10-13T21:22:00,32.4,56.4,46.9,70,0
2026-10-13T21:23:00,33.5,56.4,46.9,63,0
2026-10-13T21:24:00,33.1,54.0,46.8,59,0
2026-10-13T21:25:00,36.4,56.0,47.1,62,2
2026-10-13T21:26:00,30.7,55.7,47.2,58,1
2026-10-13T21:27:00,29.5,53.6,46.9,47,0
2026-10-13T21:28:00,30.3,52.6,47.1,56,0
2026-10-13T21:29:00,31.1,55.4,46.9,57,1
2026-10-13T21:30:00,32.3,55.5,47.0,58,0
2026-10-13T21:31:00,32.0,55.8,47.0,65,1
2026-10-13T21:32:00,33.2,55.3,46.9,72,2
2026-10-13T21:33:00,35.7,56.4,47.0,63,0
2026-10-13T21:34:00,33.7,55.6,47.1,64,0
2026-10-13T21:35:00,27.9,54.3,47.2,61,1
2026-10-13T21:36:00,28.8,55.5,46.9,68,0
2026-10-13T21:37:00,32.1,55.3,47.0,70,0
2026-10-13T21:38:00,29.0,56.5,47.1,54,1
2026-10-13T21:39:00,30.9,55.9,46.9,59,1
2026-10-13T21:40:00,27.2,54.7,47.0,65,0
2026-10-13T21:41:00,31.3,53.7,46.9,56,1
2026-10-13T21:42:00,32.8,53.2,47.0,63,1
2026-10-13T21:43:00,28.5,55.8,46.9,56,1
2026-10-13T21:44:00,27.4,55.3,47.1,58,0
2026-10-13T21:45:00,25.4,55.1,46.9,50,0
2026-10-13T21:46:00,32.0,54.1,47.1,72,0
2026-10-13T21:47:00,32.5,54.8,46.9,57,1
2026-10-13T21:48:00,29.7,55.5,47.1,57,0
2026-10-13T21:49:00,29.2,54.4,47.2,52,1
2026-10-13T21:50:00,27.5,55.2,47.1,56,2
2026-10-13T21:51:00,32.4,55.1,47.0,54,0
2026-10-13T21:52:00,30.7,55.2,47.0,61,2
2026-10-13T21:53:00,31.9,54.8,47.1,76,0
2026-10-13T21:54:00,29.9,55.7,47.1,65,0
2026-10-13T21:55:00,26.7,54.7,47.2,55,0
2026-10-13T21:56:00,29.7,55.3,47.0,55,0
2026-10-13T21:57:00,32.1,54.7,47.0,69,1
2026-10-13T21:58:00,32.7,58.1,47.1,61,1
2026-10-13T21:59:00,29.2,54.9,46.9,53,0
2026-10-13T22:00:00,31.3,55.9,47.1,52,0
2026-10-13T22:01:00,30.9,54.1,46.9,57,1
2026-10-13T22:02:00,30.6,55.2,47.2,63,0
2026-10-13T22:03:00,30.6,53.9,47.0,66,0
2026-10-13T22:04:00,32.7,54.4,47.0,54,1
2026-10-13T22:05:00,33.4,53.1,47.0,65,0
2026-10-13T22:06:00,31.1,55.3,46.9,56,0
2026-10-13T22:07:00,28.1,54.9,46.9,66,2
2026-10-13T22:08:00,33.3,55.1,46.9,69,3
2026-10-13T22:09:00,30.9,55.3,46.9,62,1
2026-10-13T22:10:00,34.0,54.5,47.0,59,0
2026-10-13T22:11:00,35.7,55.0,47.1,56,1
2026-10-13T22:12:00,31.6,54.1,47.1,70,0
2026-10-13T22:13:00,30.8,56.3,46.9,69,0
2026-10-13T22:14:00,33.0,56.6,47.1,61,0
2026-10-13T22:15:00,28.0,54.9,47.0,67,0
2026-10-13T22:16:00,32.0,55.1,46.9,67,0
2026-10-13T22:17:00,30.0,55.3,46.9,68,1
2026-10-13T22:18:00,31.2,55.9,47.0,58,2
2026-10-13T22:19:00,30.8,55.0,47.0,56,0
2026-10-13T22:20:00,28.8,54.3,47.0,58,0
2026-10-13T22:21:00,29.5,55.6,47.0,59,0
2026-10-13T22:22:00,24.2,55.7,47.0,56,0
2026-10-13T22:23:00,31.9,54.6,47.0,57,3
2026-10-13T22:24:00,27.0,53.9,46.9,57,0
2026-10-13T22:25:00,26.9,54.9,46.9,60,0
2026-10-13T22:26:00,30.9,54.9,47.2,64,1
2026-10-13T22:27:00,35.5,55.2,46.9,61,0
2026-10-13T22:28:00,33.1,54.1,46.8,56,0
2026-10-13T22:29:00,33.7,54.2,47.0,64,0
2026-10-13T22:30:00,35.2,53.8,47.0,57,1
2026-10-13T22:31:00,28.3,55.8,47.1,60,0
2026-10-13T22:32:00,32.3,55.4,46.9,67,0
2026-10-13T22:33:00,32.2,53.6,47.1,57,0
2026-10-13T22:34:00,34.7,54.8,46.9,63,0
2026-10-13T22:35:00,30.0,54.2,47.0,46,1
2026-10-13T22:36:00,35.7,55.2,47.0,73,0
2026-10-13T22:37:00,33.5,55.2,47.1,54,1
2026-10-13T22:38:00,30.8,55.4,47.1,62,2
2026-10-13T22:39:00,27.0,56.4,46.9,64,1
2026-10-13T22:40:00,31.0,56.0,46.9,59,0
2026-10-13T22:41:00,31.8,55.8,47.0,60,0
2026-10-13T22:42:00,30.7,53.7,47.1,65,0
2026-10-13T22:43:00,32.7,53.4,47.0,66,3
2026-10-13T22:44:00,29.6,55.2,46.9,63,1
2026-10-13T22:45:00,30.2,52.8,47.0,61,0
2026-10-13T22:46:00,33.8,55.6,47.0,45,1
2026-10-13T22:47:00,32.1,55.1,47.1,60,1
2026-10-13T22:48:00,32.5,55.2,46.9,69,0
2026-10-13T22:49:00,30.2,55.3,46.9,65,1
2026-10-13T22:50:00,29.1,56.2,47.1,57,2
2026-10-13T22:51:00,32.7,55.5,47.0,57,0
2026-10-13T22:52:00,33.5,54.9,46.8,56,0
2026-10-13T22:53:00,30.8,53.9,46.8,59,0
2026-10-13T22:54:00,31.8,55.5,47.0,63,0
2026-10-13T22:55:00,31.7,55.1,46.9,54,1
2026-10-13T22:56:00,32.5,55.9,46.9,52,0
2026-10-13T22:57:00,32.7,55.5,47.0,59,0
2026-10-13T22:58:00,33.5,54.0,47.0,61,0
2026-10-13T22:59:00,40.3,53.6,47.1,64,0
2026-10-13T23:00:00,34.0,55.2,47.1,70,2
2026-10-13T23:01:00,30.5,55.9,47.0,63,0
2026-10-13T23:02:00,30.8,54.4,47.0,57,1
2026-10-13T23:03:00,30.8,55.1,46.8,57,0
2026-10-13T23:04:00,27.5,55.5,47.2,63,0
2026-10-13T23:05:00,31.7,56.0,47.0,56,1
2026-10-13T23:06:00,30.2,56.0,46.9,56,1
2026-10-13T23:07:00,29.4,53.5,47.1,55,0
2026-10-13T23:08:00,27.9,55.8,46.9,60,0
2026-10-13T23:09:00,31.9,55.9,46.9,55,1
2026-10-13T23:10:00,24.3,55.9,47.1,68,0
2026-10-13T23:11:00,31.1,53.3,47.1,56,0
2026-10-13T23:12:00,34.5,55.6,47.2,57,1
2026-10-13T23:13:00,30.0,56.1,46.9,52,0
2026-10-13T23:14:00,30.3,54.3,47.0,58,0
2026-10-13T23:15:00,32.4,55.0,47.0,60,1
2026-10-13T23:16:00,33.5,55.2,47.2,52,0
2026-10-13T23:17:00,35.4,55.3,46.9,65,0
2026-10-13T23:18:00,34.8,54.5,47.0,65,1
2026-10-13T23:19:00,31.9,56.4,46.8,65,1
2026-10-13T23:20:00,31.9,55.3,47.1,69,0
2026-10-13T23:21:00,29.6,54.7,47.1,68,1
2026-10-13T23:22:00,32.5,54.9,47.1,67,0
2026-10-13T23:23:00,35.0,56.3,46.8,61,2
2026-10-13T23:24:00,24.1,54.2,46.9,52,0
2026-10-13T23:25:00,30.5,54.8,47.0,51,2
2026-10-13T23:26:00,31.7,54.4,47.2,62,1
2026-10-13T23:27:00,29.4,53.6,47.1,59,0
2026-10-13T23:28:00,28.8,54.7,46.9,69,0
2026-10-13T23:29:00,31.0,54.7,47.0,65,1
2026-10-13T23:30:00,29.7,55.3,47.0,65,1
2026-10-13T23:31:00,26.7,54.9,47.0,69,2
2026-10-13T23:32:00,35.6,55.9,47.0,59,1
2026-10-13T23:33:00,32.0,52.9,46.9,65,0
2026-10-13T23:34:00,35.0,55.9,47.0,60,0
2026-10-13T23:35:00,34.4,56.0,47.0,54,0
2026-10-13T23:36:00,31.5,54.8,47.0,53,0
2026-10-13T23:37:00,30.8,54.5,47.0,56,0
2026-10-13T23:38:00,31.8,54.9,47.1,67,1
2026-10-13T23:39:00,34.0,55.3,47.1,57,1
2026-10-13T23:40:00,31.2,54.2,47.3,64,1
2026-10-13T23:41:00,31.2,54.9,47.0,53,1
2026-10-13T23:42:00,30.0,55.1,47.2,60,1
2026-10-13T23:43:00,26.9,54.0,47.1,69,0
2026-10-13T23:44:00,32.5,52.8,47.0,51,1
2026-10-13T23:45:00,32.3,54.4,47.3,67,0
2026-10-13T23:46:00,32.6,55.9,47.1,60,0
2026-10-13T23:47:00,30.7,53.7,46.9,56,0
2026-10-13T23:48:00,29.4,55.8,46.9,53,1
2026-10-13T23:49:00,30.2,54.3,47.1,60,2
2026-10-13T23:50:00,28.7,53.9,47.2,59,1
2026-10-13T23:51:00,31.1,55.8,47.0,59,0
2026-10-13T23:52:00,28.4,55.0,46.8,70,1
2026-10-13T23:53:00,30.8,55.4,47.0,52,0
2026-10-13T23:54:00,28.4,54.0,47.2,58,0
2026-10-13T23:55:00,27.9,54.7,47.0,49,1
2026-10-13T23:56:00,28.3,54.3,47.2,73,1
2026-10-13T23:57:00,31.5,53.9,46.9,60,0
2026-10-13T23:58:00,31.5,52.9,47.0,65,1
2026-10-13T23:59:00,28.9,54.9,47.0,51,2
2026-10-14T00:00:00,32.6,53.5,47.1,62,0
2026-10-14T00:01:00,29.5,56.5,47.2,64,0
2026-10-14T00:02:00,30.4,55.6,47.0,56,0
2026-10-14T00:03:00,36.1,54.6,47.1,64,2
2026-10-14T00:04:00,31.8,54.3,46.9,60,0
2026-10-14T00:05:00,29.4,54.0,47.0,54,0
2026-10-14T00:06:00,30.2,54.4,47.0,57,0
2026-10-14T00:07:00,30.7,53.7,47.2,60,0
2026-10-14T00:08:00,31.6,54.3,47.1,54,0
2026-10-14T00:09:00,28.7,56.2,47.2,66,0
2026-10-14T00:10:00,32.9,55.6,47.0,64,0
2026-10-14T00:11:00,36.7,56.1,47.2,67,1
2026-10-14T00:12:00,30.2,54.7,47.0,53,0
2026-10-14T00:13:00,34.0,54.2,47.1,55,0
2026-10-14T00:14:00,31.2,56.6,47.0,72,1
2026-10-14T00:15:00,27.0,56.7,47.1,55,1
2026-10-14T00:16:00,37.0,54.0,47.1,64,1
2026-10-14T00:17:00,27.9,53.6,46.8,60,1
2026-10-14T00:18:00,29.3,53.9,47.0,67,1
2026-10-14T00:19:00,27.4,54.9,47.0,68,0
2026-10-14T00:20:00,31.2,56.2,46.9,67,0
2026-10-14T00:21:00,26.9,53.9,47.0,49,0
2026-10-14T00:22:00,30.6,55.2,46.9,58,1
2026-10-14T00:23:00,27.8,55.4,47.2,64,1
2026-10-14T00:24:00,31.3,56.6,46.9,57,1
2026-10-14T00:25:00,26.6,54.8,46.8,64,4
2026-10-14T00:26:00,33.7,54.2,47.1,58,0
2026-10-14T00:27:00,34.8,55.4,47.1,60,2
2026-10-14T00:28:00,26.4,54.2,47.0,63,0
2026-10-14T00:29:00,30.6,53.6,47.0,53,2
2026-10-14T00:30:00,27.9,54.3,46.9,50,0
2026-10-14T00:31:00,31.2,55.2,47.2,72,2
2026-10-14T00:32:00,27.9,55.4,47.1,51,1
2026-10-14T00:33:00,29.8,53.1,47.1,54,0
2026-10-14T00:34:00,31.9,55.0,46.9,58,0
2026-10-14T00:35:00,28.2,54.4,46.8,60,1
2026-10-14T00:36:00,33.2,54.7,47.0,56,0
2026-10-14T00:37:00,30.1,54.9,47.0,55,0
2026-10-14T00:38:00,31.5,55.5,47.1,60,5
2026-10-14T00:39:00,28.7,54.4,46.9,71,0
2026-10-14T00:40:00,35.7,54.9,47.1,68,1
2026-10-14T00:41:00,29.8,56.1,46.8,52,1
2026-10-14T00:42:00,28.2,55.8,47.1,58,0
2026-10-14T00:43:00,33.7,56.6,47.1,67,1
2026-10-14T00:44:00,32.1,55.9,47.0,46,0
2026-10-14T00:45:00,25.3,54.4,46.9,54,1
2026-10-14T00:46:00,27.9,52.6,47.0,62,0
2026-10-14T00:47:00,30.9,56.2,46.9,69,0
2026-10-14T00:48:00,31.4,55.9,47.2,64,0
2026-10-14T00:49:00,33.3,55.0,47.0,72,0
2026-10-14T00:50:00,29.9,54.6,47.2,66,0
2026-10-14T00:51:00,27.3,55.6,47.0,63,0
2026-10-14T00:52:00,29.1,53.2,47.0,62,2
2026-10-14T00:53:00,29.0,53.4,46.9,58,0
2026-10-14T00:54:00,32.0,53.2,47.0,58,0
2026-10-14T00:55:00,25.2,54.2,47.0,64,0
2026-10-14T00:56:00,32.8,55.6,47.1,60,0
2026-10-14T00:57:00,29.2,55.2,47.2,59,1
2026-10-14T00:58:00,30.4,52.8,47.0,56,0
2026-10-14T00:59:00,30.1,56.5,46.9,54,0
2026-10-14T01:00:00,27.8,56.3,47.0,52,1
2026-10-14T01:01:00,34.8,55.1,46.9,62,0
2026-10-14T01:02:00,30.6,54.6,46.9,69,0
2026-10-14T01:03:00,28.1,55.4,47.0,56,1
2026-10-14T01:04:00,31.7,55.2,47.1,66,0
2026-10-14T01:05:00,26.2,54.7,47.0,55,0
2026-10-14T01:06:00,30.1,55.0,46.9,49,0
2026-10-14T01:07:00,27.0,54.5,46.8,58,0
2026-10-14T01:08:00,30.4,57.2,47.0,58,1
2026-10-14T01:09:00,31.2,54.3,47.0,62,1
2026-10-14T01:10:00,28.3,54.7,47.0,70,3
2026-10-14T01:11:00,27.0,54.1,47.0,57,1
2026-10-14T01:12:00,31.5,55.1,46.9,52,1
2026-10-14T01:13:00,30.5,54.5,46.8,57,0
2026-10-14T01:14:00,33.0,55.2,47.3,66,0
2026-10-14T01:15:00,30.1,52.6,47.0,62,0
2026-10-14T01:16:00,29.5,55.2,47.0,68,1
2026-10-14T01:17:00,31.0,54.7,47.1,70,0
2026-10-14T01:18:00,24.8,57.0,46.9,64,0
2026-10-14T01:19:00,32.5,54.9,47.1,66,1
2026-10-14T01:20:00,36.0,55.8,47.0,50,1
2026-10-14T01:21:00,29.1,56.8,47.1,60,1
2026-10-14T01:22:00,32.4,55.8,47.1,57,0
2026-10-14T01:23:00,38.0,56.5,47.1,57,0
2026-10-14T01:24:00,27.8,53.2,47.1,62,0
2026-10-14T01:25:00,35.0,55.9,47.0,68,1
2026-10-14T01:26:00,30.4,56.9,47.0,58,0
2026-10-14T01:27:00,36.1,54.5,47.2,53,1
2026-10-14T01:28:00,29.7,56.7,46.9,67,0
2026-10-14T01:29:00,29.3,55.7,47.2,53,0
2026-10-14T01:30:00,31.5,55.1,46.9,61,0
2026-10-14T01:31:00,36.9,55.9,47.0,64,0
2026-10-14T01:32:00,32.9,55.1,47.0,56,0
2026-10-14T01:33:00,29.2,55.1,47.0,69,2
2026-10-14T01:34:00,32.1,55.2,46.9,62,1
2026-10-14T01:35:00,34.8,53.9,47.1,67,0
2026-10-14T01:36:00,36.3,57.4,46.8,44,1
2026-10-14T01:37:00,28.9,53.7,47.1,64,0
2026-10-14T01:38:00,32.8,55.2,46.8,54,0
2026-10-14T01:39:00,34.8,57.0,47.0,60,0
2026-10-14T01:40:00,27.8,55.4,47.0,62,0
2026-10-14T01:41:00,32.8,53.9,47.0,54,0
2026-10-14T01:42:00,30.7,54.4,47.0,67,0
2026-10-14T01:43:00,33.5,54.9,47.1,60,3
2026-10-14T01:44:00,25.6,55.8,47.2,67,0
2026-10-14T01:45:00,31.7,54.3,46.9,68,1
2026-10-14T01:46:00,28.9,55.8,47.0,62,2
2026-10-14T01:47:00,32.6,55.4,47.0,74,2
2026-10-14T01:48:00,31.5,53.4,47.1,56,0
2026-10-14T01:49:00,30.7,55.4,46.9,59,0
2026-10-14T01:50:00,36.6,56.7,47.1,50,0
2026-10-14T01:51:00,32.1,56.8,47.1,65,0
2026-10-14T01:52:00,27.8,54.5,47.1,49,0
2026-10-14T01:53:00,35.2,55.1,46.9,59,0
2026-10-14T01:54:00,29.9,54.3,46.9,54,1
2026-10-14T01:55:00,31.2,55.1,47.1,65,0
2026-10-14T01:56:00,39.1,54.9,47.0,54,0
2026-10-14T01:57:00,27.6,56.9,46.8,57,0
2026-10-14T01:58:00,29.3,54.4,47.0,55,0
2026-10-14T01:59:00,28.4,54.4,47.1,51,0
2026-10-14T02:00:00,34.6,55.1,46.9,54,0
2026-10-14T02:01:00,31.1,54.4,47.0,64,0
2026-10-14T02:02:00,30.3,55.4,46.9,64,0
2026-10-14T02:03:00,27.1,55.4,47.0,67,0
2026-10-14T02:04:00,30.8,54.0,47.0,62,1
2026-10-14T02:05:00,29.9,54.3,46.9,55,0
2026-10-14T02:06:00,30.1,54.4,47.1,65,0
2026-10-14T02:07:00,27.3,55.9,47.2,62,0
2026-10-14T02:08:00,27.1,53.6,47.0,63,0
2026-10-14T02:09:00,25.3,55.9,47.0,50,1
2026-10-14T02:10:00,25.9,55.6,47.0,60,1
2026-10-14T02:11:00,32.3,54.5,46.8,59,0
2026-10-14T02:12:00,34.5,56.4,46.9,63,0
2026-10-14T02:13:00,29.1,55.6,46.9,62,0
2026-10-14T02:14:00,33.2,54.3,46.9,57,0
2026-10-14T02:15:00,30.8,54.7,47.1,60,1
2026-10-14T02:16:00,32.6,55.5,47.1,60,0
2026-10-14T02:17:00,28.7,55.1,46.9,58,1
2026-10-14T02:18:00,28.9,54.0,46.9,69,0
2026-10-14T02:19:00,31.9,54.2,47.1,60,0
2026-10-14T02:20:00,25.9,55.4,46.9,61,0
2026-10-14T02:21:00,31.3,54.4,47.1,62,1
2026-10-14T02:22:00,36.5,54.9,47.1,65,0
2026-10-14T02:23:00,31.7,53.7,47.0,66,1
2026-10-14T02:24:00,34.3,53.6,46.9,67,1
2026-10-14T02:25:00,30.4,53.6,47.0,45,0
2026-10-14T02:26:00,28.4,53.7,47.1,58,0
2026-10-14T02:27:00,26.7,51.3,47.1,51,1
2026-10-14T02:28:00,30.5,54.2,47.0,50,0
2026-10-14T02:29:00,25.9,54.9,47.1,58,2
2026-10-14T02:30:00,34.3,52.2,47.1,68,0
2026-10-14T02:31:00,31.0,52.9,46.9,67,1
2026-10-14T02:32:00,32.1,56.6,47.0,71,0
2026-10-14T02:33:00,30.6,56.9,47.0,62,0
2026-10-14T02:34:00,26.1,55.9,46.9,60,2
2026-10-14T02:35:00,32.1,54.7,46.9,66,2
2026-10-14T02:36:00,29.7,54.7,47.1,42,3
2026-10-14T02:37:00,28.6,53.4,47.0,60,0
2026-10-14T02:38:00,31.8,53.7,47.1,56,0
2026-10-14T02:39:00,33.6,53.3,47.0,50,1
2026-10-14T02:40:00,34.3,55.7,47.3,65,2
2026-10-14T02:41:00,30.1,53.7,47.1,52,0
2026-10-14T02:42:00,30.2,54.4,47.1,70,0
2026-10-14T02:43:00,30.0,53.9,47.1,67,0
2026-10-14T02:44:00,32.2,55.6,47.0,57,0
2026-10-14T02:45:00,28.3,55.1,47.0,62,0
2026-10-14T02:46:00,24.2,54.1,47.1,56,0
2026-10-14T02:47:00,35.9,55.4,47.1,58,0
2026-10-14T02:48:00,29.2,56.7,47.1,56,1
2026-10-14T02:49:00,31.6,55.2,47.0,67,0
2026-10-14T02:50:00,27.7,54.4,46.9,51,0
2026-10-14T02:51:00,30.9,55.2,47.0,57,0
2026-10-14T02:52:00,28.5,57.2,47.1,68,1
2026-10-14T02:53:00,30.5,55.3,46.9,56,2
2026-10-14T02:54:00,30.3,54.1,47.1,62,0
2026-10-14T02:55:00,31.3,54.2,47.0,53,0
2026-10-14T02:56:00,32.2,55.2,47.1,62,2
2026-10-14T02:57:00,31.9,54.9,47.0,56,1
2026-10-14T02:58:00,31.2,54.4,47.1,55,1
2026-10-14T02:59:00,28.7,58.1,47.0,60,2
2026-10-14T03:00:00,28.5,55.8,47.0,67,0
2026-10-14T03:01:00,29.6,54.7,47.0,47,1
2026-10-14T03:02:00,36.3,54.5,47.1,52,0
2026-10-14T03:03:00,32.0,54.5,47.0,64,1
2026-10-14T03:04:00,33.9,53.7,47.1,64,1
2026-10-14T03:05:00,32.4,54.4,46.9,74,1
2026-10-14T03:06:00,25.4,54.1,46.8,57,1
2026-10-14T03:07:00,32.4,55.9,47.1,72,0
2026-10-14T03:08:00,27.7,56.4,46.9,59,0
2026-10-14T03:09:00,30.0,54.0,46.9,60,0
2026-10-14T03:10:00,34.3,55.2,47.2,52,0
2026-10-14T03:11:00,27.0,56.0,47.0,71,0
2026-10-14T03:12:00,33.0,55.3,47.0,54,0
2026-10-14T03:13:00,33.9,54.6,47.1,61,1
2026-10-14T03:14:00,25.6,54.0,47.3,62,0
2026-10-14T03:15:00,22.5,55.6,46.8,70,0
2026-10-14T03:16:00,30.6,54.9,46.9,58,0
2026-10-14T03:17:00,31.3,55.3,47.0,52,0
2026-10-14T03:18:00,30.9,54.7,47.1,64,1
2026-10-14T03:19:00,33.8,55.5,47.2,58,0
2026-10-14T03:20:00,29.5,57.6,47.0,55,0
2026-10-14T03:21:00,30.6,54.1,46.9,59,0
2026-10-14T03:22:00,26.5,54.0,46.9,56,2
2026-10-14T03:23:00,29.7,55.4,46.9,61,0
2026-10-14T03:24:00,30.8,55.4,46.9,59,0
2026-10-14T03:25:00,30.9,53.2,47.0,60,1
2026-10-14T03:26:00,29.6,55.6,47.0,49,1
2026-10-14T03:27:00,34.2,55.9,46.8,60,2
2026-10-14T03:28:00,33.5,55.6,47.0,62,2
2026-10-14T03:29:00,31.2,55.3,47.0,52,1
2026-10-14T03:30:00,30.0,56.3,47.0,64,1
2026-10-14T03:31:00,28.2,53.9,47.0,53,1
2026-10-14T03:32:00,29.8,55.9,47.1,49,0
2026-10-14T03:33:00,40.9,54.9,47.1,67,1
2026-10-14T03:34:00,30.0,56.2,47.0,59,0
2026-10-14T03:35:00,34.0,56.7,47.2,60,0
2026-10-14T03:36:00,31.2,53.0,47.0,57,0
2026-10-14T03:37:00,27.3,55.7,47.0,52,1
2026-10-14T03:38:00,28.2,55.7,46.9,57,2
2026-10-14T03:39:00,31.5,54.3,46.8,58,1
2026-10-14T03:40:00,29.3,54.2,46.8,53,2
2026-10-14T03:41:00,38.9,53.5,46.7,64,2
2026-10-14T03:42:00,30.5,56.3,47.0,53,0
2026-10-14T03:43:00,29.3,56.2,46.9,71,1
2026-10-14T03:44:00,26.9,55.3,47.2,66,1
2026-10-14T03:45:00,32.7,54.6,47.0,61,0
2026-10-14T03:46:00,29.0,54.7,47.2,61,0
2026-10-14T03:47:00,30.5,54.8,47.1,61,2
2026-10-14T03:48:00,22.2,56.2,47.0,64,0
2026-10-14T03:49:00,32.9,55.2,46.9,57,0
2026-10-14T03:50:00,33.3,56.2,46.9,61,0
2026-10-14T03:51:00,28.7,54.7,47.0,53,0
2026-10-14T03:52:00,36.2,55.6,47.0,62,1
2026-10-14T03:53:00,31.5,54.1,47.0,73,0
2026-10-14T03:54:00,31.8,54.8,47.0,70,0
2026-10-14T03:55:00,35.7,53.7,47.0,66,0
2026-10-14T03:56:00,36.0,54.2,47.0,67,0
2026-10-14T03:57:00,28.7,55.5,47.1,54,1
2026-10-14T03:58:00,31.4,55.7,47.1,60,1
2026-10-14T03:59:00,30.8,55.9,46.8,59,0
2026-10-14T04:00:00,35.1,55.0,47.2,48,0
2026-10-14T04:01:00,28.0,53.9,47.0,55,0
2026-10-14T04:02:00,27.3,54.2,47.0,64,0
2026-10-14T04:03:00,33.1,55.5,47.0,64,0
2026-10-14T04:04:00,31.8,54.6,46.9,56,0
2026-10-14T04:05:00,28.8,54.8,46.9,60,0
2026-10-14T04:06:00,32.5,54.6,47.1,58,0
2026-10-14T04:07:00,29.6,54.5,47.0,56,1
2026-10-14T04:08:00,27.0,54.6,46.9,58,1
2026-10-14T04:09:00,28.3,55.2,47.0,55,0
2026-10-14T04:10:00,30.2,52.8,47.2,60,1
2026-10-14T04:11:00,29.7,56.3,46.9,65,0
2026-10-14T04:12:00,30.6,55.6,47.0,60,2
2026-10-14T04:13:00,30.7,54.1,47.1,57,0
2026-10-14T04:14:00,33.7,53.3,47.0,53,1
2026-10-14T04:15:00,31.5,54.8,47.0,60,0
2026-10-14T04:16:00,33.6,54.5,47.1,70,1
2026-10-14T04:17:00,29.0,53.8,47.1,59,2
2026-10-14T04:18:00,34.3,54.3,47.0,72,2
2026-10-14T04:19:00,31.8,55.2,47.0,67,0
2026-10-14T04:20:00,28.0,55.6,46.9,67,0
2026-10-14T04:21:00,27.9,52.9,47.1,65,0
2026-10-14T04:22:00,29.8,53.1,46.9,49,0
2026-10-14T04:23:00,29.2,56.6,47.0,57,0
2026-10-14T04:24:00,30.8,53.1,47.0,59,2
2026-10-14T04:25:00,35.3,55.7,46.9,64,0
2026-10-14T04:26:00,34.8,55.2,46.9,59,0
2026-10-14T04:27:00,24.7,54.7,47.0,57,1
2026-10-14T04:28:00,26.8,56.0,47.0,67,1
2026-10-14T04:29:00,29.8,56.7,46.9,63,0
2026-10-14T04:30:00,27.5,55.9,47.0,57,0
2026-10-14T04:31:00,34.8,56.5,47.1,55,0
2026-10-14T04:32:00,29.6,56.6,47.0,62,0
2026-10-14T04:33:00,33.1,56.3,46.8,66,0
2026-10-14T04:34:00,32.9,53.0,47.1,56,0
2026-10-14T04:35:00,30.5,55.8,46.8,65,0
2026-10-14T04:36:00,24.3,54.1,47.1,65,1
2026-10-14T04:37:00,29.0,55.8,47.1,60,0
2026-10-14T04:38:00,31.6,58.0,46.9,66,1
2026-10-14T04:39:00,32.2,54.3,46.9,49,1
2026-10-14T04:40:00,31.6,56.6,47.0,53,0
2026-10-14T04:41:00,29.8,55.2,46.8,60,1
2026-10-14T04:42:00,33.1,54.7,46.9,68,2
2026-10-14T04:43:00,29.7,54.3,47.0,61,2
2026-10-14T04:44:00,33.3,54.8,46.9,49,0
2026-10-14T04:45:00,30.9,54.1,46.8,54,1
2026-10-14T04:46:00,24.4,54.4,47.0,64,1
2026-10-14T04:47:00,33.6,54.5,47.1,64,0
2026-10-14T04:48:00,29.2,53.8,47.2,51,1
2026-10-14T04:49:00,30.8,54.2,47.0,66,1
2026-10-14T04:50:00,27.0,54.3,46.8,58,1
2026-10-14T04:51:00,32.8,55.4,46.9,61,1
2026-10-14T04:52:00,33.8,55.0,47.0,58,0
2026-10-14T04:53:00,35.3,57.2,47.1,66,1
2026-10-14T04:54:00,27.4,55.9,47.1,61,1
2026-10-14T04:55:00,33.9,54.6,47.0,66,1
2026-10-14T04:56:00,28.8,55.3,46.9,74,0
2026-10-14T04:57:00,32.7,55.9,47.0,61,0
2026-10-14T04:58:00,30.7,55.4,46.9,64,1
2026-10-14T04:59:00,34.1,55.0,47.0,65,0
2026-10-14T05:00:00,33.8,56.0,47.0,56,0
2026-10-14T05:01:00,29.4,54.6,46.9,58,0
2026-10-14T05:02:00,31.9,55.3,47.0,56,0
2026-10-14T05:03:00,30.8,55.6,47.0,60,0
2026-10-14T05:04:00,33.2,54.8,47.0,66,1
2026-10-14T05:05:00,26.5,56.3,46.9,62,1
2026-10-14T05:06:00,32.2,54.3,47.2,55,0
2026-10-14T05:07:00,28.7,54.5,46.8,65,2
2026-10-14T05:08:00,33.4,53.3,47.0,49,0
2026-10-14T05:09:00,34.7,56.3,46.8,56,1
2026-10-14T05:10:00,33.3,54.7,47.1,65,0
2026-10-14T05:11:00,28.3,56.4,47.1,64,1
2026-10-14T05:12:00,27.1,54.3,46.9,73,0
2026-10-14T05:13:00,33.0,53.6,47.0,60,0
2026-10-14T05:14:00,26.6,55.3,47.0,48,2
2026-10-14T05:15:00,30.3,55.7,47.0,61,0
2026-10-14T05:16:00,33.3,55.5,46.9,61,0
2026-10-14T05:17:00,36.9,56.2,47.0,62,1
2026-10-14T05:18:00,29.8,52.3,47.1,60,0
2026-10-14T05:19:00,28.2,56.6,47.0,50,1
2026-10-14T05:20:00,33.9,55.8,47.2,54,0
2026-10-14T05:21:00,31.5,54.6,47.0,63,0
2026-10-14T05:22:00,30.8,53.9,47.0,59,1
2026-10-14T05:23:00,29.1,53.7,47.0,63,0
2026-10-14T05:24:00,28.7,57.1,47.0,62,0
2026-10-14T05:25:00,32.3,55.2,47.0,62,0
2026-10-14T05:26:00,29.7,56.0,47.0,62,1
2026-10-14T05:27:00,27.3,55.9,47.0,66,1
2026-10-14T05:28:00,32.8,55.4,47.0,70,0
2026-10-14T05:29:00,34.4,52.8,47.0,61,2
2026-10-14T05:30:00,34.6,54.3,46.9,67,0
2026-10-14T05:31:00,32.7,56.1,46.9,60,0
2026-10-14T05:32:00,28.4,55.3,47.0,61,0
2026-10-14T05:33:00,28.7,54.4,47.0,65,1
2026-10-14T05:34:00,29.7,53.9,47.0,66,1
2026-10-14T05:35:00,32.5,53.2,47.2,53,0
2026-10-14T05:36:00,30.0,55.2,47.0,71,0
2026-10-14T05:37:00,27.8,54.7,47.1,67,1
2026-10-14T05:38:00,29.3,53.9,47.0,59,1
2026-10-14T05:39:00,30.6,53.8,47.1,56,1
2026-10-14T05:40:00,28.5,52.9,46.9,60,0
2026-10-14T05:41:00,31.5,56.0,47.1,51,0
2026-10-14T05:42:00,27.7,55.2,46.9,69,0
2026-10-14T05:43:00,34.5,54.7,47.0,68,0
2026-10-14T05:44:00,31.7,56.0,47.1,54,0
2026-10-14T05:45:00,27.3,54.1,47.1,62,2
2026-10-14T05:46:00,34.5,54.4,46.9,58,1
2026-10-14T05:47:00,32.0,54.4,47.0,59,0
2026-10-14T05:48:00,32.5,54.5,46.7,62,1
2026-10-14T05:49:00,31.5,55.6,47.0,71,0
2026-10-14T05:50:00,27.1,55.0,47.0,51,0
2026-10-14T05:51:00,35.2,51.6,47.0,70,0
2026-10-14T05:52:00,32.4,56.0,47.0,62,1
2026-10-14T05:53:00,28.5,54.0,47.0,65,0
2026-10-14T05:54:00,31.5,56.1,47.0,50,0
2026-10-14T05:55:00,30.4,54.6,47.1,47,0
2026-10-14T05:56:00,31.4,55.0,46.8,65,1
2026-10-14T05:57:00,32.5,55.2,47.0,67,2
2026-10-14T05:58:00,32.9,53.7,47.0,55,1
2026-10-14T05:59:00,32.5,56.2,46.7,58,0
2026-10-14T06:00:00,27.8,55.2,46.9,51,0
2026-10-14T06:01:00,33.0,54.4,47.1,54,0
2026-10-14T06:02:00,33.0,53.6,46.9,53,1
2026-10-14T06:03:00,29.2,55.5,47.0,61,0
2026-10-14T06:04:00,28.5,55.4,47.1,69,1
2026-10-14T06:05:00,31.1,55.2,47.1,60,1
2026-10-14T06:06:00,24.1,56.7,47.0,49,3
2026-10-14T06:07:00,31.4,55.6,47.0,63,0
2026-10-14T06:08:00,29.4,52.1,46.9,50,2
2026-10-14T06:09:00,28.1,55.0,47.0,67,0
2026-10-14T06:10:00,31.2,54.1,46.8,65,1
2026-10-14T06:11:00,28.3,55.5,47.1,63,2
2026-10-14T06:12:00,30.8,56.0,46.9,64,0
2026-10-14T06:13:00,38.6,53.7,47.0,61,0
2026-10-14T06:14:00,32.7,56.1,47.0,61,0
2026-10-14T06:15:00,31.6,54.1,47.1,60,0
2026-10-14T06:16:00,32.1,55.3,46.9,51,1
2026-10-14T06:17:00,27.2,54.9,47.0,50,0
2026-10-14T06:18:00,29.6,54.5,46.9,61,1
2026-10-14T06:19:00,31.8,55.8,47.1,74,1
2026-10-14T06:20:00,34.6,54.8,46.8,47,0
2026-10-14T06:21:00,33.9,52.0,47.1,61,0
2026-10-14T06:22:00,30.5,56.0,46.9,52,1
2026-10-14T06:23:00,32.4,56.2,47.0,59,0
2026-10-14T06:24:00,27.7,54.2,47.1,58,0
2026-10-14T06:25:00,27.1,55.0,46.9,60,1
2026-10-14T06:26:00,29.1,53.5,46.9,59,0
2026-10-14T06:27:00,35.0,54.6,47.1,60,0
2026-10-14T06:28:00,31.4,53.1,46.9,59,0
2026-10-14T06:29:00,27.5,55.3,46.8,60,1
2026-10-14T06:30:00,28.1,53.2,47.2,58,0
2026-10-14T06:31:00,31.5,53.2,47.3,62,1
2026-10-14T06:32:00,33.5,56.0,47.0,60,0
2026-10-14T06:33:00,28.6,54.7,47.0,58,0
2026-10-14T06:34:00,31.2,52.1,47.0,62,0
2026-10-14T06:35:00,29.2,55.4,46.9,60,0
2026-10-14T06:36:00,28.4,55.5,46.9,65,1
2026-10-14T06:37:00,28.9,54.7,47.0,62,1
2026-10-14T06:38:00,30.9,56.1,47.1,55,0
2026-10-14T06:39:00,34.6,55.7,46.9,63,1
2026-10-14T06:40:00,31.1,55.4,47.0,61,0
2026-10-14T06:41:00,27.7,53.8,47.0,62,1
2026-10-14T06:42:00,30.7,55.2,47.0,60,1
2026-10-14T06:43:00,31.2,56.9,47.1,67,1
2026-10-14T06:44:00,30.8,56.0,46.9,68,0
2026-10-14T06:45:00,30.8,55.4,47.0,62,0
2026-10-14T06:46:00,30.5,55.9,46.8,61,0
2026-10-14T06:47:00,27.0,54.2,46.7,58,1
2026-10-14T06:48:00,29.3,55.9,46.9,52,0
2026-10-14T06:49:00,30.6,56.2,47.0,59,1
2026-10-14T06:50:00,27.3,54.3,46.9,62,0
2026-10-14T06:51:00,26.6,54.8,47.2,63,0
2026-10-14T06:52:00,35.0,55.0,46.9,60,0
2026-10-14T06:53:00,29.1,54.8,47.1,59,3
2026-10-14T06:54:00,29.6,54.3,47.0,60,0
2026-10-14T06:55:00,29.9,54.1,47.1,53,0
2026-10-14T06:56:00,25.3,53.9,47.1,66,1
2026-10-14T06:57:00,33.7,54.8,46.9,57,0
2026-10-14T06:58:00,28.5,56.9,47.0,56,0
2026-10-14T06:59:00,28.0,56.4,47.2,66,0
2026-10-14T07:00:00,35.2,54.0,47.1,61,1
2026-10-14T07:01:00,33.5,51.9,47.1,70,0
2026-10-14T07:02:00,35.1,55.8,47.0,61,0
2026-10-14T07:03:00,31.1,56.0,46.9,59,0
2026-10-14T07:04:00,30.0,55.9,47.1,59,0
2026-10-14T07:05:00,34.2,55.8,47.0,53,1
2026-10-14T07:06:00,37.4,54.4,47.3,57,2
2026-10-14T07:07:00,29.5,54.6,46.9,52,1
2026-10-14T07:08:00,33.6,55.7,47.0,61,0
2026-10-14T07:09:00,34.0,54.1,47.0,60,0
2026-10-14T07:10:00,26.0,55.7,47.0,63,0
2026-10-14T07:11:00,35.6,54.8,46.9,69,0
2026-10-14T07:12:00,28.5,55.4,46.9,58,1
2026-10-14T07:13:00,26.7,55.1,47.0,54,0
2026-10-14T07:14:00,30.9,55.1,46.9,58,0
2026-10-14T07:15:00,29.8,52.4,47.1,56,0
2026-10-14T07:16:00,30.5,56.0,46.8,57,0
2026-10-14T07:17:00,33.2,56.8,46.9,64,0
2026-10-14T07:18:00,34.7,53.5,47.0,67,0
2026-10-14T07:19:00,34.0,55.6,47.0,61,1
2026-10-14T07:20:00,29.1,55.5,46.9,48,1
2026-10-14T07:21:00,33.9,55.0,47.0,65,0
2026-10-14T07:22:00,32.6,54.4,47.1,49,1
2026-10-14T07:23:00,28.9,56.1,46.9,56,0
2026-10-14T07:24:00,33.2,56.6,47.0,67,0
2026-10-14T07:25:00,31.7,55.5,47.0,63,2
2026-10-14T07:26:00,34.3,57.1,47.0,63,1
2026-10-14T07:27:00,35.8,53.8,47.0,71,1
2026-10-14T07:28:00,34.0,54.8,47.1,61,1
2026-10-14T07:29:00,29.2,55.9,47.0,64,0
2026-10-14T07:30:00,33.6,53.7,46.8,52,1
2026-10-14T07:31:00,25.7,56.0,47.1,57,0
2026-10-14T07:32:00,36.6,53.4,47.1,47,0
2026-10-14T07:33:00,24.3,55.4,46.9,68,0
2026-10-14T07:34:00,27.8,55.8,46.9,64,1
2026-10-14T07:35:00,29.6,55.8,46.9,61,0
2026-10-14T07:36:00,32.1,55.7,47.0,61,0
2026-10-14T07:37:00,25.4,55.4,47.1,57,0
2026-10-14T07:38:00,30.2,55.9,47.1,57,0
2026-10-14T07:39:00,33.3,55.5,47.1,59,0
2026-10-14T07:40:00,33.8,56.2,47.0,58,0
2026-10-14T07:41:00,28.1,55.7,47.0,59,1
2026-10-14T07:42:00,31.1,53.4,47.1,53,1
2026-10-14T07:43:00,33.9,53.8,46.8,68,1
2026-10-14T07:44:00,29.7,56.1,47.1,58,1
2026-10-14T07:45:00,26.5,54.2,47.0,61,0
2026-10-14T07:46:00,32.9,55.5,46.9,66,1
2026-10-14T07:47:00,31.6,54.0,47.1,59,0
2026-10-14T07:48:00,32.9,55.7,47.0,67,0
2026-10-14T07:49:00,25.3,55.2,47.0,59,3
2026-10-14T07:50:00,30.7,54.9,47.0,67,1
2026-10-14T07:51:00,32.8,53.0,47.0,54,1
2026-10-14T07:52:00,29.7,54.6,46.8,59,0
2026-10-14T07:53:00,29.7,54.9,46.9,55,4
2026-10-14T07:54:00,30.2,56.5,47.0,61,1
2026-10-14T07:55:00,30.2,54.2,47.0,60,1
2026-10-14T07:56:00,33.9,53.3,47.1,72,0
2026-10-14T07:57:00,31.5,55.9,47.0,69,1
2026-10-14T07:58:00,29.3,56.8,47.0,60,0
2026-10-14T07:59:00,27.2,55.1,47.1,61,0
2026-10-14T08:00:00,31.8,55.2,46.9,51,0
2026-10-14T08:01:00,31.3,54.1,47.0,61,0
2026-10-14T08:02:00,29.6,56.2,47.0,60,0
2026-10-14T08:03:00,30.7,54.9,47.0,52,0
2026-10-14T08:04:00,34.1,56.3,47.2,57,2
2026-10-14T08:05:00,33.1,54.9,47.0,72,1
2026-10-14T08:06:00,30.5,54.9,47.0,53,3
2026-10-14T08:07:00,31.8,56.5,46.9,59,1
2026-10-14T08:08:00,31.2,54.2,46.7,58,0
2026-10-14T08:09:00,28.3,54.2,47.0,56,2
2026-10-14T08:10:00,33.3,54.9,47.0,60,0
2026-10-14T08:11:00,34.4,56.2,47.0,61,0
2026-10-14T08:12:00,32.6,56.3,46.9,62,0
2026-10-14T08:13:00,31.4,54.2,47.2,51,0
2026-10-14T08:14:00,26.4,54.5,46.9,53,0
2026-10-14T08:15:00,29.6,54.4,47.0,65,0
2026-10-14T08:16:00,30.4,55.3,47.1,61,1
2026-10-14T08:17:00,31.2,56.7,46.7,66,0
2026-10-14T08:18:00,34.7,54.5,47.0,59,0
2026-10-14T08:19:00,28.4,54.7,46.9,57,0
2026-10-14T08:20:00,33.5,55.4,46.9,56,2
2026-10-14T08:21:00,30.2,54.8,47.0,57,2
2026-10-14T08:22:00,33.4,56.7,47.0,77,1
2026-10-14T08:23:00,30.3,55.4,47.1,51,0
2026-10-14T08:24:00,27.7,54.0,47.1,59,1
2026-10-14T08:25:00,31.6,55.3,46.9,65,1
2026-10-14T08:26:00,27.0,56.1,46.8,55,0
2026-10-14T08:27:00,29.2,55.7,47.0,71,0
2026-10-14T08:28:00,27.1,55.7,47.0,47,0
2026-10-14T08:29:00,30.1,56.2,47.0,70,0
2026-10-14T08:30:00,33.2,54.3,47.1,62,0
2026-10-14T08:31:00,28.9,54.9,47.1,58,0
2026-10-14T08:32:00,25.8,55.6,47.0,59,0
2026-10-14T08:33:00,27.2,55.0,47.0,66,1
2026-10-14T08:34:00,33.6,53.0,47.0,67,0
2026-10-14T08:35:00,29.6,54.5,47.0,55,1
2026-10-14T08:36:00,29.8,54.8,47.1,52,0
2026-10-14T08:37:00,35.9,53.9,47.0,57,1
2026-10-14T08:38:00,24.8,54.9,47.0,71,0
2026-10-14T08:39:00,29.0,54.4,47.0,55,0
2026-10-14T08:40:00,34.5,54.0,46.9,66,0
2026-10-14T08:41:00,30.5,55.0,47.1,60,0
2026-10-14T08:42:00,34.4,58.1,47.2,61,0
2026-10-14T08:43:00,32.0,55.2,46.9,62,1
2026-10-14T08:44:00,28.2,54.7,47.1,57,0
2026-10-14T08:45:00,32.0,54.9,46.8,69,1
2026-10-14T08:46:00,27.4,55.8,47.0,58,0
2026-10-14T08:47:00,34.1,55.6,47.0,61,1
2026-10-14T08:48:00,28.4,56.2,47.1,69,0
2026-10-14T08:49:00,33.2,56.3,47.0,64,1
2026-10-14T08:50:00,30.3,53.8,47.1,58,0
2026-10-14T08:51:00,31.7,55.3,47.0,55,0
2026-10-14T08:52:00,27.4,55.9,46.9,65,2
2026-10-14T08:53:00,32.1,55.6,47.0,46,0
2026-10-14T08:54:00,32.6,54.8,47.1,57,1
2026-10-14T08:55:00,28.5,54.0,47.0,65,2
2026-10-14T08:56:00,30.2,54.5,47.0,53,0
2026-10-14T08:57:00,32.1,56.1,46.9,62,2
2026-10-14T08:58:00,31.7,54.7,46.9,55,0
2026-10-14T08:59:00,34.0,53.4,47.0,44,1
2026-10-14T09:00:00,33.3,55.3,47.0,63,1
2026-10-14T09:01:00,32.1,56.5,47.0,75,1
2026-10-14T09:02:00,31.3,55.4,47.1,58,0
2026-10-14T09:03:00,32.7,54.4,46.9,65,0
2026-10-14T09:04:00,30.9,55.9,47.0,58,0
2026-10-14T09:05:00,26.9,54.3,46.9,58,1
2026-10-14T09:06:00,30.4,57.3,47.0,62,0
2026-10-14T09:07:00,29.2,54.9,46.9,57,0
2026-10-14T09:08:00,27.6,54.4,47.0,71,1
2026-10-14T09:09:00,33.5,55.5,47.0,61,2
2026-10-14T09:10:00,33.0,55.7,47.1,61,0
2026-10-14T09:11:00,28.4,56.2,46.9,52,0
2026-10-14T09:12:00,32.8,55.5,47.2,59,0
2026-10-14T09:13:00,32.7,56.5,46.8,60,1
2026-10-14T09:14:00,28.2,54.8,47.0,43,0
2026-10-14T09:15:00,36.0,53.5,47.0,56,0
2026-10-14T09:16:00,33.0,54.0,46.9,66,0
2026-10-14T09:17:00,31.9,55.4,47.0,53,0
2026-10-14T09:18:00,28.3,56.0,46.9,63,0
2026-10-14T09:19:00,27.8,55.0,47.0,55,0
2026-10-14T09:20:00,32.3,57.6,46.9,61,2
2026-10-14T09:21:00,28.4,54.9,47.0,52,0
2026-10-14T09:22:00,28.7,56.7,47.0,52,2
2026-10-14T09:23:00,28.9,54.7,47.0,61,0
2026-10-14T09:24:00,34.6,55.2,46.9,55,1
2026-10-14T09:25:00,29.3,54.4,46.9,57,0
2026-10-14T09:26:00,35.4,55.9,46.9,49,0
2026-10-14T09:27:00,29.4,53.7,46.9,56,0
2026-10-14T09:28:00,32.5,55.5,46.9,55,0
2026-10-14T09:29:00,29.4,54.0,46.9,48,1
2026-10-14T09:30:00,29.3,56.6,47.0,63,1
2026-10-14T09:31:00,31.6,53.1,47.2,52,0
2026-10-14T09:32:00,24.7,54.4,47.0,59,1
2026-10-14T09:33:00,31.2,53.7,47.0,61,1
2026-10-14T09:34:00,25.8,54.8,47.1,55,0
2026-10-14T09:35:00,27.4,55.0,47.1,58,0
2026-10-14T09:36:00,24.6,56.4,47.0,56,1
2026-10-14T09:37:00,36.0,52.2,47.1,62,0
2026-10-14T09:38:00,32.3,56.0,47.1,55,1
2026-10-14T09:39:00,30.6,56.1,47.1,54,1
2026-10-14T09:40:00,29.2,55.2,47.0,66,0
2026-10-14T09:41:00,28.0,55.4,47.0,56,0
2026-10-14T09:42:00,32.9,54.7,47.0,51,1
2026-10-14T09:43:00,33.9,54.2,47.1,59,0
2026-10-14T09:44:00,30.1,53.9,46.9,45,1
2026-10-14T09:45:00,30.7,55.8,47.0,53,1
2026-10-14T09:46:00,25.9,56.3,46.9,60,1
2026-10-14T09:47:00,31.6,54.2,47.0,64,1
2026-10-14T09:48:00,29.3,54.5,47.0,61,1
2026-10-14T09:49:00,32.5,54.1,47.0,57,1
2026-10-14T09:50:00,30.0,53.9,47.0,57,0
2026-10-14T09:51:00,29.2,56.5,47.2,60,1
2026-10-14T09:52:00,34.8,56.7,47.1,63,1
2026-10-14T09:53:00,29.5,54.1,46.8,67,0
2026-10-14T09:54:00,31.7,55.1,47.1,64,0
2026-10-14T09:55:00,25.0,54.8,47.0,63,0
2026-10-14T09:56:00,30.5,53.7,47.0,54,0
2026-10-14T09:57:00,29.2,55.8,46.8,52,1
2026-10-14T09:58:00,32.9,56.1,47.0,64,0
2026-10-14T09:59:00,31.9,54.8,46.8,67,1
2026-10-14T10:00:00,30.3,53.8,47.1,64,0
2026-10-14T10:01:00,30.2,55.5,46.9,68,0
2026-10-14T10:02:00,29.2,54.5,47.0,72,1
2026-10-14T10:03:00,27.3,54.1,46.8,60,0
2026-10-14T10:04:00,33.9,57.0,47.1,58,1
2026-10-14T10:05:00,29.5,56.3,47.0,55,0
2026-10-14T10:06:00,31.4,55.6,47.0,68,0
2026-10-14T10:07:00,35.0,54.7,47.0,58,0
2026-10-14T10:08:00,27.4,55.2,47.1,65,0
2026-10-14T10:09:00,28.8,55.0,47.0,58,2
2026-10-14T10:10:00,31.3,55.0,47.1,48,1
2026-10-14T10:11:00,28.6,53.3,47.0,56,0
2026-10-14T10:12:00,29.6,55.0,46.7,62,1
2026-10-14T10:13:00,32.9,55.4,47.1,63,2
2026-10-14T10:14:00,29.0,55.6,46.9,68,0
2026-10-14T10:15:00,30.1,54.8,47.0,58,0
2026-10-14T10:16:00,31.9,55.0,47.1,59,2
2026-10-14T10:17:00,29.6,55.1,47.1,56,0
2026-10-14T10:18:00,23.0,54.2,47.0,64,1
2026-10-14T10:19:00,34.1,53.9,46.9,65,1
2026-10-14T10:20:00,30.8,55.8,47.0,57,0
2026-10-14T10:21:00,33.5,54.2,47.3,43,0
2026-10-14T10:22:00,32.8,55.6,47.1,61,0
2026-10-14T10:23:00,31.1,55.1,47.0,63,2
2026-10-14T10:24:00,29.3,55.5,47.0,62,0
2026-10-14T10:25:00,27.4,54.6,46.9,57,2
2026-10-14T10:26:00,31.0,55.0,47.0,65,0
2026-10-14T10:27:00,33.9,54.7,47.0,60,1
2026-10-14T10:28:00,31.2,53.6,47.1,58,0
2026-10-14T10:29:00,28.5,55.7,47.0,67,0
2026-10-14T10:30:00,27.3,55.2,46.9,57,2
2026-10-14T10:31:00,31.1,54.3,47.0,66,0
2026-10-14T10:32:00,33.4,56.3,47.0,72,0
2026-10-14T10:33:00,30.7,54.9,46.9,68,1
2026-10-14T10:34:00,29.6,55.3,47.0,60,0
2026-10-14T10:35:00,33.1,56.6,46.9,55,0
2026-10-14T10:36:00,33.0,54.8,47.1,45,0
2026-10-14T10:37:00,36.2,54.5,47.1,59,0
2026-10-14T10:38:00,29.2,54.2,47.0,61,4
2026-10-14T10:39:00,31.9,55.1,47.0,61,1
2026-10-14T10:40:00,24.7,54.4,46.9,59,0
2026-10-14T10:41:00,30.3,54.6,47.0,60,0
2026-10-14T10:42:00,32.6,53.9,47.1,59,0
2026-10-14T10:43:00,28.6,57.4,47.1,67,0
2026-10-14T10:44:00,33.3,55.1,47.0,67,1
2026-10-14T10:45:00,23.5,56.0,47.0,56,1
2026-10-14T10:46:00,32.6,54.5,47.1,52,0
2026-10-14T10:47:00,32.8,53.7,46.9,61,1
2026-10-14T10:48:00,29.9,56.4,47.0,55,0
2026-10-14T10:49:00,30.0,55.2,47.2,59,1
2026-10-14T10:50:00,31.8,53.5,46.9,56,1
2026-10-14T10:51:00,29.5,55.1,47.2,59,0
2026-10-14T10:52:00,25.3,55.3,47.0,54,0
2026-10-14T10:53:00,37.5,53.8,47.2,50,0
2026-10-14T10:54:00,34.7,54.8,47.0,57,0
2026-10-14T10:55:00,36.1,54.0,47.0,59,1
2026-10-14T10:56:00,30.0,54.1,47.2,60,0
2026-10-14T10:57:00,34.2,55.7,46.9,71,1
2026-10-14T10:58:00,30.0,54.9,47.0,56,1
2026-10-14T10:59:00,35.3,55.1,47.1,57,0
2026-10-14T11:00:00,30.7,54.6,46.9,65,0
2026-10-14T11:01:00,29.8,56.1,47.0,66,0
2026-10-14T11:02:00,32.4,54.9,47.0,64,1
2026-10-14T11:03:00,35.8,55.1,47.1,65,1
2026-10-14T11:04:00,24.9,56.2,47.1,60,1
2026-10-14T11:05:00,29.7,53.7,46.9,55,0
2026-10-14T11:06:00,28.9,56.3,47.0,57,0
2026-10-14T11:07:00,34.2,56.3,47.0,48,0
2026-10-14T11:08:00,31.8,53.6,47.1,59,0
2026-10-14T11:09:00,27.4,55.2,47.0,61,2
2026-10-14T11:10:00,36.8,56.5,47.0,64,0
2026-10-14T11:11:00,32.1,55.7,46.9,59,1
2026-10-14T11:12:00,31.1,56.1,47.1,67,2
2026-10-14T11:13:00,34.3,56.9,46.9,69,2
2026-10-14T11:14:00,31.8,56.5,47.0,60,0
2026-10-14T11:15:00,28.2,56.8,46.9,70,1
2026-10-14T11:16:00,26.4,55.3,47.1,61,2
2026-10-14T11:17:00,30.3,55.8,47.0,66,0
2026-10-14T11:18:00,33.9,55.4,46.9,65,0
2026-10-14T11:19:00,30.4,53.5,47.1,57,1
2026-10-14T11:20:00,28.6,55.2,47.1,50,1
2026-10-14T11:21:00,26.9,55.0,46.8,60,1
2026-10-14T11:22:00,33.4,55.8,47.0,65,0
2026-10-14T11:23:00,30.6,53.4,47.0,63,0
2026-10-14T11:24:00,34.1,53.7,47.0,58,1
2026-10-14T11:25:00,27.0,54.9,46.9,60,2
2026-10-14T11:26:00,26.4,56.3,47.0,57,0
2026-10-14T11:27:00,30.2,53.7,46.8,60,1
2026-10-14T11:28:00,30.7,55.3,46.8,59,0
2026-10-14T11:29:00,33.1,53.7,47.1,63,0
2026-10-14T11:30:00,31.5,55.6,46.9,61,0
2026-10-14T11:31:00,32.8,55.2,46.9,67,0
2026-10-14T11:32:00,27.9,55.8,47.0,52,0
2026-10-14T11:33:00,33.8,54.5,47.2,59,1
2026-10-14T11:34:00,35.1,55.2,47.2,49,0
2026-10-14T11:35:00,25.0,54.9,46.9,61,2
2026-10-14T11:36:00,35.6,53.7,47.0,55,0
2026-10-14T11:37:00,33.1,55.6,47.1,58,0
2026-10-14T11:38:00,30.2,53.3,47.0,55,0
2026-10-14T11:39:00,31.7,55.8,46.9,67,0
2026-10-14T11:40:00,24.0,54.4,47.0,69,0
2026-10-14T11:41:00,32.2,55.6,47.2,56,1
2026-10-14T11:42:00,29.7,53.9,46.9,58,0
2026-10-14T11:43:00,36.3,54.2,47.0,61,0
2026-10-14T11:44:00,29.0,55.9,46.9,61,1
2026-10-14T11:45:00,29.2,55.5,47.0,67,0
2026-10-14T11:46:00,31.1,54.3,47.0,63,0
2026-10-14T11:47:00,29.0,56.2,46.9,52,1
2026-10-14T11:48:00,34.9,54.7,47.1,65,0
2026-10-14T11:49:00,28.1,56.1,47.1,74,2
2026-10-14T11:50:00,36.6,55.1,47.1,56,0
2026-10-14T11:51:00,29.0,54.7,47.1,59,0
2026-10-14T11:52:00,34.2,54.6,46.9,62,0
2026-10-14T11:53:00,31.9,54.0,46.9,51,0
2026-10-14T11:54:00,33.7,55.6,46.9,55,2
2026-10-14T11:55:00,36.1,56.2,47.1,57,0
2026-10-14T11:56:00,30.3,55.4,47.2,59,0
2026-10-14T11:57:00,32.1,54.3,47.1,57,0
2026-10-14T11:58:00,26.7,56.6,46.9,53,1
2026-10-14T11:59:00,32.6,54.2,46.9,69,0
2026-10-14T12:00:00,29.0,54.9,47.0,64,0
2026-10-14T12:01:00,29.7,55.8,47.3,56,1
2026-10-14T12:02:00,31.3,55.6,47.0,61,0
2026-10-14T12:03:00,29.9,56.2,46.9,55,1
2026-10-14T12:04:00,36.5,53.8,46.9,64,0
2026-10-14T12:05:00,30.1,55.1,47.1,58,1
2026-10-14T12:06:00,33.4,56.2,47.1,63,1
2026-10-14T12:07:00,30.0,53.1,47.0,61,0
2026-10-14T12:08:00,33.2,53.6,47.1,62,1
2026-10-14T12:09:00,36.6,54.7,47.1,67,2
2026-10-14T12:10:00,28.8,54.2,46.9,62,2
2026-10-14T12:11:00,31.7,55.4,47.0,59,0
2026-10-14T12:12:00,32.4,53.4,46.9,53,0
2026-10-14T12:13:00,33.6,54.6,47.0,68,0
2026-10-14T12:14:00,32.1,54.8,47.1,72,0
2026-10-14T12:15:00,29.6,54.4,46.8,59,1
2026-10-14T12:16:00,33.4,54.7,46.9,57,1
2026-10-14T12:17:00,29.2,56.0,47.1,63,1
2026-10-14T12:18:00,32.1,55.2,46.9,54,2
2026-10-14T12:19:00,33.2,55.3,46.9,61,0
2026-10-14T12:20:00,30.4,54.7,47.0,65,2
2026-10-14T12:21:00,36.2,56.0,47.2,53,2
2026-10-14T12:22:00,27.8,55.6,47.3,68,0
2026-10-14T12:23:00,38.8,57.1,47.0,68,0
2026-10-14T12:24:00,26.6,54.6,47.3,57,1
2026-10-14T12:25:00,26.6,54.0,47.0,64,1
2026-10-14T12:26:00,34.4,53.7,46.9,66,0
2026-10-14T12:27:00,34.9,54.4,47.0,46,0
2026-10-14T12:28:00,31.2,56.1,46.8,59,1
2026-10-14T12:29:00,30.7,55.4,47.0,61,2
2026-10-14T12:30:00,36.1,54.1,47.0,61,0
2026-10-14T12:31:00,34.0,55.7,47.2,54,1
2026-10-14T12:32:00,32.9,55.7,47.0,66,1
2026-10-14T12:33:00,31.6,55.1,46.9,56,0
2026-10-14T12:34:00,29.8,55.8,47.0,68,0
2026-10-14T12:35:00,31.7,54.5,47.1,63,2
2026-10-14T12:36:00,33.9,57.2,47.0,58,0
2026-10-14T12:37:00,33.5,56.8,47.2,54,0
2026-10-14T12:38:00,34.0,55.4,47.2,68,1
2026-10-14T12:39:00,28.8,54.7,47.0,67,1
2026-10-14T12:40:00,29.3,53.5,46.9,62,0
2026-10-14T12:41:00,28.9,55.1,46.8,62,0
2026-10-14T12:42:00,33.7,54.6,46.9,59,0
2026-10-14T12:43:00,27.6,55.8,47.0,53,0
2026-10-14T12:44:00,29.7,54.8,47.0,56,1
2026-10-14T12:45:00,31.9,54.5,47.2,68,0
2026-10-14T12:46:00,28.0,55.1,47.0,53,0
2026-10-14T12:47:00,32.2,54.3,47.0,62,0
2026-10-14T12:48:00,33.5,56.5,47.1,50,1
2026-10-14T12:49:00,30.7,57.6,46.9,68,2
2026-10-14T12:50:00,31.4,53.6,47.0,62,0
2026-10-14T12:51:00,34.8,54.8,47.2,58,0
2026-10-14T12:52:00,29.9,55.0,46.9,61,2
2026-10-14T12:53:00,32.2,55.3,47.1,54,0
2026-10-14T12:54:00,32.9,55.2,46.9,55,0
2026-10-14T12:55:00,32.8,55.7,47.1,59,0
2026-10-14T12:56:00,28.7,54.6,46.9,51,0
2026-10-14T12:57:00,33.1,55.9,46.9,54,0
2026-10-14T12:58:00,29.1,55.4,47.0,65,0
2026-10-14T12:59:00,28.4,55.7,47.0,56,1
2026-10-14T13:00:00,31.2,54.4,46.9,62,0
2026-10-14T13:01:00,32.4,55.1,47.0,50,1
2026-10-14T13:02:00,30.6,56.8,47.0,63,0
2026-10-14T13:03:00,30.7,53.9,46.9,67,0
2026-10-14T13:04:00,34.3,56.5,46.9,57,2
2026-10-14T13:05:00,36.1,55.0,47.0,54,1
2026-10-14T13:06:00,27.2,55.4,46.9,67,0
2026-10-14T13:07:00,24.2,54.7,46.9,65,0
2026-10-14T13:08:00,32.7,55.1,47.0,58,2
2026-10-14T13:09:00,28.4,54.2,46.9,59,0
2026-10-14T13:10:00,31.9,56.4,47.0,50,2
2026-10-14T13:11:00,32.8,55.1,47.1,55,0
2026-10-14T13:12:00,28.8,55.0,47.1,51,0
2026-10-14T13:13:00,31.8,55.2,47.1,56,0
2026-10-14T13:14:00,31.2,54.1,47.1,66,0
2026-10-14T13:15:00,30.1,55.0,47.0,63,1
2026-10-14T13:16:00,32.5,53.4,46.9,63,0
2026-10-14T13:17:00,28.9,55.2,46.9,53,0
2026-10-14T13:18:00,32.8,53.7,47.0,53,1
2026-10-14T13:19:00,32.2,56.1,47.1,66,1
2026-10-14T13:20:00,36.6,55.4,46.9,55,0
2026-10-14T13:21:00,28.2,53.4,46.9,66,0
2026-10-14T13:22:00,34.4,52.7,47.1,63,0
2026-10-14T13:23:00,29.3,55.1,47.1,59,1
2026-10-14T13:24:00,28.6,53.7,46.8,58,1
2026-10-14T13:25:00,35.2,57.3,47.1,60,0
2026-10-14T13:26:00,32.0,54.5,47.2,70,1
2026-10-14T13:27:00,33.7,55.1,46.9,58,0
2026-10-14T13:28:00,32.8,53.6,46.8,61,2
2026-10-14T13:29:00,27.6,55.4,46.9,58,2
2026-10-14T13:30:00,29.9,54.3,47.0,63,3
2026-10-14T13:31:00,32.4,55.6,46.9,64,0
2026-10-14T13:32:00,31.9,54.3,47.0,56,3
2026-10-14T13:33:00,29.8,55.6,47.0,54,1
2026-10-14T13:34:00,29.7,55.6,46.9,70,1
2026-10-14T13:35:00,30.3,54.7,47.0,61,1
2026-10-14T13:36:00,25.7,55.4,47.0,57,3
2026-10-14T13:37:00,32.1,54.7,47.0,54,0
2026-10-14T13:38:00,32.4,54.1,47.1,59,0
2026-10-14T13:39:00,36.6,54.9,47.0,59,1
2026-10-14T13:40:00,27.5,55.6,47.1,67,0
2026-10-14T13:41:00,32.8,54.3,47.0,67,0
2026-10-14T13:42:00,31.5,53.8,47.2,58,0
2026-10-14T13:43:00,31.8,56.2,46.9,61,0
2026-10-14T13:44:00,33.6,54.0,47.1,49,0
2026-10-14T13:45:00,33.3,56.6,47.2,64,0
2026-10-14T13:46:00,28.9,56.5,46.8,62,0
2026-10-14T13:47:00,30.3,55.9,46.9,60,0
2026-10-14T13:48:00,32.5,55.7,46.9,55,0
2026-10-14T13:49:00,30.8,55.6,46.8,64,2
2026-10-14T13:50:00,29.9,56.7,47.1,71,1
2026-10-14T13:51:00,34.5,55.4,46.8,58,1
2026-10-14T13:52:00,31.9,55.3,46.8,58,0
2026-10-14T13:53:00,31.4,56.8,47.0,58,0
2026-10-14T13:54:00,26.9,56.3,47.0,52,0
2026-10-14T13:55:00,35.0,55.4,47.1,53,0
2026-10-14T13:56:00,29.8,55.7,47.1,70,0
2026-10-14T13:57:00,28.9,56.0,47.0,58,0
2026-10-14T13:58:00,33.5,53.7,46.9,57,0
2026-10-14T13:59:00,30.8,54.2,47.1,56,1
2026-10-14T14:00:00,28.4,54.2,46.9,52,1
2026-10-14T14:01:00,29.6,54.1,47.0,56,0
2026-10-14T14:02:00,36.7,54.5,47.1,65,1
2026-10-14T14:03:00,31.3,54.5,47.0,59,0
2026-10-14T14:04:00,31.8,55.9,47.1,50,0
2026-10-14T14:05:00,33.0,56.0,46.9,53,1
2026-10-14T14:06:00,35.3,53.9,46.9,53,0
2026-10-14T14:07:00,28.5,56.2,47.1,61,1
2026-10-14T14:08:00,30.0,55.4,47.2,63,1
2026-10-14T14:09:00,29.3,55.3,47.1,58,2
2026-10-14T14:10:00,29.4,54.3,46.9,59,0
2026-10-14T14:11:00,32.5,55.1,47.0,56,0
2026-10-14T14:12:00,30.3,55.7,46.9,66,1
2026-10-14T14:13:00,30.1,54.3,47.1,60,1
2026-10-14T14:14:00,31.9,53.1,47.1,61,0
2026-10-14T14:15:00,29.5,55.2,47.1,58,0
2026-10-14T14:16:00,30.6,55.4,47.1,68,1
2026-10-14T14:17:00,30.5,55.4,47.1,66,0
2026-10-14T14:18:00,31.3,55.2,47.1,63,0
2026-10-14T14:19:00,30.9,54.3,46.9,58,1
2026-10-14T14:20:00,30.1,55.3,47.2,58,0
2026-10-14T14:21:00,30.8,53.7,46.9,62,0
2026-10-14T14:22:00,34.1,56.7,46.9,63,0
2026-10-14T14:23:00,30.5,55.8,47.0,70,0
2026-10-14T14:24:00,35.4,54.8,47.1,71,0
2026-10-14T14:25:00,30.9,55.3,47.1,70,1
2026-10-14T14:26:00,33.3,55.8,47.0,64,2
2026-10-14T14:27:00,36.3,53.4,47.0,66,0
2026-10-14T14:28:00,32.5,55.6,47.0,59,0
2026-10-14T14:29:00,31.2,54.3,47.0,64,0
2026-10-14T14:30:00,31.3,55.4,47.0,52,0
2026-10-14T14:31:00,36.1,55.7,46.9,60,0
2026-10-14T14:32:00,31.3,54.2,47.2,60,1
2026-10-14T14:33:00,34.7,55.3,47.1,54,0
2026-10-14T14:34:00,32.0,55.3,47.3,54,0
2026-10-14T14:35:00,32.5,54.9,46.9,67,3
2026-10-14T14:36:00,35.0,56.2,47.1,68,1
2026-10-14T14:37:00,25.8,54.5,47.1,59,0
2026-10-14T14:38:00,33.3,55.0,46.9,61,0
2026-10-14T14:39:00,27.3,54.7,47.2,58,0
2026-10-14T14:40:00,28.0,55.1,47.1,63,0
2026-10-14T14:41:00,32.2,54.8,46.8,68,0
2026-10-14T14:42:00,32.1,53.8,47.1,60,0
2026-10-14T14:43:00,25.3,55.9,47.2,63,0
2026-10-14T14:44:00,33.0,54.9,46.9,57,0
2026-10-14T14:45:00,29.1,56.2,46.9,59,0
2026-10-14T14:46:00,31.6,54.0,46.9,61,1
2026-10-14T14:47:00,32.5,53.8,46.9,66,1
2026-10-14T14:48:00,23.5,55.8,47.0,53,1
2026-10-14T14:49:00,34.5,55.5,47.0,66,0
2026-10-14T14:50:00,31.7,55.0,46.9,65,1
2026-10-14T14:51:00,35.0,56.9,47.1,57,1
2026-10-14T14:52:00,30.1,58.6,47.0,83,1
2026-10-14T14:53:00,29.1,59.7,46.8,86,0
2026-10-14T14:54:00,29.5,61.4,47.1,97,4
2026-10-14T14:55:00,29.3,65.6,47.0,103,5
2026-10-14T14:56:00,32.1,65.3,47.0,100,4
2026-10-14T14:57:00,29.4,67.6,46.9,114,3
2026-10-14T14:58:00,32.6,68.9,47.1,129,6
2026-10-14T14:59:00,38.4,69.6,46.9,139,5
2026-10-14T15:00:00,34.6,73.1,47.0,146,5
2026-10-14T15:01:00,33.7,75.1,46.9,146,5
2026-10-14T15:02:00,37.9,76.7,47.1,145,11
2026-10-14T15:03:00,38.2,77.4,47.0,153,9
2026-10-14T15:04:00,35.1,80.5,46.9,185,9
2026-10-14T15:05:00,35.0,83.2,47.0,188,13
2026-10-14T15:06:00,34.8,84.0,47.1,196,13
2026-10-14T15:07:00,38.0,85.4,47.0,202,19
2026-10-14T15:08:00,35.5,87.6,46.9,217,9
2026-10-14T15:09:00,39.7,88.8,47.2,218,16
2026-10-14T15:10:00,38.0,91.3,47.1,224,16
2026-10-14T15:11:00,37.4,94.5,46.8,236,13
2026-10-14T15:12:00,37.7,95.8,47.0,246,12
2026-10-14T15:13:00,39.9,95.0,47.0,249,14
2026-10-14T15:14:00,29.6,52.5,47.0,66,2
2026-10-14T15:15:00,26.4,55.8,47.1,60,1
2026-10-14T15:16:00,34.6,54.3,47.1,55,1
2026-10-14T15:17:00,31.9,55.4,46.9,64,0
2026-10-14T15:18:00,33.4,57.5,47.2,60,0
2026-10-14T15:19:00,31.1,55.1,47.1,59,1
2026-10-14T15:20:00,34.4,55.6,47.1,66,0
2026-10-14T15:21:00,32.8,55.4,47.1,63,4
2026-10-14T15:22:00,27.6,54.3,46.9,58,0
2026-10-14T15:23:00,31.4,56.4,46.9,63,0
2026-10-14T15:24:00,23.1,53.8,47.1,54,0
2026-10-14T15:25:00,31.2,53.4,46.9,60,0
2026-10-14T15:26:00,28.6,54.6,47.1,61,0
2026-10-14T15:27:00,31.8,55.3,46.9,54,1
2026-10-14T15:28:00,25.1,56.0,47.1,61,0
2026-10-14T15:29:00,34.1,55.2,47.2,66,0
2026-10-14T15:30:00,31.4,55.2,47.0,58,1
2026-10-14T15:31:00,34.6,55.3,46.8,62,1
2026-10-14T15:32:00,31.3,56.2,46.9,65,0
2026-10-14T15:33:00,33.4,56.3,47.0,50,0
2026-10-14T15:34:00,25.9,55.9,47.1,58,0
2026-10-14T15:35:00,33.9,55.0,47.0,59,0
2026-10-14T15:36:00,30.5,54.8,47.0,56,0
2026-10-14T15:37:00,33.4,56.6,47.2,58,0
2026-10-14T15:38:00,35.3,55.6,46.8,65,1
2026-10-14T15:39:00,36.0,54.3,47.1,58,0
2026-10-14T15:40:00,28.0,56.8,47.1,56,1
2026-10-14T15:41:00,27.6,55.0,46.9,58,0
2026-10-14T15:42:00,34.1,55.6,46.9,55,0
2026-10-14T15:43:00,27.1,56.4,47.0,57,1
2026-10-14T15:44:00,28.1,55.4,47.0,67,0
2026-10-14T15:45:00,31.7,54.3,47.0,57,1
2026-10-14T15:46:00,30.8,56.3,47.1,53,0
2026-10-14T15:47:00,28.7,53.0,47.1,62,0
2026-10-14T15:48:00,30.0,55.6,47.1,72,0
2026-10-14T15:49:00,30.1,55.3,47.0,60,1
2026-10-14T15:50:00,32.9,55.2,47.0,71,0
2026-10-14T15:51:00,27.9,52.8,47.0,62,0
2026-10-14T15:52:00,29.5,55.1,46.8,71,2
2026-10-14T15:53:00,27.6,56.2,47.0,56,0
2026-10-14T15:54:00,31.1,55.6,47.0,52,0
2026-10-14T15:55:00,32.6,56.5,46.9,57,0
2026-10-14T15:56:00,33.3,56.0,46.9,68,0
2026-10-14T15:57:00,32.4,55.3,47.0,68,0
2026-10-14T15:58:00,33.8,55.4,47.0,55,1
2026-10-14T15:59:00,30.7,56.2,47.1,54,1
2026-10-14T16:00:00,35.8,55.7,47.0,56,0
2026-10-14T16:01:00,40.0,55.0,47.0,78,1
2026-10-14T16:02:00,39.1,55.5,46.9,100,2
2026-10-14T16:03:00,47.5,53.7,47.0,125,1
2026-10-14T16:04:00,58.7,55.9,47.0,145,4
2026-10-14T16:05:00,50.9,56.5,47.0,134,8
2026-10-14T16:06:00,52.2,53.6,46.9,158,2
2026-10-14T16:07:00,54.1,54.0,46.9,160,2
2026-10-14T16:08:00,55.4,55.0,47.0,162,3
2026-10-14T16:09:00,56.5,53.6,47.1,137,4
2026-10-14T16:10:00,50.9,56.6,47.0,144,3
2026-10-14T16:11:00,49.9,53.8,46.8,138,4
2026-10-14T16:12:00,27.9,55.9,47.0,48,2
2026-10-14T16:13:00,34.5,55.7,47.0,47,0
2026-10-14T16:14:00,28.2,55.9,46.9,58,1
2026-10-14T16:15:00,31.5,54.4,47.1,52,1
2026-10-14T16:16:00,29.9,55.1,47.0,62,0
2026-10-14T16:17:00,29.9,54.3,46.9,60,0
2026-10-14T16:18:00,33.7,54.8,47.0,59,1
2026-10-14T16:19:00,29.1,54.6,47.1,75,0
